timestamp,bin_id,lat,lon,waste_type,fill_level
2025-01-01 00:00:00,0,16.049349,108.232447,paper,0
2025-01-01 00:00:00,1,16.051655,108.24612,paper,4
2025-01-01 00:00:00,2,16.07394,108.200535,plastic,1
2025-01-01 00:00:00,3,16.075408,108.210351,plastic,18
2025-01-01 00:00:00,4,16.052504,108.231602,metal,12
2025-01-01 00:00:00,5,16.060616,108.222433,organic,3
2025-01-01 00:00:00,6,16.051045,108.230157,organic,15
2025-01-01 00:00:00,7,16.061203,108.245478,paper,8
2025-01-01 00:00:00,8,16.060947,108.242048,organic,13
2025-01-01 00:00:00,9,16.076918,108.240417,metal,7
2025-01-01 00:00:00,10,16.050022,108.229231,paper,3
2025-01-01 00:00:00,11,16.072936,108.228415,plastic,2
2025-01-01 00:00:00,12,16.075616,108.243493,organic,8
2025-01-01 00:00:00,13,16.060528,108.241418,paper,16
2025-01-01 00:00:00,14,16.048051,108.222369,organic,13
2025-01-01 00:00:00,15,16.078301,108.209883,plastic,16
2025-01-01 00:00:00,16,16.073661,108.207305,metal,9
2025-01-01 00:00:00,17,16.061932,108.205372,organic,6
2025-01-01 00:00:00,18,16.049558,108.232641,metal,18
2025-01-01 00:00:00,19,16.040552,108.234367,metal,16
2025-01-01 00:00:00,20,16.040558,108.202618,metal,15
2025-01-01 00:00:00,21,16.040312,108.21319,metal,20
2025-01-01 00:00:00,22,16.053302,108.206434,plastic,2
2025-01-01 00:00:00,23,16.066687,108.24606,metal,16
2025-01-01 00:00:00,24,16.075745,108.212543,metal,3
2025-01-01 00:00:00,25,16.069915,108.229101,organic,4
2025-01-01 00:00:00,26,16.054459,108.233217,plastic,17
2025-01-01 00:00:00,27,16.073476,108.207721,paper,6
2025-01-01 00:00:00,28,16.062903,108.218438,organic,15
2025-01-01 00:00:00,29,16.053285,108.243371,metal,14
2025-01-01 00:00:00,30,16.063499,108.229964,organic,9
2025-01-01 00:00:00,31,16.066972,108.218299,plastic,1
2025-01-01 00:00:00,32,16.070944,108.231319,metal,1
2025-01-01 00:00:00,33,16.076459,108.233761,paper,16
2025-01-01 00:00:00,34,16.072907,108.246755,plastic,8
2025-01-01 00:00:00,35,16.045375,108.22192,metal,19
2025-01-01 00:00:00,36,16.060902,108.22837,paper,15
2025-01-01 00:00:00,37,16.07822,108.209445,organic,7
2025-01-01 00:00:00,38,16.047819,108.246602,metal,3
2025-01-01 00:00:00,39,16.078971,108.204843,paper,12
2025-01-01 00:00:00,40,16.056528,108.249324,plastic,8
2025-01-01 00:00:00,41,16.047893,108.202008,plastic,15
2025-01-01 00:00:00,42,16.077701,108.249977,metal,5
2025-01-01 00:00:00,43,16.051199,108.201983,paper,19
2025-01-01 00:00:00,44,16.068533,108.233936,metal,8
2025-01-01 00:00:00,45,16.045424,108.204301,metal,3
2025-01-01 00:00:00,46,16.054592,108.243394,paper,12
2025-01-01 00:00:00,47,16.063694,108.20329,organic,7
2025-01-01 00:00:00,48,16.077311,108.241461,plastic,17
2025-01-01 00:00:00,49,16.062219,108.22665,paper,5
2025-01-01 06:00:00,0,16.049349,108.232447,paper,24
2025-01-01 06:00:00,1,16.051655,108.24612,paper,12
2025-01-01 06:00:00,2,16.07394,108.200535,plastic,5
2025-01-01 06:00:00,3,16.075408,108.210351,plastic,21
2025-01-01 06:00:00,4,16.052504,108.231602,metal,6
2025-01-01 06:00:00,5,16.060616,108.222433,organic,22
2025-01-01 06:00:00,6,16.051045,108.230157,organic,12
2025-01-01 06:00:00,7,16.061203,108.245478,paper,7
2025-01-01 06:00:00,8,16.060947,108.242048,organic,18
2025-01-01 06:00:00,9,16.076918,108.240417,metal,12
2025-01-01 06:00:00,10,16.050022,108.229231,paper,18
2025-01-01 06:00:00,11,16.072936,108.228415,plastic,15
2025-01-01 06:00:00,12,16.075616,108.243493,organic,12
2025-01-01 06:00:00,13,16.060528,108.241418,paper,20
2025-01-01 06:00:00,14,16.048051,108.222369,organic,7
2025-01-01 06:00:00,15,16.078301,108.209883,plastic,5
2025-01-01 06:00:00,16,16.073661,108.207305,metal,24
2025-01-01 06:00:00,17,16.061932,108.205372,organic,6
2025-01-01 06:00:00,18,16.049558,108.232641,metal,15
2025-01-01 06:00:00,19,16.040552,108.234367,metal,5
2025-01-01 06:00:00,20,16.040558,108.202618,metal,5
2025-01-01 06:00:00,21,16.040312,108.21319,metal,5
2025-01-01 06:00:00,22,16.053302,108.206434,plastic,12
2025-01-01 06:00:00,23,16.066687,108.24606,metal,18
2025-01-01 06:00:00,24,16.075745,108.212543,metal,16
2025-01-01 06:00:00,25,16.069915,108.229101,organic,21
2025-01-01 06:00:00,26,16.054459,108.233217,plastic,16
2025-01-01 06:00:00,27,16.073476,108.207721,paper,18
2025-01-01 06:00:00,28,16.062903,108.218438,organic,19
2025-01-01 06:00:00,29,16.053285,108.243371,metal,22
2025-01-01 06:00:00,30,16.063499,108.229964,organic,8
2025-01-01 06:00:00,31,16.066972,108.218299,plastic,24
2025-01-01 06:00:00,32,16.070944,108.231319,metal,5
2025-01-01 06:00:00,33,16.076459,108.233761,paper,14
2025-01-01 06:00:00,34,16.072907,108.246755,plastic,15
2025-01-01 06:00:00,35,16.045375,108.22192,metal,7
2025-01-01 06:00:00,36,16.060902,108.22837,paper,13
2025-01-01 06:00:00,37,16.07822,108.209445,organic,16
2025-01-01 06:00:00,38,16.047819,108.246602,metal,16
2025-01-01 06:00:00,39,16.078971,108.204843,paper,21
2025-01-01 06:00:00,40,16.056528,108.249324,plastic,16
2025-01-01 06:00:00,41,16.047893,108.202008,plastic,10
2025-01-01 06:00:00,42,16.077701,108.249977,metal,14
2025-01-01 06:00:00,43,16.051199,108.201983,paper,20
2025-01-01 06:00:00,44,16.068533,108.233936,metal,14
2025-01-01 06:00:00,45,16.045424,108.204301,metal,12
2025-01-01 06:00:00,46,16.054592,108.243394,paper,10
2025-01-01 06:00:00,47,16.063694,108.20329,organic,8
2025-01-01 06:00:00,48,16.077311,108.241461,plastic,16
2025-01-01 06:00:00,49,16.062219,108.22665,paper,22
2025-01-01 12:00:00,0,16.049349,108.232447,paper,18
2025-01-01 12:00:00,1,16.051655,108.24612,paper,29
2025-01-01 12:00:00,2,16.07394,108.200535,plastic,25
2025-01-01 12:00:00,3,16.075408,108.210351,plastic,10
2025-01-01 12:00:00,4,16.052504,108.231602,metal,14
2025-01-01 12:00:00,5,16.060616,108.222433,organic,19
2025-01-01 12:00:00,6,16.051045,108.230157,organic,29
2025-01-01 12:00:00,7,16.061203,108.245478,paper,28
2025-01-01 12:00:00,8,16.060947,108.242048,organic,15
2025-01-01 12:00:00,9,16.076918,108.240417,metal,30
2025-01-01 12:00:00,10,16.050022,108.229231,paper,10
2025-01-01 12:00:00,11,16.072936,108.228415,plastic,12
2025-01-01 12:00:00,12,16.075616,108.243493,organic,12
2025-01-01 12:00:00,13,16.060528,108.241418,paper,19
2025-01-01 12:00:00,14,16.048051,108.222369,organic,13
2025-01-01 12:00:00,15,16.078301,108.209883,plastic,26
2025-01-01 12:00:00,16,16.073661,108.207305,metal,11
2025-01-01 12:00:00,17,16.061932,108.205372,organic,15
2025-01-01 12:00:00,18,16.049558,108.232641,metal,18
2025-01-01 12:00:00,19,16.040552,108.234367,metal,30
2025-01-01 12:00:00,20,16.040558,108.202618,metal,15
2025-01-01 12:00:00,21,16.040312,108.21319,metal,16
2025-01-01 12:00:00,22,16.053302,108.206434,plastic,19
2025-01-01 12:00:00,23,16.066687,108.24606,metal,15
2025-01-01 12:00:00,24,16.075745,108.212543,metal,24
2025-01-01 12:00:00,25,16.069915,108.229101,organic,24
2025-01-01 12:00:00,26,16.054459,108.233217,plastic,15
2025-01-01 12:00:00,27,16.073476,108.207721,paper,21
2025-01-01 12:00:00,28,16.062903,108.218438,organic,13
2025-01-01 12:00:00,29,16.053285,108.243371,metal,17
2025-01-01 12:00:00,30,16.063499,108.229964,organic,26
2025-01-01 12:00:00,31,16.066972,108.218299,plastic,16
2025-01-01 12:00:00,32,16.070944,108.231319,metal,27
2025-01-01 12:00:00,33,16.076459,108.233761,paper,21
2025-01-01 12:00:00,34,16.072907,108.246755,plastic,26
2025-01-01 12:00:00,35,16.045375,108.22192,metal,20
2025-01-01 12:00:00,36,16.060902,108.22837,paper,21
2025-01-01 12:00:00,37,16.07822,108.209445,organic,13
2025-01-01 12:00:00,38,16.047819,108.246602,metal,12
2025-01-01 12:00:00,39,16.078971,108.204843,paper,16
2025-01-01 12:00:00,40,16.056528,108.249324,plastic,15
2025-01-01 12:00:00,41,16.047893,108.202008,plastic,30
2025-01-01 12:00:00,42,16.077701,108.249977,metal,30
2025-01-01 12:00:00,43,16.051199,108.201983,paper,24
2025-01-01 12:00:00,44,16.068533,108.233936,metal,21
2025-01-01 12:00:00,45,16.045424,108.204301,metal,30
2025-01-01 12:00:00,46,16.054592,108.243394,paper,24
2025-01-01 12:00:00,47,16.063694,108.20329,organic,21
2025-01-01 12:00:00,48,16.077311,108.241461,plastic,16
2025-01-01 12:00:00,49,16.062219,108.22665,paper,27
2025-01-01 18:00:00,0,16.049349,108.232447,paper,31
2025-01-01 18:00:00,1,16.051655,108.24612,paper,16
2025-01-01 18:00:00,2,16.07394,108.200535,plastic,21
2025-01-01 18:00:00,3,16.075408,108.210351,plastic,19
2025-01-01 18:00:00,4,16.052504,108.231602,metal,32
2025-01-01 18:00:00,5,16.060616,108.222433,organic,19
2025-01-01 18:00:00,6,16.051045,108.230157,organic,15
2025-01-01 18:00:00,7,16.061203,108.245478,paper,22
2025-01-01 18:00:00,8,16.060947,108.242048,organic,32
2025-01-01 18:00:00,9,16.076918,108.240417,metal,15
2025-01-01 18:00:00,10,16.050022,108.229231,paper,22
2025-01-01 18:00:00,11,16.072936,108.228415,plastic,33
2025-01-01 18:00:00,12,16.075616,108.243493,organic,22
2025-01-01 18:00:00,13,16.060528,108.241418,paper,19
2025-01-01 18:00:00,14,16.048051,108.222369,organic,35
2025-01-01 18:00:00,15,16.078301,108.209883,plastic,34
2025-01-01 18:00:00,16,16.073661,108.207305,metal,26
2025-01-01 18:00:00,17,16.061932,108.205372,organic,27
2025-01-01 18:00:00,18,16.049558,108.232641,metal,15
2025-01-01 18:00:00,19,16.040552,108.234367,metal,31
2025-01-01 18:00:00,20,16.040558,108.202618,metal,32
2025-01-01 18:00:00,21,16.040312,108.21319,metal,15
2025-01-01 18:00:00,22,16.053302,108.206434,plastic,27
2025-01-01 18:00:00,23,16.066687,108.24606,metal,16
2025-01-01 18:00:00,24,16.075745,108.212543,metal,25
2025-01-01 18:00:00,25,16.069915,108.229101,organic,32
2025-01-01 18:00:00,26,16.054459,108.233217,plastic,26
2025-01-01 18:00:00,27,16.073476,108.207721,paper,29
2025-01-01 18:00:00,28,16.062903,108.218438,organic,22
2025-01-01 18:00:00,29,16.053285,108.243371,metal,18
2025-01-01 18:00:00,30,16.063499,108.229964,organic,34
2025-01-01 18:00:00,31,16.066972,108.218299,plastic,25
2025-01-01 18:00:00,32,16.070944,108.231319,metal,23
2025-01-01 18:00:00,33,16.076459,108.233761,paper,33
2025-01-01 18:00:00,34,16.072907,108.246755,plastic,19
2025-01-01 18:00:00,35,16.045375,108.22192,metal,28
2025-01-01 18:00:00,36,16.060902,108.22837,paper,35
2025-01-01 18:00:00,37,16.07822,108.209445,organic,34
2025-01-01 18:00:00,38,16.047819,108.246602,metal,26
2025-01-01 18:00:00,39,16.078971,108.204843,paper,24
2025-01-01 18:00:00,40,16.056528,108.249324,plastic,19
2025-01-01 18:00:00,41,16.047893,108.202008,plastic,27
2025-01-01 18:00:00,42,16.077701,108.249977,metal,25
2025-01-01 18:00:00,43,16.051199,108.201983,paper,20
2025-01-01 18:00:00,44,16.068533,108.233936,metal,24
2025-01-01 18:00:00,45,16.045424,108.204301,metal,32
2025-01-01 18:00:00,46,16.054592,108.243394,paper,30
2025-01-01 18:00:00,47,16.063694,108.20329,organic,31
2025-01-01 18:00:00,48,16.077311,108.241461,plastic,21
2025-01-01 18:00:00,49,16.062219,108.22665,paper,16
2025-01-02 00:00:00,0,16.049349,108.232447,paper,2
2025-01-02 00:00:00,1,16.051655,108.24612,paper,8
2025-01-02 00:00:00,2,16.07394,108.200535,plastic,20
2025-01-02 00:00:00,3,16.075408,108.210351,plastic,12
2025-01-02 00:00:00,4,16.052504,108.231602,metal,18
2025-01-02 00:00:00,5,16.060616,108.222433,organic,6
2025-01-02 00:00:00,6,16.051045,108.230157,organic,13
2025-01-02 00:00:00,7,16.061203,108.245478,paper,13
2025-01-02 00:00:00,8,16.060947,108.242048,organic,4
2025-01-02 00:00:00,9,16.076918,108.240417,metal,20
2025-01-02 00:00:00,10,16.050022,108.229231,paper,22
2025-01-02 00:00:00,11,16.072936,108.228415,plastic,18
2025-01-02 00:00:00,12,16.075616,108.243493,organic,8
2025-01-02 00:00:00,13,16.060528,108.241418,paper,17
2025-01-02 00:00:00,14,16.048051,108.222369,organic,18
2025-01-02 00:00:00,15,16.078301,108.209883,plastic,6
2025-01-02 00:00:00,16,16.073661,108.207305,metal,10
2025-01-02 00:00:00,17,16.061932,108.205372,organic,17
2025-01-02 00:00:00,18,16.049558,108.232641,metal,16
2025-01-02 00:00:00,19,16.040552,108.234367,metal,6
2025-01-02 00:00:00,20,16.040558,108.202618,metal,11
2025-01-02 00:00:00,21,16.040312,108.21319,metal,15
2025-01-02 00:00:00,22,16.053302,108.206434,plastic,3
2025-01-02 00:00:00,23,16.066687,108.24606,metal,8
2025-01-02 00:00:00,24,16.075745,108.212543,metal,19
2025-01-02 00:00:00,25,16.069915,108.229101,organic,11
2025-01-02 00:00:00,26,16.054459,108.233217,plastic,4
2025-01-02 00:00:00,27,16.073476,108.207721,paper,20
2025-01-02 00:00:00,28,16.062903,108.218438,organic,5
2025-01-02 00:00:00,29,16.053285,108.243371,metal,9
2025-01-02 00:00:00,30,16.063499,108.229964,organic,21
2025-01-02 00:00:00,31,16.066972,108.218299,plastic,11
2025-01-02 00:00:00,32,16.070944,108.231319,metal,16
2025-01-02 00:00:00,33,16.076459,108.233761,paper,13
2025-01-02 00:00:00,34,16.072907,108.246755,plastic,15
2025-01-02 00:00:00,35,16.045375,108.22192,metal,17
2025-01-02 00:00:00,36,16.060902,108.22837,paper,6
2025-01-02 00:00:00,37,16.07822,108.209445,organic,3
2025-01-02 00:00:00,38,16.047819,108.246602,metal,22
2025-01-02 00:00:00,39,16.078971,108.204843,paper,8
2025-01-02 00:00:00,40,16.056528,108.249324,plastic,22
2025-01-02 00:00:00,41,16.047893,108.202008,plastic,22
2025-01-02 00:00:00,42,16.077701,108.249977,metal,4
2025-01-02 00:00:00,43,16.051199,108.201983,paper,5
2025-01-02 00:00:00,44,16.068533,108.233936,metal,6
2025-01-02 00:00:00,45,16.045424,108.204301,metal,18
2025-01-02 00:00:00,46,16.054592,108.243394,paper,6
2025-01-02 00:00:00,47,16.063694,108.20329,organic,7
2025-01-02 00:00:00,48,16.077311,108.241461,plastic,12
2025-01-02 00:00:00,49,16.062219,108.22665,paper,6
2025-01-02 06:00:00,0,16.049349,108.232447,paper,9
2025-01-02 06:00:00,1,16.051655,108.24612,paper,16
2025-01-02 06:00:00,2,16.07394,108.200535,plastic,13
2025-01-02 06:00:00,3,16.075408,108.210351,plastic,10
2025-01-02 06:00:00,4,16.052504,108.231602,metal,22
2025-01-02 06:00:00,5,16.060616,108.222433,organic,8
2025-01-02 06:00:00,6,16.051045,108.230157,organic,10
2025-01-02 06:00:00,7,16.061203,108.245478,paper,22
2025-01-02 06:00:00,8,16.060947,108.242048,organic,24
2025-01-02 06:00:00,9,16.076918,108.240417,metal,15
2025-01-02 06:00:00,10,16.050022,108.229231,paper,19
2025-01-02 06:00:00,11,16.072936,108.228415,plastic,17
2025-01-02 06:00:00,12,16.075616,108.243493,organic,22
2025-01-02 06:00:00,13,16.060528,108.241418,paper,11
2025-01-02 06:00:00,14,16.048051,108.222369,organic,21
2025-01-02 06:00:00,15,16.078301,108.209883,plastic,18
2025-01-02 06:00:00,16,16.073661,108.207305,metal,25
2025-01-02 06:00:00,17,16.061932,108.205372,organic,14
2025-01-02 06:00:00,18,16.049558,108.232641,metal,24
2025-01-02 06:00:00,19,16.040552,108.234367,metal,19
2025-01-02 06:00:00,20,16.040558,108.202618,metal,8
2025-01-02 06:00:00,21,16.040312,108.21319,metal,16
2025-01-02 06:00:00,22,16.053302,108.206434,plastic,27
2025-01-02 06:00:00,23,16.066687,108.24606,metal,15
2025-01-02 06:00:00,24,16.075745,108.212543,metal,10
2025-01-02 06:00:00,25,16.069915,108.229101,organic,10
2025-01-02 06:00:00,26,16.054459,108.233217,plastic,23
2025-01-02 06:00:00,27,16.073476,108.207721,paper,13
2025-01-02 06:00:00,28,16.062903,108.218438,organic,26
2025-01-02 06:00:00,29,16.053285,108.243371,metal,11
2025-01-02 06:00:00,30,16.063499,108.229964,organic,14
2025-01-02 06:00:00,31,16.066972,108.218299,plastic,17
2025-01-02 06:00:00,32,16.070944,108.231319,metal,15
2025-01-02 06:00:00,33,16.076459,108.233761,paper,12
2025-01-02 06:00:00,34,16.072907,108.246755,plastic,18
2025-01-02 06:00:00,35,16.045375,108.22192,metal,8
2025-01-02 06:00:00,36,16.060902,108.22837,paper,20
2025-01-02 06:00:00,37,16.07822,108.209445,organic,8
2025-01-02 06:00:00,38,16.047819,108.246602,metal,25
2025-01-02 06:00:00,39,16.078971,108.204843,paper,21
2025-01-02 06:00:00,40,16.056528,108.249324,plastic,19
2025-01-02 06:00:00,41,16.047893,108.202008,plastic,24
2025-01-02 06:00:00,42,16.077701,108.249977,metal,13
2025-01-02 06:00:00,43,16.051199,108.201983,paper,15
2025-01-02 06:00:00,44,16.068533,108.233936,metal,8
2025-01-02 06:00:00,45,16.045424,108.204301,metal,11
2025-01-02 06:00:00,46,16.054592,108.243394,paper,7
2025-01-02 06:00:00,47,16.063694,108.20329,organic,15
2025-01-02 06:00:00,48,16.077311,108.241461,plastic,9
2025-01-02 06:00:00,49,16.062219,108.22665,paper,27
2025-01-02 12:00:00,0,16.049349,108.232447,paper,29
2025-01-02 12:00:00,1,16.051655,108.24612,paper,16
2025-01-02 12:00:00,2,16.07394,108.200535,plastic,24
2025-01-02 12:00:00,3,16.075408,108.210351,plastic,27
2025-01-02 12:00:00,4,16.052504,108.231602,metal,30
2025-01-02 12:00:00,5,16.060616,108.222433,organic,30
2025-01-02 12:00:00,6,16.051045,108.230157,organic,19
2025-01-02 12:00:00,7,16.061203,108.245478,paper,30
2025-01-02 12:00:00,8,16.060947,108.242048,organic,28
2025-01-02 12:00:00,9,16.076918,108.240417,metal,18
2025-01-02 12:00:00,10,16.050022,108.229231,paper,27
2025-01-02 12:00:00,11,16.072936,108.228415,plastic,23
2025-01-02 12:00:00,12,16.075616,108.243493,organic,29
2025-01-02 12:00:00,13,16.060528,108.241418,paper,24
2025-01-02 12:00:00,14,16.048051,108.222369,organic,28
2025-01-02 12:00:00,15,16.078301,108.209883,plastic,15
2025-01-02 12:00:00,16,16.073661,108.207305,metal,22
2025-01-02 12:00:00,17,16.061932,108.205372,organic,22
2025-01-02 12:00:00,18,16.049558,108.232641,metal,27
2025-01-02 12:00:00,19,16.040552,108.234367,metal,24
2025-01-02 12:00:00,20,16.040558,108.202618,metal,14
2025-01-02 12:00:00,21,16.040312,108.21319,metal,31
2025-01-02 12:00:00,22,16.053302,108.206434,plastic,13
2025-01-02 12:00:00,23,16.066687,108.24606,metal,14
2025-01-02 12:00:00,24,16.075745,108.212543,metal,31
2025-01-02 12:00:00,25,16.069915,108.229101,organic,22
2025-01-02 12:00:00,26,16.054459,108.233217,plastic,31
2025-01-02 12:00:00,27,16.073476,108.207721,paper,31
2025-01-02 12:00:00,28,16.062903,108.218438,organic,29
2025-01-02 12:00:00,29,16.053285,108.243371,metal,17
2025-01-02 12:00:00,30,16.063499,108.229964,organic,24
2025-01-02 12:00:00,31,16.066972,108.218299,plastic,20
2025-01-02 12:00:00,32,16.070944,108.231319,metal,30
2025-01-02 12:00:00,33,16.076459,108.233761,paper,30
2025-01-02 12:00:00,34,16.072907,108.246755,plastic,12
2025-01-02 12:00:00,35,16.045375,108.22192,metal,25
2025-01-02 12:00:00,36,16.060902,108.22837,paper,32
2025-01-02 12:00:00,37,16.07822,108.209445,organic,13
2025-01-02 12:00:00,38,16.047819,108.246602,metal,22
2025-01-02 12:00:00,39,16.078971,108.204843,paper,14
2025-01-02 12:00:00,40,16.056528,108.249324,plastic,13
2025-01-02 12:00:00,41,16.047893,108.202008,plastic,29
2025-01-02 12:00:00,42,16.077701,108.249977,metal,19
2025-01-02 12:00:00,43,16.051199,108.201983,paper,29
2025-01-02 12:00:00,44,16.068533,108.233936,metal,24
2025-01-02 12:00:00,45,16.045424,108.204301,metal,18
2025-01-02 12:00:00,46,16.054592,108.243394,paper,25
2025-01-02 12:00:00,47,16.063694,108.20329,organic,22
2025-01-02 12:00:00,48,16.077311,108.241461,plastic,29
2025-01-02 12:00:00,49,16.062219,108.22665,paper,13
2025-01-02 18:00:00,0,16.049349,108.232447,paper,24
2025-01-02 18:00:00,1,16.051655,108.24612,paper,28
2025-01-02 18:00:00,2,16.07394,108.200535,plastic,21
2025-01-02 18:00:00,3,16.075408,108.210351,plastic,36
2025-01-02 18:00:00,4,16.052504,108.231602,metal,17
2025-01-02 18:00:00,5,16.060616,108.222433,organic,29
2025-01-02 18:00:00,6,16.051045,108.230157,organic,27
2025-01-02 18:00:00,7,16.061203,108.245478,paper,30
2025-01-02 18:00:00,8,16.060947,108.242048,organic,26
2025-01-02 18:00:00,9,16.076918,108.240417,metal,37
2025-01-02 18:00:00,10,16.050022,108.229231,paper,33
2025-01-02 18:00:00,11,16.072936,108.228415,plastic,28
2025-01-02 18:00:00,12,16.075616,108.243493,organic,23
2025-01-02 18:00:00,13,16.060528,108.241418,paper,34
2025-01-02 18:00:00,14,16.048051,108.222369,organic,27
2025-01-02 18:00:00,15,16.078301,108.209883,plastic,25
2025-01-02 18:00:00,16,16.073661,108.207305,metal,31
2025-01-02 18:00:00,17,16.061932,108.205372,organic,18
2025-01-02 18:00:00,18,16.049558,108.232641,metal,37
2025-01-02 18:00:00,19,16.040552,108.234367,metal,22
2025-01-02 18:00:00,20,16.040558,108.202618,metal,31
2025-01-02 18:00:00,21,16.040312,108.21319,metal,32
2025-01-02 18:00:00,22,16.053302,108.206434,plastic,22
2025-01-02 18:00:00,23,16.066687,108.24606,metal,19
2025-01-02 18:00:00,24,16.075745,108.212543,metal,22
2025-01-02 18:00:00,25,16.069915,108.229101,organic,25
2025-01-02 18:00:00,26,16.054459,108.233217,plastic,28
2025-01-02 18:00:00,27,16.073476,108.207721,paper,22
2025-01-02 18:00:00,28,16.062903,108.218438,organic,24
2025-01-02 18:00:00,29,16.053285,108.243371,metal,32
2025-01-02 18:00:00,30,16.063499,108.229964,organic,36
2025-01-02 18:00:00,31,16.066972,108.218299,plastic,30
2025-01-02 18:00:00,32,16.070944,108.231319,metal,29
2025-01-02 18:00:00,33,16.076459,108.233761,paper,18
2025-01-02 18:00:00,34,16.072907,108.246755,plastic,22
2025-01-02 18:00:00,35,16.045375,108.22192,metal,26
2025-01-02 18:00:00,36,16.060902,108.22837,paper,31
2025-01-02 18:00:00,37,16.07822,108.209445,organic,31
2025-01-02 18:00:00,38,16.047819,108.246602,metal,29
2025-01-02 18:00:00,39,16.078971,108.204843,paper,28
2025-01-02 18:00:00,40,16.056528,108.249324,plastic,20
2025-01-02 18:00:00,41,16.047893,108.202008,plastic,25
2025-01-02 18:00:00,42,16.077701,108.249977,metal,23
2025-01-02 18:00:00,43,16.051199,108.201983,paper,27
2025-01-02 18:00:00,44,16.068533,108.233936,metal,31
2025-01-02 18:00:00,45,16.045424,108.204301,metal,25
2025-01-02 18:00:00,46,16.054592,108.243394,paper,18
2025-01-02 18:00:00,47,16.063694,108.20329,organic,35
2025-01-02 18:00:00,48,16.077311,108.241461,plastic,33
2025-01-02 18:00:00,49,16.062219,108.22665,paper,24
2025-01-03 00:00:00,0,16.049349,108.232447,paper,7
2025-01-03 00:00:00,1,16.051655,108.24612,paper,21
2025-01-03 00:00:00,2,16.07394,108.200535,plastic,22
2025-01-03 00:00:00,3,16.075408,108.210351,plastic,24
2025-01-03 00:00:00,4,16.052504,108.231602,metal,24
2025-01-03 00:00:00,5,16.060616,108.222433,organic,23
2025-01-03 00:00:00,6,16.051045,108.230157,organic,5
2025-01-03 00:00:00,7,16.061203,108.245478,paper,22
2025-01-03 00:00:00,8,16.060947,108.242048,organic,5
2025-01-03 00:00:00,9,16.076918,108.240417,metal,5
2025-01-03 00:00:00,10,16.050022,108.229231,paper,9
2025-01-03 00:00:00,11,16.072936,108.228415,plastic,5
2025-01-03 00:00:00,12,16.075616,108.243493,organic,15
2025-01-03 00:00:00,13,16.060528,108.241418,paper,14
2025-01-03 00:00:00,14,16.048051,108.222369,organic,23
2025-01-03 00:00:00,15,16.078301,108.209883,plastic,11
2025-01-03 00:00:00,16,16.073661,108.207305,metal,6
2025-01-03 00:00:00,17,16.061932,108.205372,organic,9
2025-01-03 00:00:00,18,16.049558,108.232641,metal,21
2025-01-03 00:00:00,19,16.040552,108.234367,metal,17
2025-01-03 00:00:00,20,16.040558,108.202618,metal,4
2025-01-03 00:00:00,21,16.040312,108.21319,metal,10
2025-01-03 00:00:00,22,16.053302,108.206434,plastic,14
2025-01-03 00:00:00,23,16.066687,108.24606,metal,16
2025-01-03 00:00:00,24,16.075745,108.212543,metal,21
2025-01-03 00:00:00,25,16.069915,108.229101,organic,15
2025-01-03 00:00:00,26,16.054459,108.233217,plastic,7
2025-01-03 00:00:00,27,16.073476,108.207721,paper,16
2025-01-03 00:00:00,28,16.062903,108.218438,organic,10
2025-01-03 00:00:00,29,16.053285,108.243371,metal,15
2025-01-03 00:00:00,30,16.063499,108.229964,organic,12
2025-01-03 00:00:00,31,16.066972,108.218299,plastic,9
2025-01-03 00:00:00,32,16.070944,108.231319,metal,11
2025-01-03 00:00:00,33,16.076459,108.233761,paper,21
2025-01-03 00:00:00,34,16.072907,108.246755,plastic,13
2025-01-03 00:00:00,35,16.045375,108.22192,metal,13
2025-01-03 00:00:00,36,16.060902,108.22837,paper,12
2025-01-03 00:00:00,37,16.07822,108.209445,organic,23
2025-01-03 00:00:00,38,16.047819,108.246602,metal,17
2025-01-03 00:00:00,39,16.078971,108.204843,paper,20
2025-01-03 00:00:00,40,16.056528,108.249324,plastic,22
2025-01-03 00:00:00,41,16.047893,108.202008,plastic,14
2025-01-03 00:00:00,42,16.077701,108.249977,metal,5
2025-01-03 00:00:00,43,16.051199,108.201983,paper,4
2025-01-03 00:00:00,44,16.068533,108.233936,metal,18
2025-01-03 00:00:00,45,16.045424,108.204301,metal,7
2025-01-03 00:00:00,46,16.054592,108.243394,paper,24
2025-01-03 00:00:00,47,16.063694,108.20329,organic,4
2025-01-03 00:00:00,48,16.077311,108.241461,plastic,7
2025-01-03 00:00:00,49,16.062219,108.22665,paper,21
2025-01-03 06:00:00,0,16.049349,108.232447,paper,26
2025-01-03 06:00:00,1,16.051655,108.24612,paper,28
2025-01-03 06:00:00,2,16.07394,108.200535,plastic,15
2025-01-03 06:00:00,3,16.075408,108.210351,plastic,22
2025-01-03 06:00:00,4,16.052504,108.231602,metal,20
2025-01-03 06:00:00,5,16.060616,108.222433,organic,23
2025-01-03 06:00:00,6,16.051045,108.230157,organic,12
2025-01-03 06:00:00,7,16.061203,108.245478,paper,10
2025-01-03 06:00:00,8,16.060947,108.242048,organic,9
2025-01-03 06:00:00,9,16.076918,108.240417,metal,25
2025-01-03 06:00:00,10,16.050022,108.229231,paper,23
2025-01-03 06:00:00,11,16.072936,108.228415,plastic,17
2025-01-03 06:00:00,12,16.075616,108.243493,organic,15
2025-01-03 06:00:00,13,16.060528,108.241418,paper,10
2025-01-03 06:00:00,14,16.048051,108.222369,organic,12
2025-01-03 06:00:00,15,16.078301,108.209883,plastic,24
2025-01-03 06:00:00,16,16.073661,108.207305,metal,22
2025-01-03 06:00:00,17,16.061932,108.205372,organic,15
2025-01-03 06:00:00,18,16.049558,108.232641,metal,16
2025-01-03 06:00:00,19,16.040552,108.234367,metal,22
2025-01-03 06:00:00,20,16.040558,108.202618,metal,29
2025-01-03 06:00:00,21,16.040312,108.21319,metal,9
2025-01-03 06:00:00,22,16.053302,108.206434,plastic,11
2025-01-03 06:00:00,23,16.066687,108.24606,metal,21
2025-01-03 06:00:00,24,16.075745,108.212543,metal,28
2025-01-03 06:00:00,25,16.069915,108.229101,organic,12
2025-01-03 06:00:00,26,16.054459,108.233217,plastic,21
2025-01-03 06:00:00,27,16.073476,108.207721,paper,13
2025-01-03 06:00:00,28,16.062903,108.218438,organic,26
2025-01-03 06:00:00,29,16.053285,108.243371,metal,9
2025-01-03 06:00:00,30,16.063499,108.229964,organic,16
2025-01-03 06:00:00,31,16.066972,108.218299,plastic,9
2025-01-03 06:00:00,32,16.070944,108.231319,metal,22
2025-01-03 06:00:00,33,16.076459,108.233761,paper,12
2025-01-03 06:00:00,34,16.072907,108.246755,plastic,18
2025-01-03 06:00:00,35,16.045375,108.22192,metal,21
2025-01-03 06:00:00,36,16.060902,108.22837,paper,18
2025-01-03 06:00:00,37,16.07822,108.209445,organic,15
2025-01-03 06:00:00,38,16.047819,108.246602,metal,16
2025-01-03 06:00:00,39,16.078971,108.204843,paper,10
2025-01-03 06:00:00,40,16.056528,108.249324,plastic,9
2025-01-03 06:00:00,41,16.047893,108.202008,plastic,29
2025-01-03 06:00:00,42,16.077701,108.249977,metal,21
2025-01-03 06:00:00,43,16.051199,108.201983,paper,22
2025-01-03 06:00:00,44,16.068533,108.233936,metal,27
2025-01-03 06:00:00,45,16.045424,108.204301,metal,24
2025-01-03 06:00:00,46,16.054592,108.243394,paper,21
2025-01-03 06:00:00,47,16.063694,108.20329,organic,24
2025-01-03 06:00:00,48,16.077311,108.241461,plastic,22
2025-01-03 06:00:00,49,16.062219,108.22665,paper,11
2025-01-03 12:00:00,0,16.049349,108.232447,paper,19
2025-01-03 12:00:00,1,16.051655,108.24612,paper,21
2025-01-03 12:00:00,2,16.07394,108.200535,plastic,25
2025-01-03 12:00:00,3,16.075408,108.210351,plastic,30
2025-01-03 12:00:00,4,16.052504,108.231602,metal,19
2025-01-03 12:00:00,5,16.060616,108.222433,organic,25
2025-01-03 12:00:00,6,16.051045,108.230157,organic,34
2025-01-03 12:00:00,7,16.061203,108.245478,paper,19
2025-01-03 12:00:00,8,16.060947,108.242048,organic,30
2025-01-03 12:00:00,9,16.076918,108.240417,metal,30
2025-01-03 12:00:00,10,16.050022,108.229231,paper,16
2025-01-03 12:00:00,11,16.072936,108.228415,plastic,33
2025-01-03 12:00:00,12,16.075616,108.243493,organic,21
2025-01-03 12:00:00,13,16.060528,108.241418,paper,22
2025-01-03 12:00:00,14,16.048051,108.222369,organic,25
2025-01-03 12:00:00,15,16.078301,108.209883,plastic,27
2025-01-03 12:00:00,16,16.073661,108.207305,metal,18
2025-01-03 12:00:00,17,16.061932,108.205372,organic,23
2025-01-03 12:00:00,18,16.049558,108.232641,metal,19
2025-01-03 12:00:00,19,16.040552,108.234367,metal,15
2025-01-03 12:00:00,20,16.040558,108.202618,metal,33
2025-01-03 12:00:00,21,16.040312,108.21319,metal,22
2025-01-03 12:00:00,22,16.053302,108.206434,plastic,21
2025-01-03 12:00:00,23,16.066687,108.24606,metal,34
2025-01-03 12:00:00,24,16.075745,108.212543,metal,33
2025-01-03 12:00:00,25,16.069915,108.229101,organic,25
2025-01-03 12:00:00,26,16.054459,108.233217,plastic,32
2025-01-03 12:00:00,27,16.073476,108.207721,paper,27
2025-01-03 12:00:00,28,16.062903,108.218438,organic,27
2025-01-03 12:00:00,29,16.053285,108.243371,metal,21
2025-01-03 12:00:00,30,16.063499,108.229964,organic,32
2025-01-03 12:00:00,31,16.066972,108.218299,plastic,32
2025-01-03 12:00:00,32,16.070944,108.231319,metal,30
2025-01-03 12:00:00,33,16.076459,108.233761,paper,33
2025-01-03 12:00:00,34,16.072907,108.246755,plastic,22
2025-01-03 12:00:00,35,16.045375,108.22192,metal,30
2025-01-03 12:00:00,36,16.060902,108.22837,paper,27
2025-01-03 12:00:00,37,16.07822,108.209445,organic,34
2025-01-03 12:00:00,38,16.047819,108.246602,metal,32
2025-01-03 12:00:00,39,16.078971,108.204843,paper,21
2025-01-03 12:00:00,40,16.056528,108.249324,plastic,32
2025-01-03 12:00:00,41,16.047893,108.202008,plastic,26
2025-01-03 12:00:00,42,16.077701,108.249977,metal,31
2025-01-03 12:00:00,43,16.051199,108.201983,paper,24
2025-01-03 12:00:00,44,16.068533,108.233936,metal,33
2025-01-03 12:00:00,45,16.045424,108.204301,metal,29
2025-01-03 12:00:00,46,16.054592,108.243394,paper,14
2025-01-03 12:00:00,47,16.063694,108.20329,organic,16
2025-01-03 12:00:00,48,16.077311,108.241461,plastic,30
2025-01-03 12:00:00,49,16.062219,108.22665,paper,18
2025-01-03 18:00:00,0,16.049349,108.232447,paper,36
2025-01-03 18:00:00,1,16.051655,108.24612,paper,34
2025-01-03 18:00:00,2,16.07394,108.200535,plastic,22
2025-01-03 18:00:00,3,16.075408,108.210351,plastic,32
2025-01-03 18:00:00,4,16.052504,108.231602,metal,24
2025-01-03 18:00:00,5,16.060616,108.222433,organic,28
2025-01-03 18:00:00,6,16.051045,108.230157,organic,33
2025-01-03 18:00:00,7,16.061203,108.245478,paper,39
2025-01-03 18:00:00,8,16.060947,108.242048,organic,32
2025-01-03 18:00:00,9,16.076918,108.240417,metal,36
2025-01-03 18:00:00,10,16.050022,108.229231,paper,33
2025-01-03 18:00:00,11,16.072936,108.228415,plastic,34
2025-01-03 18:00:00,12,16.075616,108.243493,organic,31
2025-01-03 18:00:00,13,16.060528,108.241418,paper,31
2025-01-03 18:00:00,14,16.048051,108.222369,organic,39
2025-01-03 18:00:00,15,16.078301,108.209883,plastic,28
2025-01-03 18:00:00,16,16.073661,108.207305,metal,26
2025-01-03 18:00:00,17,16.061932,108.205372,organic,22
2025-01-03 18:00:00,18,16.049558,108.232641,metal,32
2025-01-03 18:00:00,19,16.040552,108.234367,metal,23
2025-01-03 18:00:00,20,16.040558,108.202618,metal,37
2025-01-03 18:00:00,21,16.040312,108.21319,metal,27
2025-01-03 18:00:00,22,16.053302,108.206434,plastic,33
2025-01-03 18:00:00,23,16.066687,108.24606,metal,34
2025-01-03 18:00:00,24,16.075745,108.212543,metal,26
2025-01-03 18:00:00,25,16.069915,108.229101,organic,25
2025-01-03 18:00:00,26,16.054459,108.233217,plastic,21
2025-01-03 18:00:00,27,16.073476,108.207721,paper,24
2025-01-03 18:00:00,28,16.062903,108.218438,organic,19
2025-01-03 18:00:00,29,16.053285,108.243371,metal,19
2025-01-03 18:00:00,30,16.063499,108.229964,organic,26
2025-01-03 18:00:00,31,16.066972,108.218299,plastic,38
2025-01-03 18:00:00,32,16.070944,108.231319,metal,39
2025-01-03 18:00:00,33,16.076459,108.233761,paper,22
2025-01-03 18:00:00,34,16.072907,108.246755,plastic,22
2025-01-03 18:00:00,35,16.045375,108.22192,metal,23
2025-01-03 18:00:00,36,16.060902,108.22837,paper,28
2025-01-03 18:00:00,37,16.07822,108.209445,organic,23
2025-01-03 18:00:00,38,16.047819,108.246602,metal,27
2025-01-03 18:00:00,39,16.078971,108.204843,paper,29
2025-01-03 18:00:00,40,16.056528,108.249324,plastic,22
2025-01-03 18:00:00,41,16.047893,108.202008,plastic,27
2025-01-03 18:00:00,42,16.077701,108.249977,metal,30
2025-01-03 18:00:00,43,16.051199,108.201983,paper,31
2025-01-03 18:00:00,44,16.068533,108.233936,metal,25
2025-01-03 18:00:00,45,16.045424,108.204301,metal,30
2025-01-03 18:00:00,46,16.054592,108.243394,paper,19
2025-01-03 18:00:00,47,16.063694,108.20329,organic,36
2025-01-03 18:00:00,48,16.077311,108.241461,plastic,23
2025-01-03 18:00:00,49,16.062219,108.22665,paper,33
2025-01-04 00:00:00,0,16.049349,108.232447,paper,20
2025-01-04 00:00:00,1,16.051655,108.24612,paper,16
2025-01-04 00:00:00,2,16.07394,108.200535,plastic,16
2025-01-04 00:00:00,3,16.075408,108.210351,plastic,22
2025-01-04 00:00:00,4,16.052504,108.231602,metal,7
2025-01-04 00:00:00,5,16.060616,108.222433,organic,11
2025-01-04 00:00:00,6,16.051045,108.230157,organic,8
2025-01-04 00:00:00,7,16.061203,108.245478,paper,24
2025-01-04 00:00:00,8,16.060947,108.242048,organic,11
2025-01-04 00:00:00,9,16.076918,108.240417,metal,22
2025-01-04 00:00:00,10,16.050022,108.229231,paper,24
2025-01-04 00:00:00,11,16.072936,108.228415,plastic,16
2025-01-04 00:00:00,12,16.075616,108.243493,organic,24
2025-01-04 00:00:00,13,16.060528,108.241418,paper,22
2025-01-04 00:00:00,14,16.048051,108.222369,organic,10
2025-01-04 00:00:00,15,16.078301,108.209883,plastic,6
2025-01-04 00:00:00,16,16.073661,108.207305,metal,15
2025-01-04 00:00:00,17,16.061932,108.205372,organic,15
2025-01-04 00:00:00,18,16.049558,108.232641,metal,21
2025-01-04 00:00:00,19,16.040552,108.234367,metal,20
2025-01-04 00:00:00,20,16.040558,108.202618,metal,20
2025-01-04 00:00:00,21,16.040312,108.21319,metal,17
2025-01-04 00:00:00,22,16.053302,108.206434,plastic,16
2025-01-04 00:00:00,23,16.066687,108.24606,metal,16
2025-01-04 00:00:00,24,16.075745,108.212543,metal,23
2025-01-04 00:00:00,25,16.069915,108.229101,organic,19
2025-01-04 00:00:00,26,16.054459,108.233217,plastic,10
2025-01-04 00:00:00,27,16.073476,108.207721,paper,21
2025-01-04 00:00:00,28,16.062903,108.218438,organic,11
2025-01-04 00:00:00,29,16.053285,108.243371,metal,17
2025-01-04 00:00:00,30,16.063499,108.229964,organic,24
2025-01-04 00:00:00,31,16.066972,108.218299,plastic,19
2025-01-04 00:00:00,32,16.070944,108.231319,metal,14
2025-01-04 00:00:00,33,16.076459,108.233761,paper,20
2025-01-04 00:00:00,34,16.072907,108.246755,plastic,25
2025-01-04 00:00:00,35,16.045375,108.22192,metal,12
2025-01-04 00:00:00,36,16.060902,108.22837,paper,20
2025-01-04 00:00:00,37,16.07822,108.209445,organic,9
2025-01-04 00:00:00,38,16.047819,108.246602,metal,16
2025-01-04 00:00:00,39,16.078971,108.204843,paper,8
2025-01-04 00:00:00,40,16.056528,108.249324,plastic,8
2025-01-04 00:00:00,41,16.047893,108.202008,plastic,22
2025-01-04 00:00:00,42,16.077701,108.249977,metal,18
2025-01-04 00:00:00,43,16.051199,108.201983,paper,16
2025-01-04 00:00:00,44,16.068533,108.233936,metal,19
2025-01-04 00:00:00,45,16.045424,108.204301,metal,26
2025-01-04 00:00:00,46,16.054592,108.243394,paper,19
2025-01-04 00:00:00,47,16.063694,108.20329,organic,23
2025-01-04 00:00:00,48,16.077311,108.241461,plastic,9
2025-01-04 00:00:00,49,16.062219,108.22665,paper,26
2025-01-04 06:00:00,0,16.049349,108.232447,paper,12
2025-01-04 06:00:00,1,16.051655,108.24612,paper,22
2025-01-04 06:00:00,2,16.07394,108.200535,plastic,11
2025-01-04 06:00:00,3,16.075408,108.210351,plastic,19
2025-01-04 06:00:00,4,16.052504,108.231602,metal,27
2025-01-04 06:00:00,5,16.060616,108.222433,organic,26
2025-01-04 06:00:00,6,16.051045,108.230157,organic,18
2025-01-04 06:00:00,7,16.061203,108.245478,paper,21
2025-01-04 06:00:00,8,16.060947,108.242048,organic,16
2025-01-04 06:00:00,9,16.076918,108.240417,metal,29
2025-01-04 06:00:00,10,16.050022,108.229231,paper,28
2025-01-04 06:00:00,11,16.072936,108.228415,plastic,24
2025-01-04 06:00:00,12,16.075616,108.243493,organic,29
2025-01-04 06:00:00,13,16.060528,108.241418,paper,22
2025-01-04 06:00:00,14,16.048051,108.222369,organic,14
2025-01-04 06:00:00,15,16.078301,108.209883,plastic,30
2025-01-04 06:00:00,16,16.073661,108.207305,metal,18
2025-01-04 06:00:00,17,16.061932,108.205372,organic,26
2025-01-04 06:00:00,18,16.049558,108.232641,metal,30
2025-01-04 06:00:00,19,16.040552,108.234367,metal,21
2025-01-04 06:00:00,20,16.040558,108.202618,metal,12
2025-01-04 06:00:00,21,16.040312,108.21319,metal,29
2025-01-04 06:00:00,22,16.053302,108.206434,plastic,29
2025-01-04 06:00:00,23,16.066687,108.24606,metal,26
2025-01-04 06:00:00,24,16.075745,108.212543,metal,21
2025-01-04 06:00:00,25,16.069915,108.229101,organic,21
2025-01-04 06:00:00,26,16.054459,108.233217,plastic,12
2025-01-04 06:00:00,27,16.073476,108.207721,paper,15
2025-01-04 06:00:00,28,16.062903,108.218438,organic,13
2025-01-04 06:00:00,29,16.053285,108.243371,metal,25
2025-01-04 06:00:00,30,16.063499,108.229964,organic,17
2025-01-04 06:00:00,31,16.066972,108.218299,plastic,12
2025-01-04 06:00:00,32,16.070944,108.231319,metal,13
2025-01-04 06:00:00,33,16.076459,108.233761,paper,20
2025-01-04 06:00:00,34,16.072907,108.246755,plastic,23
2025-01-04 06:00:00,35,16.045375,108.22192,metal,21
2025-01-04 06:00:00,36,16.060902,108.22837,paper,28
2025-01-04 06:00:00,37,16.07822,108.209445,organic,13
2025-01-04 06:00:00,38,16.047819,108.246602,metal,18
2025-01-04 06:00:00,39,16.078971,108.204843,paper,24
2025-01-04 06:00:00,40,16.056528,108.249324,plastic,13
2025-01-04 06:00:00,41,16.047893,108.202008,plastic,24
2025-01-04 06:00:00,42,16.077701,108.249977,metal,16
2025-01-04 06:00:00,43,16.051199,108.201983,paper,23
2025-01-04 06:00:00,44,16.068533,108.233936,metal,23
2025-01-04 06:00:00,45,16.045424,108.204301,metal,14
2025-01-04 06:00:00,46,16.054592,108.243394,paper,20
2025-01-04 06:00:00,47,16.063694,108.20329,organic,27
2025-01-04 06:00:00,48,16.077311,108.241461,plastic,29
2025-01-04 06:00:00,49,16.062219,108.22665,paper,23
2025-01-04 12:00:00,0,16.049349,108.232447,paper,18
2025-01-04 12:00:00,1,16.051655,108.24612,paper,36
2025-01-04 12:00:00,2,16.07394,108.200535,plastic,32
2025-01-04 12:00:00,3,16.075408,108.210351,plastic,25
2025-01-04 12:00:00,4,16.052504,108.231602,metal,36
2025-01-04 12:00:00,5,16.060616,108.222433,organic,17
2025-01-04 12:00:00,6,16.051045,108.230157,organic,19
2025-01-04 12:00:00,7,16.061203,108.245478,paper,36
2025-01-04 12:00:00,8,16.060947,108.242048,organic,27
2025-01-04 12:00:00,9,16.076918,108.240417,metal,31
2025-01-04 12:00:00,10,16.050022,108.229231,paper,24
2025-01-04 12:00:00,11,16.072936,108.228415,plastic,32
2025-01-04 12:00:00,12,16.075616,108.243493,organic,18
2025-01-04 12:00:00,13,16.060528,108.241418,paper,26
2025-01-04 12:00:00,14,16.048051,108.222369,organic,31
2025-01-04 12:00:00,15,16.078301,108.209883,plastic,33
2025-01-04 12:00:00,16,16.073661,108.207305,metal,29
2025-01-04 12:00:00,17,16.061932,108.205372,organic,18
2025-01-04 12:00:00,18,16.049558,108.232641,metal,27
2025-01-04 12:00:00,19,16.040552,108.234367,metal,36
2025-01-04 12:00:00,20,16.040558,108.202618,metal,32
2025-01-04 12:00:00,21,16.040312,108.21319,metal,36
2025-01-04 12:00:00,22,16.053302,108.206434,plastic,35
2025-01-04 12:00:00,23,16.066687,108.24606,metal,29
2025-01-04 12:00:00,24,16.075745,108.212543,metal,33
2025-01-04 12:00:00,25,16.069915,108.229101,organic,24
2025-01-04 12:00:00,26,16.054459,108.233217,plastic,18
2025-01-04 12:00:00,27,16.073476,108.207721,paper,34
2025-01-04 12:00:00,28,16.062903,108.218438,organic,33
2025-01-04 12:00:00,29,16.053285,108.243371,metal,33
2025-01-04 12:00:00,30,16.063499,108.229964,organic,16
2025-01-04 12:00:00,31,16.066972,108.218299,plastic,27
2025-01-04 12:00:00,32,16.070944,108.231319,metal,19
2025-01-04 12:00:00,33,16.076459,108.233761,paper,29
2025-01-04 12:00:00,34,16.072907,108.246755,plastic,36
2025-01-04 12:00:00,35,16.045375,108.22192,metal,26
2025-01-04 12:00:00,36,16.060902,108.22837,paper,34
2025-01-04 12:00:00,37,16.07822,108.209445,organic,26
2025-01-04 12:00:00,38,16.047819,108.246602,metal,33
2025-01-04 12:00:00,39,16.078971,108.204843,paper,33
2025-01-04 12:00:00,40,16.056528,108.249324,plastic,30
2025-01-04 12:00:00,41,16.047893,108.202008,plastic,31
2025-01-04 12:00:00,42,16.077701,108.249977,metal,34
2025-01-04 12:00:00,43,16.051199,108.201983,paper,36
2025-01-04 12:00:00,44,16.068533,108.233936,metal,35
2025-01-04 12:00:00,45,16.045424,108.204301,metal,18
2025-01-04 12:00:00,46,16.054592,108.243394,paper,25
2025-01-04 12:00:00,47,16.063694,108.20329,organic,25
2025-01-04 12:00:00,48,16.077311,108.241461,plastic,32
2025-01-04 12:00:00,49,16.062219,108.22665,paper,34
2025-01-04 18:00:00,0,16.049349,108.232447,paper,23
2025-01-04 18:00:00,1,16.051655,108.24612,paper,28
2025-01-04 18:00:00,2,16.07394,108.200535,plastic,30
2025-01-04 18:00:00,3,16.075408,108.210351,plastic,24
2025-01-04 18:00:00,4,16.052504,108.231602,metal,38
2025-01-04 18:00:00,5,16.060616,108.222433,organic,25
2025-01-04 18:00:00,6,16.051045,108.230157,organic,32
2025-01-04 18:00:00,7,16.061203,108.245478,paper,37
2025-01-04 18:00:00,8,16.060947,108.242048,organic,27
2025-01-04 18:00:00,9,16.076918,108.240417,metal,41
2025-01-04 18:00:00,10,16.050022,108.229231,paper,29
2025-01-04 18:00:00,11,16.072936,108.228415,plastic,41
2025-01-04 18:00:00,12,16.075616,108.243493,organic,35
2025-01-04 18:00:00,13,16.060528,108.241418,paper,37
2025-01-04 18:00:00,14,16.048051,108.222369,organic,22
2025-01-04 18:00:00,15,16.078301,108.209883,plastic,22
2025-01-04 18:00:00,16,16.073661,108.207305,metal,25
2025-01-04 18:00:00,17,16.061932,108.205372,organic,29
2025-01-04 18:00:00,18,16.049558,108.232641,metal,41
2025-01-04 18:00:00,19,16.040552,108.234367,metal,23
2025-01-04 18:00:00,20,16.040558,108.202618,metal,25
2025-01-04 18:00:00,21,16.040312,108.21319,metal,24
2025-01-04 18:00:00,22,16.053302,108.206434,plastic,34
2025-01-04 18:00:00,23,16.066687,108.24606,metal,40
2025-01-04 18:00:00,24,16.075745,108.212543,metal,31
2025-01-04 18:00:00,25,16.069915,108.229101,organic,39
2025-01-04 18:00:00,26,16.054459,108.233217,plastic,34
2025-01-04 18:00:00,27,16.073476,108.207721,paper,21
2025-01-04 18:00:00,28,16.062903,108.218438,organic,36
2025-01-04 18:00:00,29,16.053285,108.243371,metal,24
2025-01-04 18:00:00,30,16.063499,108.229964,organic,24
2025-01-04 18:00:00,31,16.066972,108.218299,plastic,41
2025-01-04 18:00:00,32,16.070944,108.231319,metal,32
2025-01-04 18:00:00,33,16.076459,108.233761,paper,33
2025-01-04 18:00:00,34,16.072907,108.246755,plastic,38
2025-01-04 18:00:00,35,16.045375,108.22192,metal,36
2025-01-04 18:00:00,36,16.060902,108.22837,paper,32
2025-01-04 18:00:00,37,16.07822,108.209445,organic,36
2025-01-04 18:00:00,38,16.047819,108.246602,metal,31
2025-01-04 18:00:00,39,16.078971,108.204843,paper,39
2025-01-04 18:00:00,40,16.056528,108.249324,plastic,25
2025-01-04 18:00:00,41,16.047893,108.202008,plastic,26
2025-01-04 18:00:00,42,16.077701,108.249977,metal,21
2025-01-04 18:00:00,43,16.051199,108.201983,paper,35
2025-01-04 18:00:00,44,16.068533,108.233936,metal,33
2025-01-04 18:00:00,45,16.045424,108.204301,metal,33
2025-01-04 18:00:00,46,16.054592,108.243394,paper,35
2025-01-04 18:00:00,47,16.063694,108.20329,organic,27
2025-01-04 18:00:00,48,16.077311,108.241461,plastic,23
2025-01-04 18:00:00,49,16.062219,108.22665,paper,29
2025-01-05 00:00:00,0,16.049349,108.232447,paper,21
2025-01-05 00:00:00,1,16.051655,108.24612,paper,13
2025-01-05 00:00:00,2,16.07394,108.200535,plastic,18
2025-01-05 00:00:00,3,16.075408,108.210351,plastic,20
2025-01-05 00:00:00,4,16.052504,108.231602,metal,20
2025-01-05 00:00:00,5,16.060616,108.222433,organic,27
2025-01-05 00:00:00,6,16.051045,108.230157,organic,17
2025-01-05 00:00:00,7,16.061203,108.245478,paper,12
2025-01-05 00:00:00,8,16.060947,108.242048,organic,12
2025-01-05 00:00:00,9,16.076918,108.240417,metal,17
2025-01-05 00:00:00,10,16.050022,108.229231,paper,27
2025-01-05 00:00:00,11,16.072936,108.228415,plastic,9
2025-01-05 00:00:00,12,16.075616,108.243493,organic,25
2025-01-05 00:00:00,13,16.060528,108.241418,paper,9
2025-01-05 00:00:00,14,16.048051,108.222369,organic,24
2025-01-05 00:00:00,15,16.078301,108.209883,plastic,15
2025-01-05 00:00:00,16,16.073661,108.207305,metal,25
2025-01-05 00:00:00,17,16.061932,108.205372,organic,13
2025-01-05 00:00:00,18,16.049558,108.232641,metal,17
2025-01-05 00:00:00,19,16.040552,108.234367,metal,28
2025-01-05 00:00:00,20,16.040558,108.202618,metal,16
2025-01-05 00:00:00,21,16.040312,108.21319,metal,16
2025-01-05 00:00:00,22,16.053302,108.206434,plastic,10
2025-01-05 00:00:00,23,16.066687,108.24606,metal,25
2025-01-05 00:00:00,24,16.075745,108.212543,metal,10
2025-01-05 00:00:00,25,16.069915,108.229101,organic,18
2025-01-05 00:00:00,26,16.054459,108.233217,plastic,15
2025-01-05 00:00:00,27,16.073476,108.207721,paper,12
2025-01-05 00:00:00,28,16.062903,108.218438,organic,17
2025-01-05 00:00:00,29,16.053285,108.243371,metal,12
2025-01-05 00:00:00,30,16.063499,108.229964,organic,25
2025-01-05 00:00:00,31,16.066972,108.218299,plastic,13
2025-01-05 00:00:00,32,16.070944,108.231319,metal,22
2025-01-05 00:00:00,33,16.076459,108.233761,paper,14
2025-01-05 00:00:00,34,16.072907,108.246755,plastic,22
2025-01-05 00:00:00,35,16.045375,108.22192,metal,17
2025-01-05 00:00:00,36,16.060902,108.22837,paper,14
2025-01-05 00:00:00,37,16.07822,108.209445,organic,11
2025-01-05 00:00:00,38,16.047819,108.246602,metal,15
2025-01-05 00:00:00,39,16.078971,108.204843,paper,10
2025-01-05 00:00:00,40,16.056528,108.249324,plastic,25
2025-01-05 00:00:00,41,16.047893,108.202008,plastic,19
2025-01-05 00:00:00,42,16.077701,108.249977,metal,22
2025-01-05 00:00:00,43,16.051199,108.201983,paper,24
2025-01-05 00:00:00,44,16.068533,108.233936,metal,11
2025-01-05 00:00:00,45,16.045424,108.204301,metal,12
2025-01-05 00:00:00,46,16.054592,108.243394,paper,10
2025-01-05 00:00:00,47,16.063694,108.20329,organic,8
2025-01-05 00:00:00,48,16.077311,108.241461,plastic,9
2025-01-05 00:00:00,49,16.062219,108.22665,paper,16
2025-01-05 06:00:00,0,16.049349,108.232447,paper,26
2025-01-05 06:00:00,1,16.051655,108.24612,paper,26
2025-01-05 06:00:00,2,16.07394,108.200535,plastic,14
2025-01-05 06:00:00,3,16.075408,108.210351,plastic,31
2025-01-05 06:00:00,4,16.052504,108.231602,metal,20
2025-01-05 06:00:00,5,16.060616,108.222433,organic,15
2025-01-05 06:00:00,6,16.051045,108.230157,organic,18
2025-01-05 06:00:00,7,16.061203,108.245478,paper,31
2025-01-05 06:00:00,8,16.060947,108.242048,organic,18
2025-01-05 06:00:00,9,16.076918,108.240417,metal,22
2025-01-05 06:00:00,10,16.050022,108.229231,paper,17
2025-01-05 06:00:00,11,16.072936,108.228415,plastic,20
2025-01-05 06:00:00,12,16.075616,108.243493,organic,30
2025-01-05 06:00:00,13,16.060528,108.241418,paper,30
2025-01-05 06:00:00,14,16.048051,108.222369,organic,33
2025-01-05 06:00:00,15,16.078301,108.209883,plastic,33
2025-01-05 06:00:00,16,16.073661,108.207305,metal,13
2025-01-05 06:00:00,17,16.061932,108.205372,organic,33
2025-01-05 06:00:00,18,16.049558,108.232641,metal,17
2025-01-05 06:00:00,19,16.040552,108.234367,metal,18
2025-01-05 06:00:00,20,16.040558,108.202618,metal,14
2025-01-05 06:00:00,21,16.040312,108.21319,metal,23
2025-01-05 06:00:00,22,16.053302,108.206434,plastic,19
2025-01-05 06:00:00,23,16.066687,108.24606,metal,19
2025-01-05 06:00:00,24,16.075745,108.212543,metal,24
2025-01-05 06:00:00,25,16.069915,108.229101,organic,33
2025-01-05 06:00:00,26,16.054459,108.233217,plastic,27
2025-01-05 06:00:00,27,16.073476,108.207721,paper,30
2025-01-05 06:00:00,28,16.062903,108.218438,organic,31
2025-01-05 06:00:00,29,16.053285,108.243371,metal,27
2025-01-05 06:00:00,30,16.063499,108.229964,organic,27
2025-01-05 06:00:00,31,16.066972,108.218299,plastic,22
2025-01-05 06:00:00,32,16.070944,108.231319,metal,31
2025-01-05 06:00:00,33,16.076459,108.233761,paper,31
2025-01-05 06:00:00,34,16.072907,108.246755,plastic,22
2025-01-05 06:00:00,35,16.045375,108.22192,metal,20
2025-01-05 06:00:00,36,16.060902,108.22837,paper,23
2025-01-05 06:00:00,37,16.07822,108.209445,organic,16
2025-01-05 06:00:00,38,16.047819,108.246602,metal,18
2025-01-05 06:00:00,39,16.078971,108.204843,paper,28
2025-01-05 06:00:00,40,16.056528,108.249324,plastic,17
2025-01-05 06:00:00,41,16.047893,108.202008,plastic,20
2025-01-05 06:00:00,42,16.077701,108.249977,metal,14
2025-01-05 06:00:00,43,16.051199,108.201983,paper,20
2025-01-05 06:00:00,44,16.068533,108.233936,metal,15
2025-01-05 06:00:00,45,16.045424,108.204301,metal,27
2025-01-05 06:00:00,46,16.054592,108.243394,paper,26
2025-01-05 06:00:00,47,16.063694,108.20329,organic,13
2025-01-05 06:00:00,48,16.077311,108.241461,plastic,32
2025-01-05 06:00:00,49,16.062219,108.22665,paper,17
2025-01-05 12:00:00,0,16.049349,108.232447,paper,22
2025-01-05 12:00:00,1,16.051655,108.24612,paper,24
2025-01-05 12:00:00,2,16.07394,108.200535,plastic,19
2025-01-05 12:00:00,3,16.075408,108.210351,plastic,34
2025-01-05 12:00:00,4,16.052504,108.231602,metal,20
2025-01-05 12:00:00,5,16.060616,108.222433,organic,27
2025-01-05 12:00:00,6,16.051045,108.230157,organic,31
2025-01-05 12:00:00,7,16.061203,108.245478,paper,24
2025-01-05 12:00:00,8,16.060947,108.242048,organic,23
2025-01-05 12:00:00,9,16.076918,108.240417,metal,24
2025-01-05 12:00:00,10,16.050022,108.229231,paper,25
2025-01-05 12:00:00,11,16.072936,108.228415,plastic,19
2025-01-05 12:00:00,12,16.075616,108.243493,organic,38
2025-01-05 12:00:00,13,16.060528,108.241418,paper,23
2025-01-05 12:00:00,14,16.048051,108.222369,organic,34
2025-01-05 12:00:00,15,16.078301,108.209883,plastic,27
2025-01-05 12:00:00,16,16.073661,108.207305,metal,35
2025-01-05 12:00:00,17,16.061932,108.205372,organic,36
2025-01-05 12:00:00,18,16.049558,108.232641,metal,38
2025-01-05 12:00:00,19,16.040552,108.234367,metal,30
2025-01-05 12:00:00,20,16.040558,108.202618,metal,22
2025-01-05 12:00:00,21,16.040312,108.21319,metal,28
2025-01-05 12:00:00,22,16.053302,108.206434,plastic,20
2025-01-05 12:00:00,23,16.066687,108.24606,metal,38
2025-01-05 12:00:00,24,16.075745,108.212543,metal,38
2025-01-05 12:00:00,25,16.069915,108.229101,organic,29
2025-01-05 12:00:00,26,16.054459,108.233217,plastic,28
2025-01-05 12:00:00,27,16.073476,108.207721,paper,32
2025-01-05 12:00:00,28,16.062903,108.218438,organic,34
2025-01-05 12:00:00,29,16.053285,108.243371,metal,28
2025-01-05 12:00:00,30,16.063499,108.229964,organic,28
2025-01-05 12:00:00,31,16.066972,108.218299,plastic,28
2025-01-05 12:00:00,32,16.070944,108.231319,metal,29
2025-01-05 12:00:00,33,16.076459,108.233761,paper,22
2025-01-05 12:00:00,34,16.072907,108.246755,plastic,28
2025-01-05 12:00:00,35,16.045375,108.22192,metal,37
2025-01-05 12:00:00,36,16.060902,108.22837,paper,33
2025-01-05 12:00:00,37,16.07822,108.209445,organic,18
2025-01-05 12:00:00,38,16.047819,108.246602,metal,31
2025-01-05 12:00:00,39,16.078971,108.204843,paper,22
2025-01-05 12:00:00,40,16.056528,108.249324,plastic,33
2025-01-05 12:00:00,41,16.047893,108.202008,plastic,30
2025-01-05 12:00:00,42,16.077701,108.249977,metal,22
2025-01-05 12:00:00,43,16.051199,108.201983,paper,19
2025-01-05 12:00:00,44,16.068533,108.233936,metal,36
2025-01-05 12:00:00,45,16.045424,108.204301,metal,38
2025-01-05 12:00:00,46,16.054592,108.243394,paper,25
2025-01-05 12:00:00,47,16.063694,108.20329,organic,33
2025-01-05 12:00:00,48,16.077311,108.241461,plastic,35
2025-01-05 12:00:00,49,16.062219,108.22665,paper,37
2025-01-05 18:00:00,0,16.049349,108.232447,paper,32
2025-01-05 18:00:00,1,16.051655,108.24612,paper,33
2025-01-05 18:00:00,2,16.07394,108.200535,plastic,33
2025-01-05 18:00:00,3,16.075408,108.210351,plastic,33
2025-01-05 18:00:00,4,16.052504,108.231602,metal,38
2025-01-05 18:00:00,5,16.060616,108.222433,organic,25
2025-01-05 18:00:00,6,16.051045,108.230157,organic,38
2025-01-05 18:00:00,7,16.061203,108.245478,paper,28
2025-01-05 18:00:00,8,16.060947,108.242048,organic,25
2025-01-05 18:00:00,9,16.076918,108.240417,metal,32
2025-01-05 18:00:00,10,16.050022,108.229231,paper,23
2025-01-05 18:00:00,11,16.072936,108.228415,plastic,36
2025-01-05 18:00:00,12,16.075616,108.243493,organic,32
2025-01-05 18:00:00,13,16.060528,108.241418,paper,31
2025-01-05 18:00:00,14,16.048051,108.222369,organic,25
2025-01-05 18:00:00,15,16.078301,108.209883,plastic,39
2025-01-05 18:00:00,16,16.073661,108.207305,metal,37
2025-01-05 18:00:00,17,16.061932,108.205372,organic,25
2025-01-05 18:00:00,18,16.049558,108.232641,metal,42
2025-01-05 18:00:00,19,16.040552,108.234367,metal,37
2025-01-05 18:00:00,20,16.040558,108.202618,metal,36
2025-01-05 18:00:00,21,16.040312,108.21319,metal,35
2025-01-05 18:00:00,22,16.053302,108.206434,plastic,39
2025-01-05 18:00:00,23,16.066687,108.24606,metal,43
2025-01-05 18:00:00,24,16.075745,108.212543,metal,27
2025-01-05 18:00:00,25,16.069915,108.229101,organic,23
2025-01-05 18:00:00,26,16.054459,108.233217,plastic,30
2025-01-05 18:00:00,27,16.073476,108.207721,paper,42
2025-01-05 18:00:00,28,16.062903,108.218438,organic,38
2025-01-05 18:00:00,29,16.053285,108.243371,metal,29
2025-01-05 18:00:00,30,16.063499,108.229964,organic,26
2025-01-05 18:00:00,31,16.066972,108.218299,plastic,30
2025-01-05 18:00:00,32,16.070944,108.231319,metal,24
2025-01-05 18:00:00,33,16.076459,108.233761,paper,35
2025-01-05 18:00:00,34,16.072907,108.246755,plastic,29
2025-01-05 18:00:00,35,16.045375,108.22192,metal,37
2025-01-05 18:00:00,36,16.060902,108.22837,paper,36
2025-01-05 18:00:00,37,16.07822,108.209445,organic,38
2025-01-05 18:00:00,38,16.047819,108.246602,metal,37
2025-01-05 18:00:00,39,16.078971,108.204843,paper,36
2025-01-05 18:00:00,40,16.056528,108.249324,plastic,42
2025-01-05 18:00:00,41,16.047893,108.202008,plastic,33
2025-01-05 18:00:00,42,16.077701,108.249977,metal,33
2025-01-05 18:00:00,43,16.051199,108.201983,paper,29
2025-01-05 18:00:00,44,16.068533,108.233936,metal,30
2025-01-05 18:00:00,45,16.045424,108.204301,metal,25
2025-01-05 18:00:00,46,16.054592,108.243394,paper,32
2025-01-05 18:00:00,47,16.063694,108.20329,organic,36
2025-01-05 18:00:00,48,16.077311,108.241461,plastic,38
2025-01-05 18:00:00,49,16.062219,108.22665,paper,37
2025-01-06 00:00:00,0,16.049349,108.232447,paper,29
2025-01-06 00:00:00,1,16.051655,108.24612,paper,13
2025-01-06 00:00:00,2,16.07394,108.200535,plastic,16
2025-01-06 00:00:00,3,16.075408,108.210351,plastic,18
2025-01-06 00:00:00,4,16.052504,108.231602,metal,28
2025-01-06 00:00:00,5,16.060616,108.222433,organic,23
2025-01-06 00:00:00,6,16.051045,108.230157,organic,25
2025-01-06 00:00:00,7,16.061203,108.245478,paper,12
2025-01-06 00:00:00,8,16.060947,108.242048,organic,24
2025-01-06 00:00:00,9,16.076918,108.240417,metal,10
2025-01-06 00:00:00,10,16.050022,108.229231,paper,28
2025-01-06 00:00:00,11,16.072936,108.228415,plastic,11
2025-01-06 00:00:00,12,16.075616,108.243493,organic,26
2025-01-06 00:00:00,13,16.060528,108.241418,paper,25
2025-01-06 00:00:00,14,16.048051,108.222369,organic,30
2025-01-06 00:00:00,15,16.078301,108.209883,plastic,16
2025-01-06 00:00:00,16,16.073661,108.207305,metal,21
2025-01-06 00:00:00,17,16.061932,108.205372,organic,28
2025-01-06 00:00:00,18,16.049558,108.232641,metal,30
2025-01-06 00:00:00,19,16.040552,108.234367,metal,13
2025-01-06 00:00:00,20,16.040558,108.202618,metal,14
2025-01-06 00:00:00,21,16.040312,108.21319,metal,12
2025-01-06 00:00:00,22,16.053302,108.206434,plastic,28
2025-01-06 00:00:00,23,16.066687,108.24606,metal,23
2025-01-06 00:00:00,24,16.075745,108.212543,metal,25
2025-01-06 00:00:00,25,16.069915,108.229101,organic,18
2025-01-06 00:00:00,26,16.054459,108.233217,plastic,13
2025-01-06 00:00:00,27,16.073476,108.207721,paper,10
2025-01-06 00:00:00,28,16.062903,108.218438,organic,24
2025-01-06 00:00:00,29,16.053285,108.243371,metal,22
2025-01-06 00:00:00,30,16.063499,108.229964,organic,12
2025-01-06 00:00:00,31,16.066972,108.218299,plastic,25
2025-01-06 00:00:00,32,16.070944,108.231319,metal,18
2025-01-06 00:00:00,33,16.076459,108.233761,paper,29
2025-01-06 00:00:00,34,16.072907,108.246755,plastic,22
2025-01-06 00:00:00,35,16.045375,108.22192,metal,26
2025-01-06 00:00:00,36,16.060902,108.22837,paper,23
2025-01-06 00:00:00,37,16.07822,108.209445,organic,12
2025-01-06 00:00:00,38,16.047819,108.246602,metal,15
2025-01-06 00:00:00,39,16.078971,108.204843,paper,23
2025-01-06 00:00:00,40,16.056528,108.249324,plastic,25
2025-01-06 00:00:00,41,16.047893,108.202008,plastic,26
2025-01-06 00:00:00,42,16.077701,108.249977,metal,24
2025-01-06 00:00:00,43,16.051199,108.201983,paper,20
2025-01-06 00:00:00,44,16.068533,108.233936,metal,23
2025-01-06 00:00:00,45,16.045424,108.204301,metal,21
2025-01-06 00:00:00,46,16.054592,108.243394,paper,18
2025-01-06 00:00:00,47,16.063694,108.20329,organic,10
2025-01-06 00:00:00,48,16.077311,108.241461,plastic,19
2025-01-06 00:00:00,49,16.062219,108.22665,paper,12
2025-01-06 06:00:00,0,16.049349,108.232447,paper,23
2025-01-06 06:00:00,1,16.051655,108.24612,paper,29
2025-01-06 06:00:00,2,16.07394,108.200535,plastic,16
2025-01-06 06:00:00,3,16.075408,108.210351,plastic,17
2025-01-06 06:00:00,4,16.052504,108.231602,metal,30
2025-01-06 06:00:00,5,16.060616,108.222433,organic,19
2025-01-06 06:00:00,6,16.051045,108.230157,organic,23
2025-01-06 06:00:00,7,16.061203,108.245478,paper,25
2025-01-06 06:00:00,8,16.060947,108.242048,organic,24
2025-01-06 06:00:00,9,16.076918,108.240417,metal,17
2025-01-06 06:00:00,10,16.050022,108.229231,paper,19
2025-01-06 06:00:00,11,16.072936,108.228415,plastic,32
2025-01-06 06:00:00,12,16.075616,108.243493,organic,33
2025-01-06 06:00:00,13,16.060528,108.241418,paper,17
2025-01-06 06:00:00,14,16.048051,108.222369,organic,17
2025-01-06 06:00:00,15,16.078301,108.209883,plastic,34
2025-01-06 06:00:00,16,16.073661,108.207305,metal,34
2025-01-06 06:00:00,17,16.061932,108.205372,organic,18
2025-01-06 06:00:00,18,16.049558,108.232641,metal,18
2025-01-06 06:00:00,19,16.040552,108.234367,metal,32
2025-01-06 06:00:00,20,16.040558,108.202618,metal,28
2025-01-06 06:00:00,21,16.040312,108.21319,metal,24
2025-01-06 06:00:00,22,16.053302,108.206434,plastic,23
2025-01-06 06:00:00,23,16.066687,108.24606,metal,33
2025-01-06 06:00:00,24,16.075745,108.212543,metal,20
2025-01-06 06:00:00,25,16.069915,108.229101,organic,16
2025-01-06 06:00:00,26,16.054459,108.233217,plastic,15
2025-01-06 06:00:00,27,16.073476,108.207721,paper,17
2025-01-06 06:00:00,28,16.062903,108.218438,organic,25
2025-01-06 06:00:00,29,16.053285,108.243371,metal,18
2025-01-06 06:00:00,30,16.063499,108.229964,organic,32
2025-01-06 06:00:00,31,16.066972,108.218299,plastic,32
2025-01-06 06:00:00,32,16.070944,108.231319,metal,19
2025-01-06 06:00:00,33,16.076459,108.233761,paper,18
2025-01-06 06:00:00,34,16.072907,108.246755,plastic,22
2025-01-06 06:00:00,35,16.045375,108.22192,metal,16
2025-01-06 06:00:00,36,16.060902,108.22837,paper,23
2025-01-06 06:00:00,37,16.07822,108.209445,organic,25
2025-01-06 06:00:00,38,16.047819,108.246602,metal,20
2025-01-06 06:00:00,39,16.078971,108.204843,paper,21
2025-01-06 06:00:00,40,16.056528,108.249324,plastic,24
2025-01-06 06:00:00,41,16.047893,108.202008,plastic,23
2025-01-06 06:00:00,42,16.077701,108.249977,metal,29
2025-01-06 06:00:00,43,16.051199,108.201983,paper,24
2025-01-06 06:00:00,44,16.068533,108.233936,metal,20
2025-01-06 06:00:00,45,16.045424,108.204301,metal,28
2025-01-06 06:00:00,46,16.054592,108.243394,paper,16
2025-01-06 06:00:00,47,16.063694,108.20329,organic,22
2025-01-06 06:00:00,48,16.077311,108.241461,plastic,15
2025-01-06 06:00:00,49,16.062219,108.22665,paper,22
2025-01-06 12:00:00,0,16.049349,108.232447,paper,27
2025-01-06 12:00:00,1,16.051655,108.24612,paper,21
2025-01-06 12:00:00,2,16.07394,108.200535,plastic,39
2025-01-06 12:00:00,3,16.075408,108.210351,plastic,26
2025-01-06 12:00:00,4,16.052504,108.231602,metal,37
2025-01-06 12:00:00,5,16.060616,108.222433,organic,32
2025-01-06 12:00:00,6,16.051045,108.230157,organic,22
2025-01-06 12:00:00,7,16.061203,108.245478,paper,32
2025-01-06 12:00:00,8,16.060947,108.242048,organic,32
2025-01-06 12:00:00,9,16.076918,108.240417,metal,40
2025-01-06 12:00:00,10,16.050022,108.229231,paper,26
2025-01-06 12:00:00,11,16.072936,108.228415,plastic,20
2025-01-06 12:00:00,12,16.075616,108.243493,organic,30
2025-01-06 12:00:00,13,16.060528,108.241418,paper,24
2025-01-06 12:00:00,14,16.048051,108.222369,organic,22
2025-01-06 12:00:00,15,16.078301,108.209883,plastic,25
2025-01-06 12:00:00,16,16.073661,108.207305,metal,37
2025-01-06 12:00:00,17,16.061932,108.205372,organic,32
2025-01-06 12:00:00,18,16.049558,108.232641,metal,22
2025-01-06 12:00:00,19,16.040552,108.234367,metal,33
2025-01-06 12:00:00,20,16.040558,108.202618,metal,38
2025-01-06 12:00:00,21,16.040312,108.21319,metal,32
2025-01-06 12:00:00,22,16.053302,108.206434,plastic,30
2025-01-06 12:00:00,23,16.066687,108.24606,metal,28
2025-01-06 12:00:00,24,16.075745,108.212543,metal,38
2025-01-06 12:00:00,25,16.069915,108.229101,organic,24
2025-01-06 12:00:00,26,16.054459,108.233217,plastic,36
2025-01-06 12:00:00,27,16.073476,108.207721,paper,25
2025-01-06 12:00:00,28,16.062903,108.218438,organic,37
2025-01-06 12:00:00,29,16.053285,108.243371,metal,31
2025-01-06 12:00:00,30,16.063499,108.229964,organic,38
2025-01-06 12:00:00,31,16.066972,108.218299,plastic,35
2025-01-06 12:00:00,32,16.070944,108.231319,metal,20
2025-01-06 12:00:00,33,16.076459,108.233761,paper,34
2025-01-06 12:00:00,34,16.072907,108.246755,plastic,38
2025-01-06 12:00:00,35,16.045375,108.22192,metal,31
2025-01-06 12:00:00,36,16.060902,108.22837,paper,31
2025-01-06 12:00:00,37,16.07822,108.209445,organic,29
2025-01-06 12:00:00,38,16.047819,108.246602,metal,37
2025-01-06 12:00:00,39,16.078971,108.204843,paper,34
2025-01-06 12:00:00,40,16.056528,108.249324,plastic,34
2025-01-06 12:00:00,41,16.047893,108.202008,plastic,25
2025-01-06 12:00:00,42,16.077701,108.249977,metal,36
2025-01-06 12:00:00,43,16.051199,108.201983,paper,27
2025-01-06 12:00:00,44,16.068533,108.233936,metal,24
2025-01-06 12:00:00,45,16.045424,108.204301,metal,24
2025-01-06 12:00:00,46,16.054592,108.243394,paper,23
2025-01-06 12:00:00,47,16.063694,108.20329,organic,23
2025-01-06 12:00:00,48,16.077311,108.241461,plastic,37
2025-01-06 12:00:00,49,16.062219,108.22665,paper,23
2025-01-06 18:00:00,0,16.049349,108.232447,paper,39
2025-01-06 18:00:00,1,16.051655,108.24612,paper,27
2025-01-06 18:00:00,2,16.07394,108.200535,plastic,33
2025-01-06 18:00:00,3,16.075408,108.210351,plastic,36
2025-01-06 18:00:00,4,16.052504,108.231602,metal,45
2025-01-06 18:00:00,5,16.060616,108.222433,organic,39
2025-01-06 18:00:00,6,16.051045,108.230157,organic,33
2025-01-06 18:00:00,7,16.061203,108.245478,paper,32
2025-01-06 18:00:00,8,16.060947,108.242048,organic,26
2025-01-06 18:00:00,9,16.076918,108.240417,metal,32
2025-01-06 18:00:00,10,16.050022,108.229231,paper,33
2025-01-06 18:00:00,11,16.072936,108.228415,plastic,26
2025-01-06 18:00:00,12,16.075616,108.243493,organic,25
2025-01-06 18:00:00,13,16.060528,108.241418,paper,40
2025-01-06 18:00:00,14,16.048051,108.222369,organic,35
2025-01-06 18:00:00,15,16.078301,108.209883,plastic,40
2025-01-06 18:00:00,16,16.073661,108.207305,metal,33
2025-01-06 18:00:00,17,16.061932,108.205372,organic,26
2025-01-06 18:00:00,18,16.049558,108.232641,metal,32
2025-01-06 18:00:00,19,16.040552,108.234367,metal,33
2025-01-06 18:00:00,20,16.040558,108.202618,metal,38
2025-01-06 18:00:00,21,16.040312,108.21319,metal,38
2025-01-06 18:00:00,22,16.053302,108.206434,plastic,27
2025-01-06 18:00:00,23,16.066687,108.24606,metal,31
2025-01-06 18:00:00,24,16.075745,108.212543,metal,44
2025-01-06 18:00:00,25,16.069915,108.229101,organic,34
2025-01-06 18:00:00,26,16.054459,108.233217,plastic,41
2025-01-06 18:00:00,27,16.073476,108.207721,paper,42
2025-01-06 18:00:00,28,16.062903,108.218438,organic,38
2025-01-06 18:00:00,29,16.053285,108.243371,metal,36
2025-01-06 18:00:00,30,16.063499,108.229964,organic,31
2025-01-06 18:00:00,31,16.066972,108.218299,plastic,30
2025-01-06 18:00:00,32,16.070944,108.231319,metal,41
2025-01-06 18:00:00,33,16.076459,108.233761,paper,33
2025-01-06 18:00:00,34,16.072907,108.246755,plastic,35
2025-01-06 18:00:00,35,16.045375,108.22192,metal,44
2025-01-06 18:00:00,36,16.060902,108.22837,paper,38
2025-01-06 18:00:00,37,16.07822,108.209445,organic,40
2025-01-06 18:00:00,38,16.047819,108.246602,metal,29
2025-01-06 18:00:00,39,16.078971,108.204843,paper,40
2025-01-06 18:00:00,40,16.056528,108.249324,plastic,31
2025-01-06 18:00:00,41,16.047893,108.202008,plastic,39
2025-01-06 18:00:00,42,16.077701,108.249977,metal,39
2025-01-06 18:00:00,43,16.051199,108.201983,paper,38
2025-01-06 18:00:00,44,16.068533,108.233936,metal,45
2025-01-06 18:00:00,45,16.045424,108.204301,metal,35
2025-01-06 18:00:00,46,16.054592,108.243394,paper,43
2025-01-06 18:00:00,47,16.063694,108.20329,organic,35
2025-01-06 18:00:00,48,16.077311,108.241461,plastic,28
2025-01-06 18:00:00,49,16.062219,108.22665,paper,27
2025-01-07 00:00:00,0,16.049349,108.232447,paper,17
2025-01-07 00:00:00,1,16.051655,108.24612,paper,32
2025-01-07 00:00:00,2,16.07394,108.200535,plastic,18
2025-01-07 00:00:00,3,16.075408,108.210351,plastic,28
2025-01-07 00:00:00,4,16.052504,108.231602,metal,27
2025-01-07 00:00:00,5,16.060616,108.222433,organic,24
2025-01-07 00:00:00,6,16.051045,108.230157,organic,25
2025-01-07 00:00:00,7,16.061203,108.245478,paper,16
2025-01-07 00:00:00,8,16.060947,108.242048,organic,18
2025-01-07 00:00:00,9,16.076918,108.240417,metal,19
2025-01-07 00:00:00,10,16.050022,108.229231,paper,16
2025-01-07 00:00:00,11,16.072936,108.228415,plastic,31
2025-01-07 00:00:00,12,16.075616,108.243493,organic,16
2025-01-07 00:00:00,13,16.060528,108.241418,paper,28
2025-01-07 00:00:00,14,16.048051,108.222369,organic,16
2025-01-07 00:00:00,15,16.078301,108.209883,plastic,14
2025-01-07 00:00:00,16,16.073661,108.207305,metal,12
2025-01-07 00:00:00,17,16.061932,108.205372,organic,17
2025-01-07 00:00:00,18,16.049558,108.232641,metal,14
2025-01-07 00:00:00,19,16.040552,108.234367,metal,21
2025-01-07 00:00:00,20,16.040558,108.202618,metal,25
2025-01-07 00:00:00,21,16.040312,108.21319,metal,14
2025-01-07 00:00:00,22,16.053302,108.206434,plastic,21
2025-01-07 00:00:00,23,16.066687,108.24606,metal,14
2025-01-07 00:00:00,24,16.075745,108.212543,metal,14
2025-01-07 00:00:00,25,16.069915,108.229101,organic,25
2025-01-07 00:00:00,26,16.054459,108.233217,plastic,12
2025-01-07 00:00:00,27,16.073476,108.207721,paper,20
2025-01-07 00:00:00,28,16.062903,108.218438,organic,17
2025-01-07 00:00:00,29,16.053285,108.243371,metal,12
2025-01-07 00:00:00,30,16.063499,108.229964,organic,21
2025-01-07 00:00:00,31,16.066972,108.218299,plastic,25
2025-01-07 00:00:00,32,16.070944,108.231319,metal,24
2025-01-07 00:00:00,33,16.076459,108.233761,paper,15
2025-01-07 00:00:00,34,16.072907,108.246755,plastic,21
2025-01-07 00:00:00,35,16.045375,108.22192,metal,23
2025-01-07 00:00:00,36,16.060902,108.22837,paper,28
2025-01-07 00:00:00,37,16.07822,108.209445,organic,31
2025-01-07 00:00:00,38,16.047819,108.246602,metal,23
2025-01-07 00:00:00,39,16.078971,108.204843,paper,15
2025-01-07 00:00:00,40,16.056528,108.249324,plastic,17
2025-01-07 00:00:00,41,16.047893,108.202008,plastic,15
2025-01-07 00:00:00,42,16.077701,108.249977,metal,18
2025-01-07 00:00:00,43,16.051199,108.201983,paper,22
2025-01-07 00:00:00,44,16.068533,108.233936,metal,19
2025-01-07 00:00:00,45,16.045424,108.204301,metal,25
2025-01-07 00:00:00,46,16.054592,108.243394,paper,20
2025-01-07 00:00:00,47,16.063694,108.20329,organic,16
2025-01-07 00:00:00,48,16.077311,108.241461,plastic,29
2025-01-07 00:00:00,49,16.062219,108.22665,paper,20
2025-01-07 06:00:00,0,16.049349,108.232447,paper,18
2025-01-07 06:00:00,1,16.051655,108.24612,paper,17
2025-01-07 06:00:00,2,16.07394,108.200535,plastic,21
2025-01-07 06:00:00,3,16.075408,108.210351,plastic,19
2025-01-07 06:00:00,4,16.052504,108.231602,metal,37
2025-01-07 06:00:00,5,16.060616,108.222433,organic,29
2025-01-07 06:00:00,6,16.051045,108.230157,organic,34
2025-01-07 06:00:00,7,16.061203,108.245478,paper,31
2025-01-07 06:00:00,8,16.060947,108.242048,organic,31
2025-01-07 06:00:00,9,16.076918,108.240417,metal,21
2025-01-07 06:00:00,10,16.050022,108.229231,paper,35
2025-01-07 06:00:00,11,16.072936,108.228415,plastic,33
2025-01-07 06:00:00,12,16.075616,108.243493,organic,17
2025-01-07 06:00:00,13,16.060528,108.241418,paper,18
2025-01-07 06:00:00,14,16.048051,108.222369,organic,33
2025-01-07 06:00:00,15,16.078301,108.209883,plastic,35
2025-01-07 06:00:00,16,16.073661,108.207305,metal,21
2025-01-07 06:00:00,17,16.061932,108.205372,organic,33
2025-01-07 06:00:00,18,16.049558,108.232641,metal,33
2025-01-07 06:00:00,19,16.040552,108.234367,metal,17
2025-01-07 06:00:00,20,16.040558,108.202618,metal,32
2025-01-07 06:00:00,21,16.040312,108.21319,metal,37
2025-01-07 06:00:00,22,16.053302,108.206434,plastic,36
2025-01-07 06:00:00,23,16.066687,108.24606,metal,17
2025-01-07 06:00:00,24,16.075745,108.212543,metal,33
2025-01-07 06:00:00,25,16.069915,108.229101,organic,30
2025-01-07 06:00:00,26,16.054459,108.233217,plastic,18
2025-01-07 06:00:00,27,16.073476,108.207721,paper,33
2025-01-07 06:00:00,28,16.062903,108.218438,organic,31
2025-01-07 06:00:00,29,16.053285,108.243371,metal,19
2025-01-07 06:00:00,30,16.063499,108.229964,organic,37
2025-01-07 06:00:00,31,16.066972,108.218299,plastic,24
2025-01-07 06:00:00,32,16.070944,108.231319,metal,28
2025-01-07 06:00:00,33,16.076459,108.233761,paper,22
2025-01-07 06:00:00,34,16.072907,108.246755,plastic,20
2025-01-07 06:00:00,35,16.045375,108.22192,metal,27
2025-01-07 06:00:00,36,16.060902,108.22837,paper,29
2025-01-07 06:00:00,37,16.07822,108.209445,organic,36
2025-01-07 06:00:00,38,16.047819,108.246602,metal,36
2025-01-07 06:00:00,39,16.078971,108.204843,paper,32
2025-01-07 06:00:00,40,16.056528,108.249324,plastic,32
2025-01-07 06:00:00,41,16.047893,108.202008,plastic,35
2025-01-07 06:00:00,42,16.077701,108.249977,metal,24
2025-01-07 06:00:00,43,16.051199,108.201983,paper,28
2025-01-07 06:00:00,44,16.068533,108.233936,metal,34
2025-01-07 06:00:00,45,16.045424,108.204301,metal,18
2025-01-07 06:00:00,46,16.054592,108.243394,paper,34
2025-01-07 06:00:00,47,16.063694,108.20329,organic,37
2025-01-07 06:00:00,48,16.077311,108.241461,plastic,19
2025-01-07 06:00:00,49,16.062219,108.22665,paper,37
2025-01-07 12:00:00,0,16.049349,108.232447,paper,37
2025-01-07 12:00:00,1,16.051655,108.24612,paper,36
2025-01-07 12:00:00,2,16.07394,108.200535,plastic,42
2025-01-07 12:00:00,3,16.075408,108.210351,plastic,30
2025-01-07 12:00:00,4,16.052504,108.231602,metal,31
2025-01-07 12:00:00,5,16.060616,108.222433,organic,25
2025-01-07 12:00:00,6,16.051045,108.230157,organic,28
2025-01-07 12:00:00,7,16.061203,108.245478,paper,24
2025-01-07 12:00:00,8,16.060947,108.242048,organic,22
2025-01-07 12:00:00,9,16.076918,108.240417,metal,36
2025-01-07 12:00:00,10,16.050022,108.229231,paper,29
2025-01-07 12:00:00,11,16.072936,108.228415,plastic,35
2025-01-07 12:00:00,12,16.075616,108.243493,organic,35
2025-01-07 12:00:00,13,16.060528,108.241418,paper,41
2025-01-07 12:00:00,14,16.048051,108.222369,organic,33
2025-01-07 12:00:00,15,16.078301,108.209883,plastic,39
2025-01-07 12:00:00,16,16.073661,108.207305,metal,32
2025-01-07 12:00:00,17,16.061932,108.205372,organic,42
2025-01-07 12:00:00,18,16.049558,108.232641,metal,27
2025-01-07 12:00:00,19,16.040552,108.234367,metal,37
2025-01-07 12:00:00,20,16.040558,108.202618,metal,22
2025-01-07 12:00:00,21,16.040312,108.21319,metal,24
2025-01-07 12:00:00,22,16.053302,108.206434,plastic,28
2025-01-07 12:00:00,23,16.066687,108.24606,metal,28
2025-01-07 12:00:00,24,16.075745,108.212543,metal,24
2025-01-07 12:00:00,25,16.069915,108.229101,organic,37
2025-01-07 12:00:00,26,16.054459,108.233217,plastic,24
2025-01-07 12:00:00,27,16.073476,108.207721,paper,42
2025-01-07 12:00:00,28,16.062903,108.218438,organic,42
2025-01-07 12:00:00,29,16.053285,108.243371,metal,33
2025-01-07 12:00:00,30,16.063499,108.229964,organic,28
2025-01-07 12:00:00,31,16.066972,108.218299,plastic,39
2025-01-07 12:00:00,32,16.070944,108.231319,metal,42
2025-01-07 12:00:00,33,16.076459,108.233761,paper,32
2025-01-07 12:00:00,34,16.072907,108.246755,plastic,32
2025-01-07 12:00:00,35,16.045375,108.22192,metal,26
2025-01-07 12:00:00,36,16.060902,108.22837,paper,25
2025-01-07 12:00:00,37,16.07822,108.209445,organic,34
2025-01-07 12:00:00,38,16.047819,108.246602,metal,24
2025-01-07 12:00:00,39,16.078971,108.204843,paper,26
2025-01-07 12:00:00,40,16.056528,108.249324,plastic,42
2025-01-07 12:00:00,41,16.047893,108.202008,plastic,34
2025-01-07 12:00:00,42,16.077701,108.249977,metal,39
2025-01-07 12:00:00,43,16.051199,108.201983,paper,42
2025-01-07 12:00:00,44,16.068533,108.233936,metal,42
2025-01-07 12:00:00,45,16.045424,108.204301,metal,29
2025-01-07 12:00:00,46,16.054592,108.243394,paper,37
2025-01-07 12:00:00,47,16.063694,108.20329,organic,28
2025-01-07 12:00:00,48,16.077311,108.241461,plastic,24
2025-01-07 12:00:00,49,16.062219,108.22665,paper,24
2025-01-07 18:00:00,0,16.049349,108.232447,paper,29
2025-01-07 18:00:00,1,16.051655,108.24612,paper,39
2025-01-07 18:00:00,2,16.07394,108.200535,plastic,36
2025-01-07 18:00:00,3,16.075408,108.210351,plastic,31
2025-01-07 18:00:00,4,16.052504,108.231602,metal,31
2025-01-07 18:00:00,5,16.060616,108.222433,organic,42
2025-01-07 18:00:00,6,16.051045,108.230157,organic,35
2025-01-07 18:00:00,7,16.061203,108.245478,paper,31
2025-01-07 18:00:00,8,16.060947,108.242048,organic,33
2025-01-07 18:00:00,9,16.076918,108.240417,metal,33
2025-01-07 18:00:00,10,16.050022,108.229231,paper,40
2025-01-07 18:00:00,11,16.072936,108.228415,plastic,29
2025-01-07 18:00:00,12,16.075616,108.243493,organic,31
2025-01-07 18:00:00,13,16.060528,108.241418,paper,33
2025-01-07 18:00:00,14,16.048051,108.222369,organic,32
2025-01-07 18:00:00,15,16.078301,108.209883,plastic,45
2025-01-07 18:00:00,16,16.073661,108.207305,metal,31
2025-01-07 18:00:00,17,16.061932,108.205372,organic,45
2025-01-07 18:00:00,18,16.049558,108.232641,metal,46
2025-01-07 18:00:00,19,16.040552,108.234367,metal,34
2025-01-07 18:00:00,20,16.040558,108.202618,metal,31
2025-01-07 18:00:00,21,16.040312,108.21319,metal,29
2025-01-07 18:00:00,22,16.053302,108.206434,plastic,37
2025-01-07 18:00:00,23,16.066687,108.24606,metal,38
2025-01-07 18:00:00,24,16.075745,108.212543,metal,44
2025-01-07 18:00:00,25,16.069915,108.229101,organic,46
2025-01-07 18:00:00,26,16.054459,108.233217,plastic,43
2025-01-07 18:00:00,27,16.073476,108.207721,paper,39
2025-01-07 18:00:00,28,16.062903,108.218438,organic,35
2025-01-07 18:00:00,29,16.053285,108.243371,metal,39
2025-01-07 18:00:00,30,16.063499,108.229964,organic,39
2025-01-07 18:00:00,31,16.066972,108.218299,plastic,38
2025-01-07 18:00:00,32,16.070944,108.231319,metal,39
2025-01-07 18:00:00,33,16.076459,108.233761,paper,45
2025-01-07 18:00:00,34,16.072907,108.246755,plastic,38
2025-01-07 18:00:00,35,16.045375,108.22192,metal,34
2025-01-07 18:00:00,36,16.060902,108.22837,paper,47
2025-01-07 18:00:00,37,16.07822,108.209445,organic,32
2025-01-07 18:00:00,38,16.047819,108.246602,metal,31
2025-01-07 18:00:00,39,16.078971,108.204843,paper,37
2025-01-07 18:00:00,40,16.056528,108.249324,plastic,33
2025-01-07 18:00:00,41,16.047893,108.202008,plastic,45
2025-01-07 18:00:00,42,16.077701,108.249977,metal,46
2025-01-07 18:00:00,43,16.051199,108.201983,paper,34
2025-01-07 18:00:00,44,16.068533,108.233936,metal,33
2025-01-07 18:00:00,45,16.045424,108.204301,metal,42
2025-01-07 18:00:00,46,16.054592,108.243394,paper,46
2025-01-07 18:00:00,47,16.063694,108.20329,organic,39
2025-01-07 18:00:00,48,16.077311,108.241461,plastic,44
2025-01-07 18:00:00,49,16.062219,108.22665,paper,36
2025-01-08 00:00:00,0,16.049349,108.232447,paper,16
2025-01-08 00:00:00,1,16.051655,108.24612,paper,30
2025-01-08 00:00:00,2,16.07394,108.200535,plastic,29
2025-01-08 00:00:00,3,16.075408,108.210351,plastic,17
2025-01-08 00:00:00,4,16.052504,108.231602,metal,26
2025-01-08 00:00:00,5,16.060616,108.222433,organic,22
2025-01-08 00:00:00,6,16.051045,108.230157,organic,21
2025-01-08 00:00:00,7,16.061203,108.245478,paper,32
2025-01-08 00:00:00,8,16.060947,108.242048,organic,25
2025-01-08 00:00:00,9,16.076918,108.240417,metal,21
2025-01-08 00:00:00,10,16.050022,108.229231,paper,18
2025-01-08 00:00:00,11,16.072936,108.228415,plastic,26
2025-01-08 00:00:00,12,16.075616,108.243493,organic,26
2025-01-08 00:00:00,13,16.060528,108.241418,paper,26
2025-01-08 00:00:00,14,16.048051,108.222369,organic,25
2025-01-08 00:00:00,15,16.078301,108.209883,plastic,25
2025-01-08 00:00:00,16,16.073661,108.207305,metal,14
2025-01-08 00:00:00,17,16.061932,108.205372,organic,27
2025-01-08 00:00:00,18,16.049558,108.232641,metal,16
2025-01-08 00:00:00,19,16.040552,108.234367,metal,26
2025-01-08 00:00:00,20,16.040558,108.202618,metal,31
2025-01-08 00:00:00,21,16.040312,108.21319,metal,21
2025-01-08 00:00:00,22,16.053302,108.206434,plastic,23
2025-01-08 00:00:00,23,16.066687,108.24606,metal,25
2025-01-08 00:00:00,24,16.075745,108.212543,metal,23
2025-01-08 00:00:00,25,16.069915,108.229101,organic,25
2025-01-08 00:00:00,26,16.054459,108.233217,plastic,24
2025-01-08 00:00:00,27,16.073476,108.207721,paper,29
2025-01-08 00:00:00,28,16.062903,108.218438,organic,15
2025-01-08 00:00:00,29,16.053285,108.243371,metal,25
2025-01-08 00:00:00,30,16.063499,108.229964,organic,33
2025-01-08 00:00:00,31,16.066972,108.218299,plastic,27
2025-01-08 00:00:00,32,16.070944,108.231319,metal,19
2025-01-08 00:00:00,33,16.076459,108.233761,paper,26
2025-01-08 00:00:00,34,16.072907,108.246755,plastic,17
2025-01-08 00:00:00,35,16.045375,108.22192,metal,14
2025-01-08 00:00:00,36,16.060902,108.22837,paper,32
2025-01-08 00:00:00,37,16.07822,108.209445,organic,18
2025-01-08 00:00:00,38,16.047819,108.246602,metal,34
2025-01-08 00:00:00,39,16.078971,108.204843,paper,21
2025-01-08 00:00:00,40,16.056528,108.249324,plastic,15
2025-01-08 00:00:00,41,16.047893,108.202008,plastic,18
2025-01-08 00:00:00,42,16.077701,108.249977,metal,19
2025-01-08 00:00:00,43,16.051199,108.201983,paper,20
2025-01-08 00:00:00,44,16.068533,108.233936,metal,16
2025-01-08 00:00:00,45,16.045424,108.204301,metal,14
2025-01-08 00:00:00,46,16.054592,108.243394,paper,29
2025-01-08 00:00:00,47,16.063694,108.20329,organic,19
2025-01-08 00:00:00,48,16.077311,108.241461,plastic,30
2025-01-08 00:00:00,49,16.062219,108.22665,paper,27
2025-01-08 06:00:00,0,16.049349,108.232447,paper,36
2025-01-08 06:00:00,1,16.051655,108.24612,paper,24
2025-01-08 06:00:00,2,16.07394,108.200535,plastic,25
2025-01-08 06:00:00,3,16.075408,108.210351,plastic,34
2025-01-08 06:00:00,4,16.052504,108.231602,metal,21
2025-01-08 06:00:00,5,16.060616,108.222433,organic,37
2025-01-08 06:00:00,6,16.051045,108.230157,organic,28
2025-01-08 06:00:00,7,16.061203,108.245478,paper,24
2025-01-08 06:00:00,8,16.060947,108.242048,organic,37
2025-01-08 06:00:00,9,16.076918,108.240417,metal,35
2025-01-08 06:00:00,10,16.050022,108.229231,paper,30
2025-01-08 06:00:00,11,16.072936,108.228415,plastic,24
2025-01-08 06:00:00,12,16.075616,108.243493,organic,30
2025-01-08 06:00:00,13,16.060528,108.241418,paper,26
2025-01-08 06:00:00,14,16.048051,108.222369,organic,30
2025-01-08 06:00:00,15,16.078301,108.209883,plastic,34
2025-01-08 06:00:00,16,16.073661,108.207305,metal,20
2025-01-08 06:00:00,17,16.061932,108.205372,organic,24
2025-01-08 06:00:00,18,16.049558,108.232641,metal,19
2025-01-08 06:00:00,19,16.040552,108.234367,metal,39
2025-01-08 06:00:00,20,16.040558,108.202618,metal,32
2025-01-08 06:00:00,21,16.040312,108.21319,metal,29
2025-01-08 06:00:00,22,16.053302,108.206434,plastic,28
2025-01-08 06:00:00,23,16.066687,108.24606,metal,35
2025-01-08 06:00:00,24,16.075745,108.212543,metal,26
2025-01-08 06:00:00,25,16.069915,108.229101,organic,29
2025-01-08 06:00:00,26,16.054459,108.233217,plastic,36
2025-01-08 06:00:00,27,16.073476,108.207721,paper,30
2025-01-08 06:00:00,28,16.062903,108.218438,organic,33
2025-01-08 06:00:00,29,16.053285,108.243371,metal,20
2025-01-08 06:00:00,30,16.063499,108.229964,organic,25
2025-01-08 06:00:00,31,16.066972,108.218299,plastic,25
2025-01-08 06:00:00,32,16.070944,108.231319,metal,28
2025-01-08 06:00:00,33,16.076459,108.233761,paper,28
2025-01-08 06:00:00,34,16.072907,108.246755,plastic,22
2025-01-08 06:00:00,35,16.045375,108.22192,metal,33
2025-01-08 06:00:00,36,16.060902,108.22837,paper,37
2025-01-08 06:00:00,37,16.07822,108.209445,organic,20
2025-01-08 06:00:00,38,16.047819,108.246602,metal,37
2025-01-08 06:00:00,39,16.078971,108.204843,paper,39
2025-01-08 06:00:00,40,16.056528,108.249324,plastic,30
2025-01-08 06:00:00,41,16.047893,108.202008,plastic,23
2025-01-08 06:00:00,42,16.077701,108.249977,metal,30
2025-01-08 06:00:00,43,16.051199,108.201983,paper,32
2025-01-08 06:00:00,44,16.068533,108.233936,metal,39
2025-01-08 06:00:00,45,16.045424,108.204301,metal,35
2025-01-08 06:00:00,46,16.054592,108.243394,paper,19
2025-01-08 06:00:00,47,16.063694,108.20329,organic,35
2025-01-08 06:00:00,48,16.077311,108.241461,plastic,22
2025-01-08 06:00:00,49,16.062219,108.22665,paper,22
2025-01-08 12:00:00,0,16.049349,108.232447,paper,32
2025-01-08 12:00:00,1,16.051655,108.24612,paper,27
2025-01-08 12:00:00,2,16.07394,108.200535,plastic,28
2025-01-08 12:00:00,3,16.075408,108.210351,plastic,24
2025-01-08 12:00:00,4,16.052504,108.231602,metal,38
2025-01-08 12:00:00,5,16.060616,108.222433,organic,26
2025-01-08 12:00:00,6,16.051045,108.230157,organic,31
2025-01-08 12:00:00,7,16.061203,108.245478,paper,35
2025-01-08 12:00:00,8,16.060947,108.242048,organic,41
2025-01-08 12:00:00,9,16.076918,108.240417,metal,35
2025-01-08 12:00:00,10,16.050022,108.229231,paper,27
2025-01-08 12:00:00,11,16.072936,108.228415,plastic,34
2025-01-08 12:00:00,12,16.075616,108.243493,organic,36
2025-01-08 12:00:00,13,16.060528,108.241418,paper,42
2025-01-08 12:00:00,14,16.048051,108.222369,organic,29
2025-01-08 12:00:00,15,16.078301,108.209883,plastic,44
2025-01-08 12:00:00,16,16.073661,108.207305,metal,36
2025-01-08 12:00:00,17,16.061932,108.205372,organic,26
2025-01-08 12:00:00,18,16.049558,108.232641,metal,41
2025-01-08 12:00:00,19,16.040552,108.234367,metal,35
2025-01-08 12:00:00,20,16.040558,108.202618,metal,28
2025-01-08 12:00:00,21,16.040312,108.21319,metal,36
2025-01-08 12:00:00,22,16.053302,108.206434,plastic,43
2025-01-08 12:00:00,23,16.066687,108.24606,metal,32
2025-01-08 12:00:00,24,16.075745,108.212543,metal,26
2025-01-08 12:00:00,25,16.069915,108.229101,organic,44
2025-01-08 12:00:00,26,16.054459,108.233217,plastic,34
2025-01-08 12:00:00,27,16.073476,108.207721,paper,36
2025-01-08 12:00:00,28,16.062903,108.218438,organic,37
2025-01-08 12:00:00,29,16.053285,108.243371,metal,42
2025-01-08 12:00:00,30,16.063499,108.229964,organic,25
2025-01-08 12:00:00,31,16.066972,108.218299,plastic,39
2025-01-08 12:00:00,32,16.070944,108.231319,metal,24
2025-01-08 12:00:00,33,16.076459,108.233761,paper,39
2025-01-08 12:00:00,34,16.072907,108.246755,plastic,29
2025-01-08 12:00:00,35,16.045375,108.22192,metal,28
2025-01-08 12:00:00,36,16.060902,108.22837,paper,25
2025-01-08 12:00:00,37,16.07822,108.209445,organic,26
2025-01-08 12:00:00,38,16.047819,108.246602,metal,25
2025-01-08 12:00:00,39,16.078971,108.204843,paper,38
2025-01-08 12:00:00,40,16.056528,108.249324,plastic,42
2025-01-08 12:00:00,41,16.047893,108.202008,plastic,38
2025-01-08 12:00:00,42,16.077701,108.249977,metal,34
2025-01-08 12:00:00,43,16.051199,108.201983,paper,43
2025-01-08 12:00:00,44,16.068533,108.233936,metal,34
2025-01-08 12:00:00,45,16.045424,108.204301,metal,35
2025-01-08 12:00:00,46,16.054592,108.243394,paper,38
2025-01-08 12:00:00,47,16.063694,108.20329,organic,25
2025-01-08 12:00:00,48,16.077311,108.241461,plastic,37
2025-01-08 12:00:00,49,16.062219,108.22665,paper,28
2025-01-08 18:00:00,0,16.049349,108.232447,paper,35
2025-01-08 18:00:00,1,16.051655,108.24612,paper,38
2025-01-08 18:00:00,2,16.07394,108.200535,plastic,40
2025-01-08 18:00:00,3,16.075408,108.210351,plastic,38
2025-01-08 18:00:00,4,16.052504,108.231602,metal,40
2025-01-08 18:00:00,5,16.060616,108.222433,organic,43
2025-01-08 18:00:00,6,16.051045,108.230157,organic,31
2025-01-08 18:00:00,7,16.061203,108.245478,paper,38
2025-01-08 18:00:00,8,16.060947,108.242048,organic,35
2025-01-08 18:00:00,9,16.076918,108.240417,metal,49
2025-01-08 18:00:00,10,16.050022,108.229231,paper,43
2025-01-08 18:00:00,11,16.072936,108.228415,plastic,36
2025-01-08 18:00:00,12,16.075616,108.243493,organic,44
2025-01-08 18:00:00,13,16.060528,108.241418,paper,36
2025-01-08 18:00:00,14,16.048051,108.222369,organic,30
2025-01-08 18:00:00,15,16.078301,108.209883,plastic,48
2025-01-08 18:00:00,16,16.073661,108.207305,metal,48
2025-01-08 18:00:00,17,16.061932,108.205372,organic,39
2025-01-08 18:00:00,18,16.049558,108.232641,metal,40
2025-01-08 18:00:00,19,16.040552,108.234367,metal,38
2025-01-08 18:00:00,20,16.040558,108.202618,metal,49
2025-01-08 18:00:00,21,16.040312,108.21319,metal,30
2025-01-08 18:00:00,22,16.053302,108.206434,plastic,38
2025-01-08 18:00:00,23,16.066687,108.24606,metal,40
2025-01-08 18:00:00,24,16.075745,108.212543,metal,38
2025-01-08 18:00:00,25,16.069915,108.229101,organic,30
2025-01-08 18:00:00,26,16.054459,108.233217,plastic,29
2025-01-08 18:00:00,27,16.073476,108.207721,paper,47
2025-01-08 18:00:00,28,16.062903,108.218438,organic,37
2025-01-08 18:00:00,29,16.053285,108.243371,metal,34
2025-01-08 18:00:00,30,16.063499,108.229964,organic,30
2025-01-08 18:00:00,31,16.066972,108.218299,plastic,30
2025-01-08 18:00:00,32,16.070944,108.231319,metal,33
2025-01-08 18:00:00,33,16.076459,108.233761,paper,46
2025-01-08 18:00:00,34,16.072907,108.246755,plastic,37
2025-01-08 18:00:00,35,16.045375,108.22192,metal,49
2025-01-08 18:00:00,36,16.060902,108.22837,paper,43
2025-01-08 18:00:00,37,16.07822,108.209445,organic,41
2025-01-08 18:00:00,38,16.047819,108.246602,metal,43
2025-01-08 18:00:00,39,16.078971,108.204843,paper,45
2025-01-08 18:00:00,40,16.056528,108.249324,plastic,40
2025-01-08 18:00:00,41,16.047893,108.202008,plastic,33
2025-01-08 18:00:00,42,16.077701,108.249977,metal,30
2025-01-08 18:00:00,43,16.051199,108.201983,paper,30
2025-01-08 18:00:00,44,16.068533,108.233936,metal,49
2025-01-08 18:00:00,45,16.045424,108.204301,metal,43
2025-01-08 18:00:00,46,16.054592,108.243394,paper,29
2025-01-08 18:00:00,47,16.063694,108.20329,organic,44
2025-01-08 18:00:00,48,16.077311,108.241461,plastic,45
2025-01-08 18:00:00,49,16.062219,108.22665,paper,39
2025-01-09 00:00:00,0,16.049349,108.232447,paper,16
2025-01-09 00:00:00,1,16.051655,108.24612,paper,21
2025-01-09 00:00:00,2,16.07394,108.200535,plastic,25
2025-01-09 00:00:00,3,16.075408,108.210351,plastic,16
2025-01-09 00:00:00,4,16.052504,108.231602,metal,24
2025-01-09 00:00:00,5,16.060616,108.222433,organic,19
2025-01-09 00:00:00,6,16.051045,108.230157,organic,34
2025-01-09 00:00:00,7,16.061203,108.245478,paper,17
2025-01-09 00:00:00,8,16.060947,108.242048,organic,26
2025-01-09 00:00:00,9,16.076918,108.240417,metal,18
2025-01-09 00:00:00,10,16.050022,108.229231,paper,22
2025-01-09 00:00:00,11,16.072936,108.228415,plastic,34
2025-01-09 00:00:00,12,16.075616,108.243493,organic,34
2025-01-09 00:00:00,13,16.060528,108.241418,paper,31
2025-01-09 00:00:00,14,16.048051,108.222369,organic,25
2025-01-09 00:00:00,15,16.078301,108.209883,plastic,21
2025-01-09 00:00:00,16,16.073661,108.207305,metal,19
2025-01-09 00:00:00,17,16.061932,108.205372,organic,17
2025-01-09 00:00:00,18,16.049558,108.232641,metal,19
2025-01-09 00:00:00,19,16.040552,108.234367,metal,23
2025-01-09 00:00:00,20,16.040558,108.202618,metal,30
2025-01-09 00:00:00,21,16.040312,108.21319,metal,23
2025-01-09 00:00:00,22,16.053302,108.206434,plastic,31
2025-01-09 00:00:00,23,16.066687,108.24606,metal,32
2025-01-09 00:00:00,24,16.075745,108.212543,metal,28
2025-01-09 00:00:00,25,16.069915,108.229101,organic,18
2025-01-09 00:00:00,26,16.054459,108.233217,plastic,17
2025-01-09 00:00:00,27,16.073476,108.207721,paper,22
2025-01-09 00:00:00,28,16.062903,108.218438,organic,22
2025-01-09 00:00:00,29,16.053285,108.243371,metal,36
2025-01-09 00:00:00,30,16.063499,108.229964,organic,30
2025-01-09 00:00:00,31,16.066972,108.218299,plastic,29
2025-01-09 00:00:00,32,16.070944,108.231319,metal,28
2025-01-09 00:00:00,33,16.076459,108.233761,paper,35
2025-01-09 00:00:00,34,16.072907,108.246755,plastic,32
2025-01-09 00:00:00,35,16.045375,108.22192,metal,35
2025-01-09 00:00:00,36,16.060902,108.22837,paper,22
2025-01-09 00:00:00,37,16.07822,108.209445,organic,33
2025-01-09 00:00:00,38,16.047819,108.246602,metal,17
2025-01-09 00:00:00,39,16.078971,108.204843,paper,35
2025-01-09 00:00:00,40,16.056528,108.249324,plastic,24
2025-01-09 00:00:00,41,16.047893,108.202008,plastic,29
2025-01-09 00:00:00,42,16.077701,108.249977,metal,19
2025-01-09 00:00:00,43,16.051199,108.201983,paper,22
2025-01-09 00:00:00,44,16.068533,108.233936,metal,22
2025-01-09 00:00:00,45,16.045424,108.204301,metal,23
2025-01-09 00:00:00,46,16.054592,108.243394,paper,35
2025-01-09 00:00:00,47,16.063694,108.20329,organic,16
2025-01-09 00:00:00,48,16.077311,108.241461,plastic,18
2025-01-09 00:00:00,49,16.062219,108.22665,paper,31
2025-01-09 06:00:00,0,16.049349,108.232447,paper,29
2025-01-09 06:00:00,1,16.051655,108.24612,paper,30
2025-01-09 06:00:00,2,16.07394,108.200535,plastic,28
2025-01-09 06:00:00,3,16.075408,108.210351,plastic,30
2025-01-09 06:00:00,4,16.052504,108.231602,metal,25
2025-01-09 06:00:00,5,16.060616,108.222433,organic,34
2025-01-09 06:00:00,6,16.051045,108.230157,organic,38
2025-01-09 06:00:00,7,16.061203,108.245478,paper,39
2025-01-09 06:00:00,8,16.060947,108.242048,organic,31
2025-01-09 06:00:00,9,16.076918,108.240417,metal,29
2025-01-09 06:00:00,10,16.050022,108.229231,paper,24
2025-01-09 06:00:00,11,16.072936,108.228415,plastic,28
2025-01-09 06:00:00,12,16.075616,108.243493,organic,40
2025-01-09 06:00:00,13,16.060528,108.241418,paper,40
2025-01-09 06:00:00,14,16.048051,108.222369,organic,37
2025-01-09 06:00:00,15,16.078301,108.209883,plastic,23
2025-01-09 06:00:00,16,16.073661,108.207305,metal,23
2025-01-09 06:00:00,17,16.061932,108.205372,organic,30
2025-01-09 06:00:00,18,16.049558,108.232641,metal,39
2025-01-09 06:00:00,19,16.040552,108.234367,metal,28
2025-01-09 06:00:00,20,16.040558,108.202618,metal,32
2025-01-09 06:00:00,21,16.040312,108.21319,metal,37
2025-01-09 06:00:00,22,16.053302,108.206434,plastic,31
2025-01-09 06:00:00,23,16.066687,108.24606,metal,21
2025-01-09 06:00:00,24,16.075745,108.212543,metal,24
2025-01-09 06:00:00,25,16.069915,108.229101,organic,32
2025-01-09 06:00:00,26,16.054459,108.233217,plastic,24
2025-01-09 06:00:00,27,16.073476,108.207721,paper,21
2025-01-09 06:00:00,28,16.062903,108.218438,organic,23
2025-01-09 06:00:00,29,16.053285,108.243371,metal,40
2025-01-09 06:00:00,30,16.063499,108.229964,organic,29
2025-01-09 06:00:00,31,16.066972,108.218299,plastic,40
2025-01-09 06:00:00,32,16.070944,108.231319,metal,21
2025-01-09 06:00:00,33,16.076459,108.233761,paper,37
2025-01-09 06:00:00,34,16.072907,108.246755,plastic,23
2025-01-09 06:00:00,35,16.045375,108.22192,metal,25
2025-01-09 06:00:00,36,16.060902,108.22837,paper,37
2025-01-09 06:00:00,37,16.07822,108.209445,organic,28
2025-01-09 06:00:00,38,16.047819,108.246602,metal,22
2025-01-09 06:00:00,39,16.078971,108.204843,paper,35
2025-01-09 06:00:00,40,16.056528,108.249324,plastic,22
2025-01-09 06:00:00,41,16.047893,108.202008,plastic,33
2025-01-09 06:00:00,42,16.077701,108.249977,metal,34
2025-01-09 06:00:00,43,16.051199,108.201983,paper,33
2025-01-09 06:00:00,44,16.068533,108.233936,metal,27
2025-01-09 06:00:00,45,16.045424,108.204301,metal,22
2025-01-09 06:00:00,46,16.054592,108.243394,paper,38
2025-01-09 06:00:00,47,16.063694,108.20329,organic,35
2025-01-09 06:00:00,48,16.077311,108.241461,plastic,35
2025-01-09 06:00:00,49,16.062219,108.22665,paper,23
2025-01-09 12:00:00,0,16.049349,108.232447,paper,45
2025-01-09 12:00:00,1,16.051655,108.24612,paper,26
2025-01-09 12:00:00,2,16.07394,108.200535,plastic,42
2025-01-09 12:00:00,3,16.075408,108.210351,plastic,39
2025-01-09 12:00:00,4,16.052504,108.231602,metal,37
2025-01-09 12:00:00,5,16.060616,108.222433,organic,28
2025-01-09 12:00:00,6,16.051045,108.230157,organic,35
2025-01-09 12:00:00,7,16.061203,108.245478,paper,34
2025-01-09 12:00:00,8,16.060947,108.242048,organic,40
2025-01-09 12:00:00,9,16.076918,108.240417,metal,29
2025-01-09 12:00:00,10,16.050022,108.229231,paper,30
2025-01-09 12:00:00,11,16.072936,108.228415,plastic,34
2025-01-09 12:00:00,12,16.075616,108.243493,organic,27
2025-01-09 12:00:00,13,16.060528,108.241418,paper,27
2025-01-09 12:00:00,14,16.048051,108.222369,organic,38
2025-01-09 12:00:00,15,16.078301,108.209883,plastic,33
2025-01-09 12:00:00,16,16.073661,108.207305,metal,42
2025-01-09 12:00:00,17,16.061932,108.205372,organic,27
2025-01-09 12:00:00,18,16.049558,108.232641,metal,39
2025-01-09 12:00:00,19,16.040552,108.234367,metal,36
2025-01-09 12:00:00,20,16.040558,108.202618,metal,40
2025-01-09 12:00:00,21,16.040312,108.21319,metal,29
2025-01-09 12:00:00,22,16.053302,108.206434,plastic,41
2025-01-09 12:00:00,23,16.066687,108.24606,metal,32
2025-01-09 12:00:00,24,16.075745,108.212543,metal,35
2025-01-09 12:00:00,25,16.069915,108.229101,organic,32
2025-01-09 12:00:00,26,16.054459,108.233217,plastic,41
2025-01-09 12:00:00,27,16.073476,108.207721,paper,36
2025-01-09 12:00:00,28,16.062903,108.218438,organic,39
2025-01-09 12:00:00,29,16.053285,108.243371,metal,41
2025-01-09 12:00:00,30,16.063499,108.229964,organic,28
2025-01-09 12:00:00,31,16.066972,108.218299,plastic,29
2025-01-09 12:00:00,32,16.070944,108.231319,metal,40
2025-01-09 12:00:00,33,16.076459,108.233761,paper,30
2025-01-09 12:00:00,34,16.072907,108.246755,plastic,45
2025-01-09 12:00:00,35,16.045375,108.22192,metal,44
2025-01-09 12:00:00,36,16.060902,108.22837,paper,30
2025-01-09 12:00:00,37,16.07822,108.209445,organic,30
2025-01-09 12:00:00,38,16.047819,108.246602,metal,37
2025-01-09 12:00:00,39,16.078971,108.204843,paper,43
2025-01-09 12:00:00,40,16.056528,108.249324,plastic,34
2025-01-09 12:00:00,41,16.047893,108.202008,plastic,45
2025-01-09 12:00:00,42,16.077701,108.249977,metal,46
2025-01-09 12:00:00,43,16.051199,108.201983,paper,26
2025-01-09 12:00:00,44,16.068533,108.233936,metal,41
2025-01-09 12:00:00,45,16.045424,108.204301,metal,29
2025-01-09 12:00:00,46,16.054592,108.243394,paper,32
2025-01-09 12:00:00,47,16.063694,108.20329,organic,43
2025-01-09 12:00:00,48,16.077311,108.241461,plastic,33
2025-01-09 12:00:00,49,16.062219,108.22665,paper,35
2025-01-09 18:00:00,0,16.049349,108.232447,paper,40
2025-01-09 18:00:00,1,16.051655,108.24612,paper,32
2025-01-09 18:00:00,2,16.07394,108.200535,plastic,47
2025-01-09 18:00:00,3,16.075408,108.210351,plastic,35
2025-01-09 18:00:00,4,16.052504,108.231602,metal,47
2025-01-09 18:00:00,5,16.060616,108.222433,organic,43
2025-01-09 18:00:00,6,16.051045,108.230157,organic,46
2025-01-09 18:00:00,7,16.061203,108.245478,paper,33
2025-01-09 18:00:00,8,16.060947,108.242048,organic,43
2025-01-09 18:00:00,9,16.076918,108.240417,metal,47
2025-01-09 18:00:00,10,16.050022,108.229231,paper,31
2025-01-09 18:00:00,11,16.072936,108.228415,plastic,43
2025-01-09 18:00:00,12,16.075616,108.243493,organic,47
2025-01-09 18:00:00,13,16.060528,108.241418,paper,40
2025-01-09 18:00:00,14,16.048051,108.222369,organic,44
2025-01-09 18:00:00,15,16.078301,108.209883,plastic,49
2025-01-09 18:00:00,16,16.073661,108.207305,metal,42
2025-01-09 18:00:00,17,16.061932,108.205372,organic,46
2025-01-09 18:00:00,18,16.049558,108.232641,metal,35
2025-01-09 18:00:00,19,16.040552,108.234367,metal,49
2025-01-09 18:00:00,20,16.040558,108.202618,metal,47
2025-01-09 18:00:00,21,16.040312,108.21319,metal,37
2025-01-09 18:00:00,22,16.053302,108.206434,plastic,37
2025-01-09 18:00:00,23,16.066687,108.24606,metal,49
2025-01-09 18:00:00,24,16.075745,108.212543,metal,31
2025-01-09 18:00:00,25,16.069915,108.229101,organic,50
2025-01-09 18:00:00,26,16.054459,108.233217,plastic,36
2025-01-09 18:00:00,27,16.073476,108.207721,paper,49
2025-01-09 18:00:00,28,16.062903,108.218438,organic,34
2025-01-09 18:00:00,29,16.053285,108.243371,metal,39
2025-01-09 18:00:00,30,16.063499,108.229964,organic,37
2025-01-09 18:00:00,31,16.066972,108.218299,plastic,43
2025-01-09 18:00:00,32,16.070944,108.231319,metal,32
2025-01-09 18:00:00,33,16.076459,108.233761,paper,49
2025-01-09 18:00:00,34,16.072907,108.246755,plastic,49
2025-01-09 18:00:00,35,16.045375,108.22192,metal,42
2025-01-09 18:00:00,36,16.060902,108.22837,paper,42
2025-01-09 18:00:00,37,16.07822,108.209445,organic,41
2025-01-09 18:00:00,38,16.047819,108.246602,metal,36
2025-01-09 18:00:00,39,16.078971,108.204843,paper,39
2025-01-09 18:00:00,40,16.056528,108.249324,plastic,39
2025-01-09 18:00:00,41,16.047893,108.202008,plastic,38
2025-01-09 18:00:00,42,16.077701,108.249977,metal,51
2025-01-09 18:00:00,43,16.051199,108.201983,paper,40
2025-01-09 18:00:00,44,16.068533,108.233936,metal,47
2025-01-09 18:00:00,45,16.045424,108.204301,metal,38
2025-01-09 18:00:00,46,16.054592,108.243394,paper,35
2025-01-09 18:00:00,47,16.063694,108.20329,organic,32
2025-01-09 18:00:00,48,16.077311,108.241461,plastic,31
2025-01-09 18:00:00,49,16.062219,108.22665,paper,42
2025-01-10 00:00:00,0,16.049349,108.232447,paper,38
2025-01-10 00:00:00,1,16.051655,108.24612,paper,33
2025-01-10 00:00:00,2,16.07394,108.200535,plastic,35
2025-01-10 00:00:00,3,16.075408,108.210351,plastic,26
2025-01-10 00:00:00,4,16.052504,108.231602,metal,22
2025-01-10 00:00:00,5,16.060616,108.222433,organic,20
2025-01-10 00:00:00,6,16.051045,108.230157,organic,32
2025-01-10 00:00:00,7,16.061203,108.245478,paper,37
2025-01-10 00:00:00,8,16.060947,108.242048,organic,36
2025-01-10 00:00:00,9,16.076918,108.240417,metal,33
2025-01-10 00:00:00,10,16.050022,108.229231,paper,22
2025-01-10 00:00:00,11,16.072936,108.228415,plastic,35
2025-01-10 00:00:00,12,16.075616,108.243493,organic,33
2025-01-10 00:00:00,13,16.060528,108.241418,paper,29
2025-01-10 00:00:00,14,16.048051,108.222369,organic,26
2025-01-10 00:00:00,15,16.078301,108.209883,plastic,31
2025-01-10 00:00:00,16,16.073661,108.207305,metal,23
2025-01-10 00:00:00,17,16.061932,108.205372,organic,37
2025-01-10 00:00:00,18,16.049558,108.232641,metal,25
2025-01-10 00:00:00,19,16.040552,108.234367,metal,20
2025-01-10 00:00:00,20,16.040558,108.202618,metal,30
2025-01-10 00:00:00,21,16.040312,108.21319,metal,28
2025-01-10 00:00:00,22,16.053302,108.206434,plastic,29
2025-01-10 00:00:00,23,16.066687,108.24606,metal,34
2025-01-10 00:00:00,24,16.075745,108.212543,metal,30
2025-01-10 00:00:00,25,16.069915,108.229101,organic,27
2025-01-10 00:00:00,26,16.054459,108.233217,plastic,20
2025-01-10 00:00:00,27,16.073476,108.207721,paper,31
2025-01-10 00:00:00,28,16.062903,108.218438,organic,31
2025-01-10 00:00:00,29,16.053285,108.243371,metal,37
2025-01-10 00:00:00,30,16.063499,108.229964,organic,32
2025-01-10 00:00:00,31,16.066972,108.218299,plastic,26
2025-01-10 00:00:00,32,16.070944,108.231319,metal,20
2025-01-10 00:00:00,33,16.076459,108.233761,paper,25
2025-01-10 00:00:00,34,16.072907,108.246755,plastic,19
2025-01-10 00:00:00,35,16.045375,108.22192,metal,35
2025-01-10 00:00:00,36,16.060902,108.22837,paper,31
2025-01-10 00:00:00,37,16.07822,108.209445,organic,25
2025-01-10 00:00:00,38,16.047819,108.246602,metal,33
2025-01-10 00:00:00,39,16.078971,108.204843,paper,30
2025-01-10 00:00:00,40,16.056528,108.249324,plastic,27
2025-01-10 00:00:00,41,16.047893,108.202008,plastic,34
2025-01-10 00:00:00,42,16.077701,108.249977,metal,32
2025-01-10 00:00:00,43,16.051199,108.201983,paper,36
2025-01-10 00:00:00,44,16.068533,108.233936,metal,34
2025-01-10 00:00:00,45,16.045424,108.204301,metal,26
2025-01-10 00:00:00,46,16.054592,108.243394,paper,36
2025-01-10 00:00:00,47,16.063694,108.20329,organic,35
2025-01-10 00:00:00,48,16.077311,108.241461,plastic,21
2025-01-10 00:00:00,49,16.062219,108.22665,paper,20
2025-01-10 06:00:00,0,16.049349,108.232447,paper,37
2025-01-10 06:00:00,1,16.051655,108.24612,paper,38
2025-01-10 06:00:00,2,16.07394,108.200535,plastic,41
2025-01-10 06:00:00,3,16.075408,108.210351,plastic,42
2025-01-10 06:00:00,4,16.052504,108.231602,metal,41
2025-01-10 06:00:00,5,16.060616,108.222433,organic,43
2025-01-10 06:00:00,6,16.051045,108.230157,organic,26
2025-01-10 06:00:00,7,16.061203,108.245478,paper,35
2025-01-10 06:00:00,8,16.060947,108.242048,organic,35
2025-01-10 06:00:00,9,16.076918,108.240417,metal,35
2025-01-10 06:00:00,10,16.050022,108.229231,paper,29
2025-01-10 06:00:00,11,16.072936,108.228415,plastic,28
2025-01-10 06:00:00,12,16.075616,108.243493,organic,30
2025-01-10 06:00:00,13,16.060528,108.241418,paper,39
2025-01-10 06:00:00,14,16.048051,108.222369,organic,32
2025-01-10 06:00:00,15,16.078301,108.209883,plastic,27
2025-01-10 06:00:00,16,16.073661,108.207305,metal,43
2025-01-10 06:00:00,17,16.061932,108.205372,organic,39
2025-01-10 06:00:00,18,16.049558,108.232641,metal,33
2025-01-10 06:00:00,19,16.040552,108.234367,metal,28
2025-01-10 06:00:00,20,16.040558,108.202618,metal,24
2025-01-10 06:00:00,21,16.040312,108.21319,metal,43
2025-01-10 06:00:00,22,16.053302,108.206434,plastic,42
2025-01-10 06:00:00,23,16.066687,108.24606,metal,26
2025-01-10 06:00:00,24,16.075745,108.212543,metal,27
2025-01-10 06:00:00,25,16.069915,108.229101,organic,41
2025-01-10 06:00:00,26,16.054459,108.233217,plastic,23
2025-01-10 06:00:00,27,16.073476,108.207721,paper,24
2025-01-10 06:00:00,28,16.062903,108.218438,organic,23
2025-01-10 06:00:00,29,16.053285,108.243371,metal,29
2025-01-10 06:00:00,30,16.063499,108.229964,organic,30
2025-01-10 06:00:00,31,16.066972,108.218299,plastic,32
2025-01-10 06:00:00,32,16.070944,108.231319,metal,24
2025-01-10 06:00:00,33,16.076459,108.233761,paper,33
2025-01-10 06:00:00,34,16.072907,108.246755,plastic,31
2025-01-10 06:00:00,35,16.045375,108.22192,metal,34
2025-01-10 06:00:00,36,16.060902,108.22837,paper,24
2025-01-10 06:00:00,37,16.07822,108.209445,organic,37
2025-01-10 06:00:00,38,16.047819,108.246602,metal,42
2025-01-10 06:00:00,39,16.078971,108.204843,paper,42
2025-01-10 06:00:00,40,16.056528,108.249324,plastic,40
2025-01-10 06:00:00,41,16.047893,108.202008,plastic,40
2025-01-10 06:00:00,42,16.077701,108.249977,metal,36
2025-01-10 06:00:00,43,16.051199,108.201983,paper,38
2025-01-10 06:00:00,44,16.068533,108.233936,metal,34
2025-01-10 06:00:00,45,16.045424,108.204301,metal,38
2025-01-10 06:00:00,46,16.054592,108.243394,paper,43
2025-01-10 06:00:00,47,16.063694,108.20329,organic,31
2025-01-10 06:00:00,48,16.077311,108.241461,plastic,29
2025-01-10 06:00:00,49,16.062219,108.22665,paper,34
2025-01-10 12:00:00,0,16.049349,108.232447,paper,33
2025-01-10 12:00:00,1,16.051655,108.24612,paper,35
2025-01-10 12:00:00,2,16.07394,108.200535,plastic,41
2025-01-10 12:00:00,3,16.075408,108.210351,plastic,29
2025-01-10 12:00:00,4,16.052504,108.231602,metal,47
2025-01-10 12:00:00,5,16.060616,108.222433,organic,41
2025-01-10 12:00:00,6,16.051045,108.230157,organic,46
2025-01-10 12:00:00,7,16.061203,108.245478,paper,35
2025-01-10 12:00:00,8,16.060947,108.242048,organic,30
2025-01-10 12:00:00,9,16.076918,108.240417,metal,42
2025-01-10 12:00:00,10,16.050022,108.229231,paper,41
2025-01-10 12:00:00,11,16.072936,108.228415,plastic,38
2025-01-10 12:00:00,12,16.075616,108.243493,organic,31
2025-01-10 12:00:00,13,16.060528,108.241418,paper,42
2025-01-10 12:00:00,14,16.048051,108.222369,organic,34
2025-01-10 12:00:00,15,16.078301,108.209883,plastic,47
2025-01-10 12:00:00,16,16.073661,108.207305,metal,34
2025-01-10 12:00:00,17,16.061932,108.205372,organic,28
2025-01-10 12:00:00,18,16.049558,108.232641,metal,38
2025-01-10 12:00:00,19,16.040552,108.234367,metal,43
2025-01-10 12:00:00,20,16.040558,108.202618,metal,37
2025-01-10 12:00:00,21,16.040312,108.21319,metal,35
2025-01-10 12:00:00,22,16.053302,108.206434,plastic,39
2025-01-10 12:00:00,23,16.066687,108.24606,metal,38
2025-01-10 12:00:00,24,16.075745,108.212543,metal,41
2025-01-10 12:00:00,25,16.069915,108.229101,organic,48
2025-01-10 12:00:00,26,16.054459,108.233217,plastic,37
2025-01-10 12:00:00,27,16.073476,108.207721,paper,44
2025-01-10 12:00:00,28,16.062903,108.218438,organic,36
2025-01-10 12:00:00,29,16.053285,108.243371,metal,40
2025-01-10 12:00:00,30,16.063499,108.229964,organic,43
2025-01-10 12:00:00,31,16.066972,108.218299,plastic,43
2025-01-10 12:00:00,32,16.070944,108.231319,metal,45
2025-01-10 12:00:00,33,16.076459,108.233761,paper,33
2025-01-10 12:00:00,34,16.072907,108.246755,plastic,29
2025-01-10 12:00:00,35,16.045375,108.22192,metal,43
2025-01-10 12:00:00,36,16.060902,108.22837,paper,32
2025-01-10 12:00:00,37,16.07822,108.209445,organic,30
2025-01-10 12:00:00,38,16.047819,108.246602,metal,36
2025-01-10 12:00:00,39,16.078971,108.204843,paper,39
2025-01-10 12:00:00,40,16.056528,108.249324,plastic,39
2025-01-10 12:00:00,41,16.047893,108.202008,plastic,30
2025-01-10 12:00:00,42,16.077701,108.249977,metal,31
2025-01-10 12:00:00,43,16.051199,108.201983,paper,48
2025-01-10 12:00:00,44,16.068533,108.233936,metal,39
2025-01-10 12:00:00,45,16.045424,108.204301,metal,46
2025-01-10 12:00:00,46,16.054592,108.243394,paper,43
2025-01-10 12:00:00,47,16.063694,108.20329,organic,28
2025-01-10 12:00:00,48,16.077311,108.241461,plastic,46
2025-01-10 12:00:00,49,16.062219,108.22665,paper,42
2025-01-10 18:00:00,0,16.049349,108.232447,paper,49
2025-01-10 18:00:00,1,16.051655,108.24612,paper,36
2025-01-10 18:00:00,2,16.07394,108.200535,plastic,40
2025-01-10 18:00:00,3,16.075408,108.210351,plastic,39
2025-01-10 18:00:00,4,16.052504,108.231602,metal,36
2025-01-10 18:00:00,5,16.060616,108.222433,organic,38
2025-01-10 18:00:00,6,16.051045,108.230157,organic,52
2025-01-10 18:00:00,7,16.061203,108.245478,paper,46
2025-01-10 18:00:00,8,16.060947,108.242048,organic,37
2025-01-10 18:00:00,9,16.076918,108.240417,metal,48
2025-01-10 18:00:00,10,16.050022,108.229231,paper,38
2025-01-10 18:00:00,11,16.072936,108.228415,plastic,40
2025-01-10 18:00:00,12,16.075616,108.243493,organic,45
2025-01-10 18:00:00,13,16.060528,108.241418,paper,46
2025-01-10 18:00:00,14,16.048051,108.222369,organic,34
2025-01-10 18:00:00,15,16.078301,108.209883,plastic,49
2025-01-10 18:00:00,16,16.073661,108.207305,metal,40
2025-01-10 18:00:00,17,16.061932,108.205372,organic,43
2025-01-10 18:00:00,18,16.049558,108.232641,metal,51
2025-01-10 18:00:00,19,16.040552,108.234367,metal,41
2025-01-10 18:00:00,20,16.040558,108.202618,metal,50
2025-01-10 18:00:00,21,16.040312,108.21319,metal,33
2025-01-10 18:00:00,22,16.053302,108.206434,plastic,52
2025-01-10 18:00:00,23,16.066687,108.24606,metal,46
2025-01-10 18:00:00,24,16.075745,108.212543,metal,33
2025-01-10 18:00:00,25,16.069915,108.229101,organic,36
2025-01-10 18:00:00,26,16.054459,108.233217,plastic,37
2025-01-10 18:00:00,27,16.073476,108.207721,paper,46
2025-01-10 18:00:00,28,16.062903,108.218438,organic,36
2025-01-10 18:00:00,29,16.053285,108.243371,metal,35
2025-01-10 18:00:00,30,16.063499,108.229964,organic,35
2025-01-10 18:00:00,31,16.066972,108.218299,plastic,51
2025-01-10 18:00:00,32,16.070944,108.231319,metal,36
2025-01-10 18:00:00,33,16.076459,108.233761,paper,47
2025-01-10 18:00:00,34,16.072907,108.246755,plastic,44
2025-01-10 18:00:00,35,16.045375,108.22192,metal,33
2025-01-10 18:00:00,36,16.060902,108.22837,paper,44
2025-01-10 18:00:00,37,16.07822,108.209445,organic,46
2025-01-10 18:00:00,38,16.047819,108.246602,metal,42
2025-01-10 18:00:00,39,16.078971,108.204843,paper,43
2025-01-10 18:00:00,40,16.056528,108.249324,plastic,53
2025-01-10 18:00:00,41,16.047893,108.202008,plastic,38
2025-01-10 18:00:00,42,16.077701,108.249977,metal,48
2025-01-10 18:00:00,43,16.051199,108.201983,paper,52
2025-01-10 18:00:00,44,16.068533,108.233936,metal,53
2025-01-10 18:00:00,45,16.045424,108.204301,metal,46
2025-01-10 18:00:00,46,16.054592,108.243394,paper,48
2025-01-10 18:00:00,47,16.063694,108.20329,organic,40
2025-01-10 18:00:00,48,16.077311,108.241461,plastic,36
2025-01-10 18:00:00,49,16.062219,108.22665,paper,39
2025-01-11 00:00:00,0,16.049349,108.232447,paper,30
2025-01-11 00:00:00,1,16.051655,108.24612,paper,35
2025-01-11 00:00:00,2,16.07394,108.200535,plastic,31
2025-01-11 00:00:00,3,16.075408,108.210351,plastic,39
2025-01-11 00:00:00,4,16.052504,108.231602,metal,38
2025-01-11 00:00:00,5,16.060616,108.222433,organic,34
2025-01-11 00:00:00,6,16.051045,108.230157,organic,37
2025-01-11 00:00:00,7,16.061203,108.245478,paper,40
2025-01-11 00:00:00,8,16.060947,108.242048,organic,26
2025-01-11 00:00:00,9,16.076918,108.240417,metal,21
2025-01-11 00:00:00,10,16.050022,108.229231,paper,40
2025-01-11 00:00:00,11,16.072936,108.228415,plastic,20
2025-01-11 00:00:00,12,16.075616,108.243493,organic,20
2025-01-11 00:00:00,13,16.060528,108.241418,paper,30
2025-01-11 00:00:00,14,16.048051,108.222369,organic,38
2025-01-11 00:00:00,15,16.078301,108.209883,plastic,30
2025-01-11 00:00:00,16,16.073661,108.207305,metal,39
2025-01-11 00:00:00,17,16.061932,108.205372,organic,38
2025-01-11 00:00:00,18,16.049558,108.232641,metal,33
2025-01-11 00:00:00,19,16.040552,108.234367,metal,25
2025-01-11 00:00:00,20,16.040558,108.202618,metal,20
2025-01-11 00:00:00,21,16.040312,108.21319,metal,31
2025-01-11 00:00:00,22,16.053302,108.206434,plastic,40
2025-01-11 00:00:00,23,16.066687,108.24606,metal,31
2025-01-11 00:00:00,24,16.075745,108.212543,metal,31
2025-01-11 00:00:00,25,16.069915,108.229101,organic,38
2025-01-11 00:00:00,26,16.054459,108.233217,plastic,33
2025-01-11 00:00:00,27,16.073476,108.207721,paper,39
2025-01-11 00:00:00,28,16.062903,108.218438,organic,23
2025-01-11 00:00:00,29,16.053285,108.243371,metal,24
2025-01-11 00:00:00,30,16.063499,108.229964,organic,26
2025-01-11 00:00:00,31,16.066972,108.218299,plastic,29
2025-01-11 00:00:00,32,16.070944,108.231319,metal,40
2025-01-11 00:00:00,33,16.076459,108.233761,paper,26
2025-01-11 00:00:00,34,16.072907,108.246755,plastic,34
2025-01-11 00:00:00,35,16.045375,108.22192,metal,29
2025-01-11 00:00:00,36,16.060902,108.22837,paper,30
2025-01-11 00:00:00,37,16.07822,108.209445,organic,20
2025-01-11 00:00:00,38,16.047819,108.246602,metal,34
2025-01-11 00:00:00,39,16.078971,108.204843,paper,37
2025-01-11 00:00:00,40,16.056528,108.249324,plastic,23
2025-01-11 00:00:00,41,16.047893,108.202008,plastic,26
2025-01-11 00:00:00,42,16.077701,108.249977,metal,29
2025-01-11 00:00:00,43,16.051199,108.201983,paper,24
2025-01-11 00:00:00,44,16.068533,108.233936,metal,28
2025-01-11 00:00:00,45,16.045424,108.204301,metal,24
2025-01-11 00:00:00,46,16.054592,108.243394,paper,36
2025-01-11 00:00:00,47,16.063694,108.20329,organic,38
2025-01-11 00:00:00,48,16.077311,108.241461,plastic,25
2025-01-11 00:00:00,49,16.062219,108.22665,paper,21
2025-01-11 06:00:00,0,16.049349,108.232447,paper,43
2025-01-11 06:00:00,1,16.051655,108.24612,paper,31
2025-01-11 06:00:00,2,16.07394,108.200535,plastic,34
2025-01-11 06:00:00,3,16.075408,108.210351,plastic,27
2025-01-11 06:00:00,4,16.052504,108.231602,metal,45
2025-01-11 06:00:00,5,16.060616,108.222433,organic,37
2025-01-11 06:00:00,6,16.051045,108.230157,organic,38
2025-01-11 06:00:00,7,16.061203,108.245478,paper,30
2025-01-11 06:00:00,8,16.060947,108.242048,organic,28
2025-01-11 06:00:00,9,16.076918,108.240417,metal,27
2025-01-11 06:00:00,10,16.050022,108.229231,paper,37
2025-01-11 06:00:00,11,16.072936,108.228415,plastic,34
2025-01-11 06:00:00,12,16.075616,108.243493,organic,29
2025-01-11 06:00:00,13,16.060528,108.241418,paper,42
2025-01-11 06:00:00,14,16.048051,108.222369,organic,33
2025-01-11 06:00:00,15,16.078301,108.209883,plastic,35
2025-01-11 06:00:00,16,16.073661,108.207305,metal,44
2025-01-11 06:00:00,17,16.061932,108.205372,organic,32
2025-01-11 06:00:00,18,16.049558,108.232641,metal,41
2025-01-11 06:00:00,19,16.040552,108.234367,metal,37
2025-01-11 06:00:00,20,16.040558,108.202618,metal,44
2025-01-11 06:00:00,21,16.040312,108.21319,metal,29
2025-01-11 06:00:00,22,16.053302,108.206434,plastic,32
2025-01-11 06:00:00,23,16.066687,108.24606,metal,44
2025-01-11 06:00:00,24,16.075745,108.212543,metal,39
2025-01-11 06:00:00,25,16.069915,108.229101,organic,28
2025-01-11 06:00:00,26,16.054459,108.233217,plastic,38
2025-01-11 06:00:00,27,16.073476,108.207721,paper,41
2025-01-11 06:00:00,28,16.062903,108.218438,organic,27
2025-01-11 06:00:00,29,16.053285,108.243371,metal,32
2025-01-11 06:00:00,30,16.063499,108.229964,organic,33
2025-01-11 06:00:00,31,16.066972,108.218299,plastic,29
2025-01-11 06:00:00,32,16.070944,108.231319,metal,30
2025-01-11 06:00:00,33,16.076459,108.233761,paper,33
2025-01-11 06:00:00,34,16.072907,108.246755,plastic,30
2025-01-11 06:00:00,35,16.045375,108.22192,metal,35
2025-01-11 06:00:00,36,16.060902,108.22837,paper,34
2025-01-11 06:00:00,37,16.07822,108.209445,organic,32
2025-01-11 06:00:00,38,16.047819,108.246602,metal,33
2025-01-11 06:00:00,39,16.078971,108.204843,paper,25
2025-01-11 06:00:00,40,16.056528,108.249324,plastic,42
2025-01-11 06:00:00,41,16.047893,108.202008,plastic,32
2025-01-11 06:00:00,42,16.077701,108.249977,metal,29
2025-01-11 06:00:00,43,16.051199,108.201983,paper,35
2025-01-11 06:00:00,44,16.068533,108.233936,metal,29
2025-01-11 06:00:00,45,16.045424,108.204301,metal,41
2025-01-11 06:00:00,46,16.054592,108.243394,paper,26
2025-01-11 06:00:00,47,16.063694,108.20329,organic,31
2025-01-11 06:00:00,48,16.077311,108.241461,plastic,32
2025-01-11 06:00:00,49,16.062219,108.22665,paper,31
2025-01-11 12:00:00,0,16.049349,108.232447,paper,50
2025-01-11 12:00:00,1,16.051655,108.24612,paper,37
2025-01-11 12:00:00,2,16.07394,108.200535,plastic,33
2025-01-11 12:00:00,3,16.075408,108.210351,plastic,37
2025-01-11 12:00:00,4,16.052504,108.231602,metal,41
2025-01-11 12:00:00,5,16.060616,108.222433,organic,44
2025-01-11 12:00:00,6,16.051045,108.230157,organic,38
2025-01-11 12:00:00,7,16.061203,108.245478,paper,34
2025-01-11 12:00:00,8,16.060947,108.242048,organic,35
2025-01-11 12:00:00,9,16.076918,108.240417,metal,43
2025-01-11 12:00:00,10,16.050022,108.229231,paper,38
2025-01-11 12:00:00,11,16.072936,108.228415,plastic,36
2025-01-11 12:00:00,12,16.075616,108.243493,organic,33
2025-01-11 12:00:00,13,16.060528,108.241418,paper,45
2025-01-11 12:00:00,14,16.048051,108.222369,organic,48
2025-01-11 12:00:00,15,16.078301,108.209883,plastic,45
2025-01-11 12:00:00,16,16.073661,108.207305,metal,47
2025-01-11 12:00:00,17,16.061932,108.205372,organic,34
2025-01-11 12:00:00,18,16.049558,108.232641,metal,31
2025-01-11 12:00:00,19,16.040552,108.234367,metal,31
2025-01-11 12:00:00,20,16.040558,108.202618,metal,36
2025-01-11 12:00:00,21,16.040312,108.21319,metal,33
2025-01-11 12:00:00,22,16.053302,108.206434,plastic,38
2025-01-11 12:00:00,23,16.066687,108.24606,metal,45
2025-01-11 12:00:00,24,16.075745,108.212543,metal,37
2025-01-11 12:00:00,25,16.069915,108.229101,organic,45
2025-01-11 12:00:00,26,16.054459,108.233217,plastic,35
2025-01-11 12:00:00,27,16.073476,108.207721,paper,34
2025-01-11 12:00:00,28,16.062903,108.218438,organic,40
2025-01-11 12:00:00,29,16.053285,108.243371,metal,34
2025-01-11 12:00:00,30,16.063499,108.229964,organic,35
2025-01-11 12:00:00,31,16.066972,108.218299,plastic,43
2025-01-11 12:00:00,32,16.070944,108.231319,metal,35
2025-01-11 12:00:00,33,16.076459,108.233761,paper,41
2025-01-11 12:00:00,34,16.072907,108.246755,plastic,35
2025-01-11 12:00:00,35,16.045375,108.22192,metal,38
2025-01-11 12:00:00,36,16.060902,108.22837,paper,41
2025-01-11 12:00:00,37,16.07822,108.209445,organic,50
2025-01-11 12:00:00,38,16.047819,108.246602,metal,49
2025-01-11 12:00:00,39,16.078971,108.204843,paper,34
2025-01-11 12:00:00,40,16.056528,108.249324,plastic,32
2025-01-11 12:00:00,41,16.047893,108.202008,plastic,34
2025-01-11 12:00:00,42,16.077701,108.249977,metal,30
2025-01-11 12:00:00,43,16.051199,108.201983,paper,39
2025-01-11 12:00:00,44,16.068533,108.233936,metal,41
2025-01-11 12:00:00,45,16.045424,108.204301,metal,35
2025-01-11 12:00:00,46,16.054592,108.243394,paper,36
2025-01-11 12:00:00,47,16.063694,108.20329,organic,43
2025-01-11 12:00:00,48,16.077311,108.241461,plastic,35
2025-01-11 12:00:00,49,16.062219,108.22665,paper,34
2025-01-11 18:00:00,0,16.049349,108.232447,paper,46
2025-01-11 18:00:00,1,16.051655,108.24612,paper,39
2025-01-11 18:00:00,2,16.07394,108.200535,plastic,55
2025-01-11 18:00:00,3,16.075408,108.210351,plastic,40
2025-01-11 18:00:00,4,16.052504,108.231602,metal,37
2025-01-11 18:00:00,5,16.060616,108.222433,organic,48
2025-01-11 18:00:00,6,16.051045,108.230157,organic,41
2025-01-11 18:00:00,7,16.061203,108.245478,paper,54
2025-01-11 18:00:00,8,16.060947,108.242048,organic,47
2025-01-11 18:00:00,9,16.076918,108.240417,metal,43
2025-01-11 18:00:00,10,16.050022,108.229231,paper,50
2025-01-11 18:00:00,11,16.072936,108.228415,plastic,38
2025-01-11 18:00:00,12,16.075616,108.243493,organic,54
2025-01-11 18:00:00,13,16.060528,108.241418,paper,43
2025-01-11 18:00:00,14,16.048051,108.222369,organic,45
2025-01-11 18:00:00,15,16.078301,108.209883,plastic,39
2025-01-11 18:00:00,16,16.073661,108.207305,metal,42
2025-01-11 18:00:00,17,16.061932,108.205372,organic,48
2025-01-11 18:00:00,18,16.049558,108.232641,metal,44
2025-01-11 18:00:00,19,16.040552,108.234367,metal,41
2025-01-11 18:00:00,20,16.040558,108.202618,metal,40
2025-01-11 18:00:00,21,16.040312,108.21319,metal,39
2025-01-11 18:00:00,22,16.053302,108.206434,plastic,42
2025-01-11 18:00:00,23,16.066687,108.24606,metal,38
2025-01-11 18:00:00,24,16.075745,108.212543,metal,52
2025-01-11 18:00:00,25,16.069915,108.229101,organic,52
2025-01-11 18:00:00,26,16.054459,108.233217,plastic,41
2025-01-11 18:00:00,27,16.073476,108.207721,paper,43
2025-01-11 18:00:00,28,16.062903,108.218438,organic,55
2025-01-11 18:00:00,29,16.053285,108.243371,metal,45
2025-01-11 18:00:00,30,16.063499,108.229964,organic,46
2025-01-11 18:00:00,31,16.066972,108.218299,plastic,36
2025-01-11 18:00:00,32,16.070944,108.231319,metal,39
2025-01-11 18:00:00,33,16.076459,108.233761,paper,43
2025-01-11 18:00:00,34,16.072907,108.246755,plastic,53
2025-01-11 18:00:00,35,16.045375,108.22192,metal,37
2025-01-11 18:00:00,36,16.060902,108.22837,paper,44
2025-01-11 18:00:00,37,16.07822,108.209445,organic,40
2025-01-11 18:00:00,38,16.047819,108.246602,metal,38
2025-01-11 18:00:00,39,16.078971,108.204843,paper,53
2025-01-11 18:00:00,40,16.056528,108.249324,plastic,43
2025-01-11 18:00:00,41,16.047893,108.202008,plastic,46
2025-01-11 18:00:00,42,16.077701,108.249977,metal,39
2025-01-11 18:00:00,43,16.051199,108.201983,paper,44
2025-01-11 18:00:00,44,16.068533,108.233936,metal,51
2025-01-11 18:00:00,45,16.045424,108.204301,metal,48
2025-01-11 18:00:00,46,16.054592,108.243394,paper,46
2025-01-11 18:00:00,47,16.063694,108.20329,organic,44
2025-01-11 18:00:00,48,16.077311,108.241461,plastic,48
2025-01-11 18:00:00,49,16.062219,108.22665,paper,51
2025-01-12 00:00:00,0,16.049349,108.232447,paper,41
2025-01-12 00:00:00,1,16.051655,108.24612,paper,23
2025-01-12 00:00:00,2,16.07394,108.200535,plastic,28
2025-01-12 00:00:00,3,16.075408,108.210351,plastic,36
2025-01-12 00:00:00,4,16.052504,108.231602,metal,28
2025-01-12 00:00:00,5,16.060616,108.222433,organic,22
2025-01-12 00:00:00,6,16.051045,108.230157,organic,40
2025-01-12 00:00:00,7,16.061203,108.245478,paper,42
2025-01-12 00:00:00,8,16.060947,108.242048,organic,38
2025-01-12 00:00:00,9,16.076918,108.240417,metal,28
2025-01-12 00:00:00,10,16.050022,108.229231,paper,39
2025-01-12 00:00:00,11,16.072936,108.228415,plastic,29
2025-01-12 00:00:00,12,16.075616,108.243493,organic,32
2025-01-12 00:00:00,13,16.060528,108.241418,paper,41
2025-01-12 00:00:00,14,16.048051,108.222369,organic,28
2025-01-12 00:00:00,15,16.078301,108.209883,plastic,27
2025-01-12 00:00:00,16,16.073661,108.207305,metal,30
2025-01-12 00:00:00,17,16.061932,108.205372,organic,32
2025-01-12 00:00:00,18,16.049558,108.232641,metal,31
2025-01-12 00:00:00,19,16.040552,108.234367,metal,29
2025-01-12 00:00:00,20,16.040558,108.202618,metal,28
2025-01-12 00:00:00,21,16.040312,108.21319,metal,26
2025-01-12 00:00:00,22,16.053302,108.206434,plastic,37
2025-01-12 00:00:00,23,16.066687,108.24606,metal,32
2025-01-12 00:00:00,24,16.075745,108.212543,metal,27
2025-01-12 00:00:00,25,16.069915,108.229101,organic,42
2025-01-12 00:00:00,26,16.054459,108.233217,plastic,36
2025-01-12 00:00:00,27,16.073476,108.207721,paper,35
2025-01-12 00:00:00,28,16.062903,108.218438,organic,22
2025-01-12 00:00:00,29,16.053285,108.243371,metal,27
2025-01-12 00:00:00,30,16.063499,108.229964,organic,40
2025-01-12 00:00:00,31,16.066972,108.218299,plastic,28
2025-01-12 00:00:00,32,16.070944,108.231319,metal,37
2025-01-12 00:00:00,33,16.076459,108.233761,paper,40
2025-01-12 00:00:00,34,16.072907,108.246755,plastic,39
2025-01-12 00:00:00,35,16.045375,108.22192,metal,27
2025-01-12 00:00:00,36,16.060902,108.22837,paper,24
2025-01-12 00:00:00,37,16.07822,108.209445,organic,35
2025-01-12 00:00:00,38,16.047819,108.246602,metal,35
2025-01-12 00:00:00,39,16.078971,108.204843,paper,30
2025-01-12 00:00:00,40,16.056528,108.249324,plastic,32
2025-01-12 00:00:00,41,16.047893,108.202008,plastic,37
2025-01-12 00:00:00,42,16.077701,108.249977,metal,28
2025-01-12 00:00:00,43,16.051199,108.201983,paper,27
2025-01-12 00:00:00,44,16.068533,108.233936,metal,27
2025-01-12 00:00:00,45,16.045424,108.204301,metal,22
2025-01-12 00:00:00,46,16.054592,108.243394,paper,32
2025-01-12 00:00:00,47,16.063694,108.20329,organic,28
2025-01-12 00:00:00,48,16.077311,108.241461,plastic,28
2025-01-12 00:00:00,49,16.062219,108.22665,paper,22
2025-01-12 06:00:00,0,16.049349,108.232447,paper,33
2025-01-12 06:00:00,1,16.051655,108.24612,paper,30
2025-01-12 06:00:00,2,16.07394,108.200535,plastic,28
2025-01-12 06:00:00,3,16.075408,108.210351,plastic,29
2025-01-12 06:00:00,4,16.052504,108.231602,metal,32
2025-01-12 06:00:00,5,16.060616,108.222433,organic,46
2025-01-12 06:00:00,6,16.051045,108.230157,organic,27
2025-01-12 06:00:00,7,16.061203,108.245478,paper,33
2025-01-12 06:00:00,8,16.060947,108.242048,organic,44
2025-01-12 06:00:00,9,16.076918,108.240417,metal,43
2025-01-12 06:00:00,10,16.050022,108.229231,paper,46
2025-01-12 06:00:00,11,16.072936,108.228415,plastic,30
2025-01-12 06:00:00,12,16.075616,108.243493,organic,35
2025-01-12 06:00:00,13,16.060528,108.241418,paper,47
2025-01-12 06:00:00,14,16.048051,108.222369,organic,30
2025-01-12 06:00:00,15,16.078301,108.209883,plastic,47
2025-01-12 06:00:00,16,16.073661,108.207305,metal,28
2025-01-12 06:00:00,17,16.061932,108.205372,organic,47
2025-01-12 06:00:00,18,16.049558,108.232641,metal,33
2025-01-12 06:00:00,19,16.040552,108.234367,metal,29
2025-01-12 06:00:00,20,16.040558,108.202618,metal,44
2025-01-12 06:00:00,21,16.040312,108.21319,metal,30
2025-01-12 06:00:00,22,16.053302,108.206434,plastic,46
2025-01-12 06:00:00,23,16.066687,108.24606,metal,35
2025-01-12 06:00:00,24,16.075745,108.212543,metal,47
2025-01-12 06:00:00,25,16.069915,108.229101,organic,44
2025-01-12 06:00:00,26,16.054459,108.233217,plastic,46
2025-01-12 06:00:00,27,16.073476,108.207721,paper,32
2025-01-12 06:00:00,28,16.062903,108.218438,organic,33
2025-01-12 06:00:00,29,16.053285,108.243371,metal,43
2025-01-12 06:00:00,30,16.063499,108.229964,organic,47
2025-01-12 06:00:00,31,16.066972,108.218299,plastic,45
2025-01-12 06:00:00,32,16.070944,108.231319,metal,30
2025-01-12 06:00:00,33,16.076459,108.233761,paper,36
2025-01-12 06:00:00,34,16.072907,108.246755,plastic,31
2025-01-12 06:00:00,35,16.045375,108.22192,metal,41
2025-01-12 06:00:00,36,16.060902,108.22837,paper,30
2025-01-12 06:00:00,37,16.07822,108.209445,organic,46
2025-01-12 06:00:00,38,16.047819,108.246602,metal,30
2025-01-12 06:00:00,39,16.078971,108.204843,paper,29
2025-01-12 06:00:00,40,16.056528,108.249324,plastic,44
2025-01-12 06:00:00,41,16.047893,108.202008,plastic,27
2025-01-12 06:00:00,42,16.077701,108.249977,metal,32
2025-01-12 06:00:00,43,16.051199,108.201983,paper,40
2025-01-12 06:00:00,44,16.068533,108.233936,metal,28
2025-01-12 06:00:00,45,16.045424,108.204301,metal,32
2025-01-12 06:00:00,46,16.054592,108.243394,paper,29
2025-01-12 06:00:00,47,16.063694,108.20329,organic,45
2025-01-12 06:00:00,48,16.077311,108.241461,plastic,31
2025-01-12 06:00:00,49,16.062219,108.22665,paper,41
2025-01-12 12:00:00,0,16.049349,108.232447,paper,40
2025-01-12 12:00:00,1,16.051655,108.24612,paper,49
2025-01-12 12:00:00,2,16.07394,108.200535,plastic,33
2025-01-12 12:00:00,3,16.075408,108.210351,plastic,42
2025-01-12 12:00:00,4,16.052504,108.231602,metal,34
2025-01-12 12:00:00,5,16.060616,108.222433,organic,48
2025-01-12 12:00:00,6,16.051045,108.230157,organic,32
2025-01-12 12:00:00,7,16.061203,108.245478,paper,48
2025-01-12 12:00:00,8,16.060947,108.242048,organic,51
2025-01-12 12:00:00,9,16.076918,108.240417,metal,40
2025-01-12 12:00:00,10,16.050022,108.229231,paper,36
2025-01-12 12:00:00,11,16.072936,108.228415,plastic,46
2025-01-12 12:00:00,12,16.075616,108.243493,organic,41
2025-01-12 12:00:00,13,16.060528,108.241418,paper,47
2025-01-12 12:00:00,14,16.048051,108.222369,organic,47
2025-01-12 12:00:00,15,16.078301,108.209883,plastic,47
2025-01-12 12:00:00,16,16.073661,108.207305,metal,34
2025-01-12 12:00:00,17,16.061932,108.205372,organic,35
2025-01-12 12:00:00,18,16.049558,108.232641,metal,35
2025-01-12 12:00:00,19,16.040552,108.234367,metal,34
2025-01-12 12:00:00,20,16.040558,108.202618,metal,37
2025-01-12 12:00:00,21,16.040312,108.21319,metal,41
2025-01-12 12:00:00,22,16.053302,108.206434,plastic,39
2025-01-12 12:00:00,23,16.066687,108.24606,metal,48
2025-01-12 12:00:00,24,16.075745,108.212543,metal,46
2025-01-12 12:00:00,25,16.069915,108.229101,organic,42
2025-01-12 12:00:00,26,16.054459,108.233217,plastic,50
2025-01-12 12:00:00,27,16.073476,108.207721,paper,38
2025-01-12 12:00:00,28,16.062903,108.218438,organic,52
2025-01-12 12:00:00,29,16.053285,108.243371,metal,45
2025-01-12 12:00:00,30,16.063499,108.229964,organic,46
2025-01-12 12:00:00,31,16.066972,108.218299,plastic,43
2025-01-12 12:00:00,32,16.070944,108.231319,metal,46
2025-01-12 12:00:00,33,16.076459,108.233761,paper,52
2025-01-12 12:00:00,34,16.072907,108.246755,plastic,45
2025-01-12 12:00:00,35,16.045375,108.22192,metal,40
2025-01-12 12:00:00,36,16.060902,108.22837,paper,41
2025-01-12 12:00:00,37,16.07822,108.209445,organic,48
2025-01-12 12:00:00,38,16.047819,108.246602,metal,35
2025-01-12 12:00:00,39,16.078971,108.204843,paper,35
2025-01-12 12:00:00,40,16.056528,108.249324,plastic,32
2025-01-12 12:00:00,41,16.047893,108.202008,plastic,45
2025-01-12 12:00:00,42,16.077701,108.249977,metal,51
2025-01-12 12:00:00,43,16.051199,108.201983,paper,39
2025-01-12 12:00:00,44,16.068533,108.233936,metal,33
2025-01-12 12:00:00,45,16.045424,108.204301,metal,46
2025-01-12 12:00:00,46,16.054592,108.243394,paper,33
2025-01-12 12:00:00,47,16.063694,108.20329,organic,38
2025-01-12 12:00:00,48,16.077311,108.241461,plastic,37
2025-01-12 12:00:00,49,16.062219,108.22665,paper,49
2025-01-12 18:00:00,0,16.049349,108.232447,paper,54
2025-01-12 18:00:00,1,16.051655,108.24612,paper,44
2025-01-12 18:00:00,2,16.07394,108.200535,plastic,42
2025-01-12 18:00:00,3,16.075408,108.210351,plastic,53
2025-01-12 18:00:00,4,16.052504,108.231602,metal,49
2025-01-12 18:00:00,5,16.060616,108.222433,organic,47
2025-01-12 18:00:00,6,16.051045,108.230157,organic,52
2025-01-12 18:00:00,7,16.061203,108.245478,paper,47
2025-01-12 18:00:00,8,16.060947,108.242048,organic,41
2025-01-12 18:00:00,9,16.076918,108.240417,metal,53
2025-01-12 18:00:00,10,16.050022,108.229231,paper,54
2025-01-12 18:00:00,11,16.072936,108.228415,plastic,50
2025-01-12 18:00:00,12,16.075616,108.243493,organic,49
2025-01-12 18:00:00,13,16.060528,108.241418,paper,44
2025-01-12 18:00:00,14,16.048051,108.222369,organic,50
2025-01-12 18:00:00,15,16.078301,108.209883,plastic,53
2025-01-12 18:00:00,16,16.073661,108.207305,metal,37
2025-01-12 18:00:00,17,16.061932,108.205372,organic,57
2025-01-12 18:00:00,18,16.049558,108.232641,metal,48
2025-01-12 18:00:00,19,16.040552,108.234367,metal,39
2025-01-12 18:00:00,20,16.040558,108.202618,metal,38
2025-01-12 18:00:00,21,16.040312,108.21319,metal,39
2025-01-12 18:00:00,22,16.053302,108.206434,plastic,38
2025-01-12 18:00:00,23,16.066687,108.24606,metal,50
2025-01-12 18:00:00,24,16.075745,108.212543,metal,48
2025-01-12 18:00:00,25,16.069915,108.229101,organic,45
2025-01-12 18:00:00,26,16.054459,108.233217,plastic,41
2025-01-12 18:00:00,27,16.073476,108.207721,paper,53
2025-01-12 18:00:00,28,16.062903,108.218438,organic,44
2025-01-12 18:00:00,29,16.053285,108.243371,metal,54
2025-01-12 18:00:00,30,16.063499,108.229964,organic,49
2025-01-12 18:00:00,31,16.066972,108.218299,plastic,43
2025-01-12 18:00:00,32,16.070944,108.231319,metal,44
2025-01-12 18:00:00,33,16.076459,108.233761,paper,49
2025-01-12 18:00:00,34,16.072907,108.246755,plastic,41
2025-01-12 18:00:00,35,16.045375,108.22192,metal,48
2025-01-12 18:00:00,36,16.060902,108.22837,paper,50
2025-01-12 18:00:00,37,16.07822,108.209445,organic,46
2025-01-12 18:00:00,38,16.047819,108.246602,metal,39
2025-01-12 18:00:00,39,16.078971,108.204843,paper,49
2025-01-12 18:00:00,40,16.056528,108.249324,plastic,55
2025-01-12 18:00:00,41,16.047893,108.202008,plastic,53
2025-01-12 18:00:00,42,16.077701,108.249977,metal,49
2025-01-12 18:00:00,43,16.051199,108.201983,paper,46
2025-01-12 18:00:00,44,16.068533,108.233936,metal,39
2025-01-12 18:00:00,45,16.045424,108.204301,metal,54
2025-01-12 18:00:00,46,16.054592,108.243394,paper,47
2025-01-12 18:00:00,47,16.063694,108.20329,organic,44
2025-01-12 18:00:00,48,16.077311,108.241461,plastic,53
2025-01-12 18:00:00,49,16.062219,108.22665,paper,39
2025-01-13 00:00:00,0,16.049349,108.232447,paper,40
2025-01-13 00:00:00,1,16.051655,108.24612,paper,37
2025-01-13 00:00:00,2,16.07394,108.200535,plastic,38
2025-01-13 00:00:00,3,16.075408,108.210351,plastic,35
2025-01-13 00:00:00,4,16.052504,108.231602,metal,41
2025-01-13 00:00:00,5,16.060616,108.222433,organic,30
2025-01-13 00:00:00,6,16.051045,108.230157,organic,44
2025-01-13 00:00:00,7,16.061203,108.245478,paper,39
2025-01-13 00:00:00,8,16.060947,108.242048,organic,31
2025-01-13 00:00:00,9,16.076918,108.240417,metal,26
2025-01-13 00:00:00,10,16.050022,108.229231,paper,38
2025-01-13 00:00:00,11,16.072936,108.228415,plastic,37
2025-01-13 00:00:00,12,16.075616,108.243493,organic,35
2025-01-13 00:00:00,13,16.060528,108.241418,paper,44
2025-01-13 00:00:00,14,16.048051,108.222369,organic,33
2025-01-13 00:00:00,15,16.078301,108.209883,plastic,26
2025-01-13 00:00:00,16,16.073661,108.207305,metal,37
2025-01-13 00:00:00,17,16.061932,108.205372,organic,33
2025-01-13 00:00:00,18,16.049558,108.232641,metal,44
2025-01-13 00:00:00,19,16.040552,108.234367,metal,31
2025-01-13 00:00:00,20,16.040558,108.202618,metal,37
2025-01-13 00:00:00,21,16.040312,108.21319,metal,27
2025-01-13 00:00:00,22,16.053302,108.206434,plastic,30
2025-01-13 00:00:00,23,16.066687,108.24606,metal,41
2025-01-13 00:00:00,24,16.075745,108.212543,metal,29
2025-01-13 00:00:00,25,16.069915,108.229101,organic,25
2025-01-13 00:00:00,26,16.054459,108.233217,plastic,25
2025-01-13 00:00:00,27,16.073476,108.207721,paper,24
2025-01-13 00:00:00,28,16.062903,108.218438,organic,42
2025-01-13 00:00:00,29,16.053285,108.243371,metal,36
2025-01-13 00:00:00,30,16.063499,108.229964,organic,40
2025-01-13 00:00:00,31,16.066972,108.218299,plastic,44
2025-01-13 00:00:00,32,16.070944,108.231319,metal,31
2025-01-13 00:00:00,33,16.076459,108.233761,paper,41
2025-01-13 00:00:00,34,16.072907,108.246755,plastic,34
2025-01-13 00:00:00,35,16.045375,108.22192,metal,27
2025-01-13 00:00:00,36,16.060902,108.22837,paper,44
2025-01-13 00:00:00,37,16.07822,108.209445,organic,31
2025-01-13 00:00:00,38,16.047819,108.246602,metal,30
2025-01-13 00:00:00,39,16.078971,108.204843,paper,27
2025-01-13 00:00:00,40,16.056528,108.249324,plastic,24
2025-01-13 00:00:00,41,16.047893,108.202008,plastic,42
2025-01-13 00:00:00,42,16.077701,108.249977,metal,42
2025-01-13 00:00:00,43,16.051199,108.201983,paper,42
2025-01-13 00:00:00,44,16.068533,108.233936,metal,32
2025-01-13 00:00:00,45,16.045424,108.204301,metal,42
2025-01-13 00:00:00,46,16.054592,108.243394,paper,28
2025-01-13 00:00:00,47,16.063694,108.20329,organic,28
2025-01-13 00:00:00,48,16.077311,108.241461,plastic,30
2025-01-13 00:00:00,49,16.062219,108.22665,paper,35
2025-01-13 06:00:00,0,16.049349,108.232447,paper,42
2025-01-13 06:00:00,1,16.051655,108.24612,paper,33
2025-01-13 06:00:00,2,16.07394,108.200535,plastic,33
2025-01-13 06:00:00,3,16.075408,108.210351,plastic,31
2025-01-13 06:00:00,4,16.052504,108.231602,metal,43
2025-01-13 06:00:00,5,16.060616,108.222433,organic,34
2025-01-13 06:00:00,6,16.051045,108.230157,organic,31
2025-01-13 06:00:00,7,16.061203,108.245478,paper,32
2025-01-13 06:00:00,8,16.060947,108.242048,organic,35
2025-01-13 06:00:00,9,16.076918,108.240417,metal,43
2025-01-13 06:00:00,10,16.050022,108.229231,paper,42
2025-01-13 06:00:00,11,16.072936,108.228415,plastic,30
2025-01-13 06:00:00,12,16.075616,108.243493,organic,34
2025-01-13 06:00:00,13,16.060528,108.241418,paper,44
2025-01-13 06:00:00,14,16.048051,108.222369,organic,33
2025-01-13 06:00:00,15,16.078301,108.209883,plastic,35
2025-01-13 06:00:00,16,16.073661,108.207305,metal,41
2025-01-13 06:00:00,17,16.061932,108.205372,organic,43
2025-01-13 06:00:00,18,16.049558,108.232641,metal,47
2025-01-13 06:00:00,19,16.040552,108.234367,metal,37
2025-01-13 06:00:00,20,16.040558,108.202618,metal,39
2025-01-13 06:00:00,21,16.040312,108.21319,metal,39
2025-01-13 06:00:00,22,16.053302,108.206434,plastic,32
2025-01-13 06:00:00,23,16.066687,108.24606,metal,46
2025-01-13 06:00:00,24,16.075745,108.212543,metal,38
2025-01-13 06:00:00,25,16.069915,108.229101,organic,46
2025-01-13 06:00:00,26,16.054459,108.233217,plastic,40
2025-01-13 06:00:00,27,16.073476,108.207721,paper,32
2025-01-13 06:00:00,28,16.062903,108.218438,organic,38
2025-01-13 06:00:00,29,16.053285,108.243371,metal,44
2025-01-13 06:00:00,30,16.063499,108.229964,organic,35
2025-01-13 06:00:00,31,16.066972,108.218299,plastic,37
2025-01-13 06:00:00,32,16.070944,108.231319,metal,31
2025-01-13 06:00:00,33,16.076459,108.233761,paper,29
2025-01-13 06:00:00,34,16.072907,108.246755,plastic,37
2025-01-13 06:00:00,35,16.045375,108.22192,metal,40
2025-01-13 06:00:00,36,16.060902,108.22837,paper,47
2025-01-13 06:00:00,37,16.07822,108.209445,organic,38
2025-01-13 06:00:00,38,16.047819,108.246602,metal,32
2025-01-13 06:00:00,39,16.078971,108.204843,paper,32
2025-01-13 06:00:00,40,16.056528,108.249324,plastic,49
2025-01-13 06:00:00,41,16.047893,108.202008,plastic,46
2025-01-13 06:00:00,42,16.077701,108.249977,metal,40
2025-01-13 06:00:00,43,16.051199,108.201983,paper,40
2025-01-13 06:00:00,44,16.068533,108.233936,metal,33
2025-01-13 06:00:00,45,16.045424,108.204301,metal,30
2025-01-13 06:00:00,46,16.054592,108.243394,paper,42
2025-01-13 06:00:00,47,16.063694,108.20329,organic,37
2025-01-13 06:00:00,48,16.077311,108.241461,plastic,47
2025-01-13 06:00:00,49,16.062219,108.22665,paper,41
2025-01-13 12:00:00,0,16.049349,108.232447,paper,52
2025-01-13 12:00:00,1,16.051655,108.24612,paper,54
2025-01-13 12:00:00,2,16.07394,108.200535,plastic,41
2025-01-13 12:00:00,3,16.075408,108.210351,plastic,38
2025-01-13 12:00:00,4,16.052504,108.231602,metal,34
2025-01-13 12:00:00,5,16.060616,108.222433,organic,37
2025-01-13 12:00:00,6,16.051045,108.230157,organic,46
2025-01-13 12:00:00,7,16.061203,108.245478,paper,42
2025-01-13 12:00:00,8,16.060947,108.242048,organic,43
2025-01-13 12:00:00,9,16.076918,108.240417,metal,53
2025-01-13 12:00:00,10,16.050022,108.229231,paper,53
2025-01-13 12:00:00,11,16.072936,108.228415,plastic,41
2025-01-13 12:00:00,12,16.075616,108.243493,organic,42
2025-01-13 12:00:00,13,16.060528,108.241418,paper,34
2025-01-13 12:00:00,14,16.048051,108.222369,organic,51
2025-01-13 12:00:00,15,16.078301,108.209883,plastic,36
2025-01-13 12:00:00,16,16.073661,108.207305,metal,35
2025-01-13 12:00:00,17,16.061932,108.205372,organic,50
2025-01-13 12:00:00,18,16.049558,108.232641,metal,47
2025-01-13 12:00:00,19,16.040552,108.234367,metal,44
2025-01-13 12:00:00,20,16.040558,108.202618,metal,52
2025-01-13 12:00:00,21,16.040312,108.21319,metal,41
2025-01-13 12:00:00,22,16.053302,108.206434,plastic,34
2025-01-13 12:00:00,23,16.066687,108.24606,metal,38
2025-01-13 12:00:00,24,16.075745,108.212543,metal,51
2025-01-13 12:00:00,25,16.069915,108.229101,organic,49
2025-01-13 12:00:00,26,16.054459,108.233217,plastic,54
2025-01-13 12:00:00,27,16.073476,108.207721,paper,49
2025-01-13 12:00:00,28,16.062903,108.218438,organic,51
2025-01-13 12:00:00,29,16.053285,108.243371,metal,36
2025-01-13 12:00:00,30,16.063499,108.229964,organic,52
2025-01-13 12:00:00,31,16.066972,108.218299,plastic,40
2025-01-13 12:00:00,32,16.070944,108.231319,metal,50
2025-01-13 12:00:00,33,16.076459,108.233761,paper,54
2025-01-13 12:00:00,34,16.072907,108.246755,plastic,46
2025-01-13 12:00:00,35,16.045375,108.22192,metal,36
2025-01-13 12:00:00,36,16.060902,108.22837,paper,41
2025-01-13 12:00:00,37,16.07822,108.209445,organic,48
2025-01-13 12:00:00,38,16.047819,108.246602,metal,46
2025-01-13 12:00:00,39,16.078971,108.204843,paper,53
2025-01-13 12:00:00,40,16.056528,108.249324,plastic,35
2025-01-13 12:00:00,41,16.047893,108.202008,plastic,41
2025-01-13 12:00:00,42,16.077701,108.249977,metal,54
2025-01-13 12:00:00,43,16.051199,108.201983,paper,40
2025-01-13 12:00:00,44,16.068533,108.233936,metal,35
2025-01-13 12:00:00,45,16.045424,108.204301,metal,43
2025-01-13 12:00:00,46,16.054592,108.243394,paper,50
2025-01-13 12:00:00,47,16.063694,108.20329,organic,37
2025-01-13 12:00:00,48,16.077311,108.241461,plastic,42
2025-01-13 12:00:00,49,16.062219,108.22665,paper,50
2025-01-13 18:00:00,0,16.049349,108.232447,paper,57
2025-01-13 18:00:00,1,16.051655,108.24612,paper,56
2025-01-13 18:00:00,2,16.07394,108.200535,plastic,45
2025-01-13 18:00:00,3,16.075408,108.210351,plastic,47
2025-01-13 18:00:00,4,16.052504,108.231602,metal,49
2025-01-13 18:00:00,5,16.060616,108.222433,organic,53
2025-01-13 18:00:00,6,16.051045,108.230157,organic,53
2025-01-13 18:00:00,7,16.061203,108.245478,paper,51
2025-01-13 18:00:00,8,16.060947,108.242048,organic,51
2025-01-13 18:00:00,9,16.076918,108.240417,metal,51
2025-01-13 18:00:00,10,16.050022,108.229231,paper,54
2025-01-13 18:00:00,11,16.072936,108.228415,plastic,57
2025-01-13 18:00:00,12,16.075616,108.243493,organic,48
2025-01-13 18:00:00,13,16.060528,108.241418,paper,41
2025-01-13 18:00:00,14,16.048051,108.222369,organic,49
2025-01-13 18:00:00,15,16.078301,108.209883,plastic,41
2025-01-13 18:00:00,16,16.073661,108.207305,metal,39
2025-01-13 18:00:00,17,16.061932,108.205372,organic,46
2025-01-13 18:00:00,18,16.049558,108.232641,metal,53
2025-01-13 18:00:00,19,16.040552,108.234367,metal,50
2025-01-13 18:00:00,20,16.040558,108.202618,metal,49
2025-01-13 18:00:00,21,16.040312,108.21319,metal,59
2025-01-13 18:00:00,22,16.053302,108.206434,plastic,51
2025-01-13 18:00:00,23,16.066687,108.24606,metal,41
2025-01-13 18:00:00,24,16.075745,108.212543,metal,59
2025-01-13 18:00:00,25,16.069915,108.229101,organic,39
2025-01-13 18:00:00,26,16.054459,108.233217,plastic,41
2025-01-13 18:00:00,27,16.073476,108.207721,paper,55
2025-01-13 18:00:00,28,16.062903,108.218438,organic,54
2025-01-13 18:00:00,29,16.053285,108.243371,metal,51
2025-01-13 18:00:00,30,16.063499,108.229964,organic,46
2025-01-13 18:00:00,31,16.066972,108.218299,plastic,41
2025-01-13 18:00:00,32,16.070944,108.231319,metal,48
2025-01-13 18:00:00,33,16.076459,108.233761,paper,52
2025-01-13 18:00:00,34,16.072907,108.246755,plastic,46
2025-01-13 18:00:00,35,16.045375,108.22192,metal,47
2025-01-13 18:00:00,36,16.060902,108.22837,paper,39
2025-01-13 18:00:00,37,16.07822,108.209445,organic,39
2025-01-13 18:00:00,38,16.047819,108.246602,metal,56
2025-01-13 18:00:00,39,16.078971,108.204843,paper,44
2025-01-13 18:00:00,40,16.056528,108.249324,plastic,57
2025-01-13 18:00:00,41,16.047893,108.202008,plastic,54
2025-01-13 18:00:00,42,16.077701,108.249977,metal,59
2025-01-13 18:00:00,43,16.051199,108.201983,paper,53
2025-01-13 18:00:00,44,16.068533,108.233936,metal,43
2025-01-13 18:00:00,45,16.045424,108.204301,metal,45
2025-01-13 18:00:00,46,16.054592,108.243394,paper,46
2025-01-13 18:00:00,47,16.063694,108.20329,organic,57
2025-01-13 18:00:00,48,16.077311,108.241461,plastic,56
2025-01-13 18:00:00,49,16.062219,108.22665,paper,43
2025-01-14 00:00:00,0,16.049349,108.232447,paper,31
2025-01-14 00:00:00,1,16.051655,108.24612,paper,45
2025-01-14 00:00:00,2,16.07394,108.200535,plastic,35
2025-01-14 00:00:00,3,16.075408,108.210351,plastic,31
2025-01-14 00:00:00,4,16.052504,108.231602,metal,39
2025-01-14 00:00:00,5,16.060616,108.222433,organic,33
2025-01-14 00:00:00,6,16.051045,108.230157,organic,44
2025-01-14 00:00:00,7,16.061203,108.245478,paper,39
2025-01-14 00:00:00,8,16.060947,108.242048,organic,46
2025-01-14 00:00:00,9,16.076918,108.240417,metal,26
2025-01-14 00:00:00,10,16.050022,108.229231,paper,31
2025-01-14 00:00:00,11,16.072936,108.228415,plastic,40
2025-01-14 00:00:00,12,16.075616,108.243493,organic,44
2025-01-14 00:00:00,13,16.060528,108.241418,paper,36
2025-01-14 00:00:00,14,16.048051,108.222369,organic,32
2025-01-14 00:00:00,15,16.078301,108.209883,plastic,34
2025-01-14 00:00:00,16,16.073661,108.207305,metal,27
2025-01-14 00:00:00,17,16.061932,108.205372,organic,28
2025-01-14 00:00:00,18,16.049558,108.232641,metal,41
2025-01-14 00:00:00,19,16.040552,108.234367,metal,41
2025-01-14 00:00:00,20,16.040558,108.202618,metal,42
2025-01-14 00:00:00,21,16.040312,108.21319,metal,36
2025-01-14 00:00:00,22,16.053302,108.206434,plastic,37
2025-01-14 00:00:00,23,16.066687,108.24606,metal,44
2025-01-14 00:00:00,24,16.075745,108.212543,metal,40
2025-01-14 00:00:00,25,16.069915,108.229101,organic,37
2025-01-14 00:00:00,26,16.054459,108.233217,plastic,40
2025-01-14 00:00:00,27,16.073476,108.207721,paper,40
2025-01-14 00:00:00,28,16.062903,108.218438,organic,44
2025-01-14 00:00:00,29,16.053285,108.243371,metal,38
2025-01-14 00:00:00,30,16.063499,108.229964,organic,37
2025-01-14 00:00:00,31,16.066972,108.218299,plastic,28
2025-01-14 00:00:00,32,16.070944,108.231319,metal,38
2025-01-14 00:00:00,33,16.076459,108.233761,paper,41
2025-01-14 00:00:00,34,16.072907,108.246755,plastic,37
2025-01-14 00:00:00,35,16.045375,108.22192,metal,44
2025-01-14 00:00:00,36,16.060902,108.22837,paper,31
2025-01-14 00:00:00,37,16.07822,108.209445,organic,40
2025-01-14 00:00:00,38,16.047819,108.246602,metal,30
2025-01-14 00:00:00,39,16.078971,108.204843,paper,29
2025-01-14 00:00:00,40,16.056528,108.249324,plastic,38
2025-01-14 00:00:00,41,16.047893,108.202008,plastic,34
2025-01-14 00:00:00,42,16.077701,108.249977,metal,33
2025-01-14 00:00:00,43,16.051199,108.201983,paper,27
2025-01-14 00:00:00,44,16.068533,108.233936,metal,35
2025-01-14 00:00:00,45,16.045424,108.204301,metal,45
2025-01-14 00:00:00,46,16.054592,108.243394,paper,32
2025-01-14 00:00:00,47,16.063694,108.20329,organic,30
2025-01-14 00:00:00,48,16.077311,108.241461,plastic,44
2025-01-14 00:00:00,49,16.062219,108.22665,paper,30
2025-01-14 06:00:00,0,16.049349,108.232447,paper,47
2025-01-14 06:00:00,1,16.051655,108.24612,paper,34
2025-01-14 06:00:00,2,16.07394,108.200535,plastic,46
2025-01-14 06:00:00,3,16.075408,108.210351,plastic,36
2025-01-14 06:00:00,4,16.052504,108.231602,metal,36
2025-01-14 06:00:00,5,16.060616,108.222433,organic,39
2025-01-14 06:00:00,6,16.051045,108.230157,organic,43
2025-01-14 06:00:00,7,16.061203,108.245478,paper,34
2025-01-14 06:00:00,8,16.060947,108.242048,organic,33
2025-01-14 06:00:00,9,16.076918,108.240417,metal,35
2025-01-14 06:00:00,10,16.050022,108.229231,paper,49
2025-01-14 06:00:00,11,16.072936,108.228415,plastic,32
2025-01-14 06:00:00,12,16.075616,108.243493,organic,42
2025-01-14 06:00:00,13,16.060528,108.241418,paper,31
2025-01-14 06:00:00,14,16.048051,108.222369,organic,39
2025-01-14 06:00:00,15,16.078301,108.209883,plastic,50
2025-01-14 06:00:00,16,16.073661,108.207305,metal,51
2025-01-14 06:00:00,17,16.061932,108.205372,organic,34
2025-01-14 06:00:00,18,16.049558,108.232641,metal,44
2025-01-14 06:00:00,19,16.040552,108.234367,metal,44
2025-01-14 06:00:00,20,16.040558,108.202618,metal,31
2025-01-14 06:00:00,21,16.040312,108.21319,metal,47
2025-01-14 06:00:00,22,16.053302,108.206434,plastic,46
2025-01-14 06:00:00,23,16.066687,108.24606,metal,45
2025-01-14 06:00:00,24,16.075745,108.212543,metal,36
2025-01-14 06:00:00,25,16.069915,108.229101,organic,33
2025-01-14 06:00:00,26,16.054459,108.233217,plastic,34
2025-01-14 06:00:00,27,16.073476,108.207721,paper,36
2025-01-14 06:00:00,28,16.062903,108.218438,organic,37
2025-01-14 06:00:00,29,16.053285,108.243371,metal,33
2025-01-14 06:00:00,30,16.063499,108.229964,organic,45
2025-01-14 06:00:00,31,16.066972,108.218299,plastic,33
2025-01-14 06:00:00,32,16.070944,108.231319,metal,42
2025-01-14 06:00:00,33,16.076459,108.233761,paper,38
2025-01-14 06:00:00,34,16.072907,108.246755,plastic,45
2025-01-14 06:00:00,35,16.045375,108.22192,metal,40
2025-01-14 06:00:00,36,16.060902,108.22837,paper,51
2025-01-14 06:00:00,37,16.07822,108.209445,organic,39
2025-01-14 06:00:00,38,16.047819,108.246602,metal,48
2025-01-14 06:00:00,39,16.078971,108.204843,paper,42
2025-01-14 06:00:00,40,16.056528,108.249324,plastic,35
2025-01-14 06:00:00,41,16.047893,108.202008,plastic,32
2025-01-14 06:00:00,42,16.077701,108.249977,metal,35
2025-01-14 06:00:00,43,16.051199,108.201983,paper,44
2025-01-14 06:00:00,44,16.068533,108.233936,metal,49
2025-01-14 06:00:00,45,16.045424,108.204301,metal,47
2025-01-14 06:00:00,46,16.054592,108.243394,paper,43
2025-01-14 06:00:00,47,16.063694,108.20329,organic,31
2025-01-14 06:00:00,48,16.077311,108.241461,plastic,40
2025-01-14 06:00:00,49,16.062219,108.22665,paper,44
2025-01-14 12:00:00,0,16.049349,108.232447,paper,51
2025-01-14 12:00:00,1,16.051655,108.24612,paper,36
2025-01-14 12:00:00,2,16.07394,108.200535,plastic,43
2025-01-14 12:00:00,3,16.075408,108.210351,plastic,37
2025-01-14 12:00:00,4,16.052504,108.231602,metal,44
2025-01-14 12:00:00,5,16.060616,108.222433,organic,38
2025-01-14 12:00:00,6,16.051045,108.230157,organic,38
2025-01-14 12:00:00,7,16.061203,108.245478,paper,41
2025-01-14 12:00:00,8,16.060947,108.242048,organic,40
2025-01-14 12:00:00,9,16.076918,108.240417,metal,52
2025-01-14 12:00:00,10,16.050022,108.229231,paper,53
2025-01-14 12:00:00,11,16.072936,108.228415,plastic,38
2025-01-14 12:00:00,12,16.075616,108.243493,organic,52
2025-01-14 12:00:00,13,16.060528,108.241418,paper,38
2025-01-14 12:00:00,14,16.048051,108.222369,organic,45
2025-01-14 12:00:00,15,16.078301,108.209883,plastic,42
2025-01-14 12:00:00,16,16.073661,108.207305,metal,56
2025-01-14 12:00:00,17,16.061932,108.205372,organic,41
2025-01-14 12:00:00,18,16.049558,108.232641,metal,38
2025-01-14 12:00:00,19,16.040552,108.234367,metal,56
2025-01-14 12:00:00,20,16.040558,108.202618,metal,53
2025-01-14 12:00:00,21,16.040312,108.21319,metal,54
2025-01-14 12:00:00,22,16.053302,108.206434,plastic,38
2025-01-14 12:00:00,23,16.066687,108.24606,metal,39
2025-01-14 12:00:00,24,16.075745,108.212543,metal,49
2025-01-14 12:00:00,25,16.069915,108.229101,organic,36
2025-01-14 12:00:00,26,16.054459,108.233217,plastic,52
2025-01-14 12:00:00,27,16.073476,108.207721,paper,50
2025-01-14 12:00:00,28,16.062903,108.218438,organic,48
2025-01-14 12:00:00,29,16.053285,108.243371,metal,50
2025-01-14 12:00:00,30,16.063499,108.229964,organic,42
2025-01-14 12:00:00,31,16.066972,108.218299,plastic,56
2025-01-14 12:00:00,32,16.070944,108.231319,metal,38
2025-01-14 12:00:00,33,16.076459,108.233761,paper,56
2025-01-14 12:00:00,34,16.072907,108.246755,plastic,39
2025-01-14 12:00:00,35,16.045375,108.22192,metal,50
2025-01-14 12:00:00,36,16.060902,108.22837,paper,40
2025-01-14 12:00:00,37,16.07822,108.209445,organic,48
2025-01-14 12:00:00,38,16.047819,108.246602,metal,55
2025-01-14 12:00:00,39,16.078971,108.204843,paper,48
2025-01-14 12:00:00,40,16.056528,108.249324,plastic,42
2025-01-14 12:00:00,41,16.047893,108.202008,plastic,38
2025-01-14 12:00:00,42,16.077701,108.249977,metal,36
2025-01-14 12:00:00,43,16.051199,108.201983,paper,42
2025-01-14 12:00:00,44,16.068533,108.233936,metal,38
2025-01-14 12:00:00,45,16.045424,108.204301,metal,47
2025-01-14 12:00:00,46,16.054592,108.243394,paper,53
2025-01-14 12:00:00,47,16.063694,108.20329,organic,48
2025-01-14 12:00:00,48,16.077311,108.241461,plastic,56
2025-01-14 12:00:00,49,16.062219,108.22665,paper,37
2025-01-14 18:00:00,0,16.049349,108.232447,paper,54
2025-01-14 18:00:00,1,16.051655,108.24612,paper,41
2025-01-14 18:00:00,2,16.07394,108.200535,plastic,61
2025-01-14 18:00:00,3,16.075408,108.210351,plastic,52
2025-01-14 18:00:00,4,16.052504,108.231602,metal,50
2025-01-14 18:00:00,5,16.060616,108.222433,organic,50
2025-01-14 18:00:00,6,16.051045,108.230157,organic,41
2025-01-14 18:00:00,7,16.061203,108.245478,paper,61
2025-01-14 18:00:00,8,16.060947,108.242048,organic,52
2025-01-14 18:00:00,9,16.076918,108.240417,metal,58
2025-01-14 18:00:00,10,16.050022,108.229231,paper,46
2025-01-14 18:00:00,11,16.072936,108.228415,plastic,52
2025-01-14 18:00:00,12,16.075616,108.243493,organic,58
2025-01-14 18:00:00,13,16.060528,108.241418,paper,43
2025-01-14 18:00:00,14,16.048051,108.222369,organic,56
2025-01-14 18:00:00,15,16.078301,108.209883,plastic,41
2025-01-14 18:00:00,16,16.073661,108.207305,metal,58
2025-01-14 18:00:00,17,16.061932,108.205372,organic,47
2025-01-14 18:00:00,18,16.049558,108.232641,metal,59
2025-01-14 18:00:00,19,16.040552,108.234367,metal,58
2025-01-14 18:00:00,20,16.040558,108.202618,metal,48
2025-01-14 18:00:00,21,16.040312,108.21319,metal,43
2025-01-14 18:00:00,22,16.053302,108.206434,plastic,46
2025-01-14 18:00:00,23,16.066687,108.24606,metal,58
2025-01-14 18:00:00,24,16.075745,108.212543,metal,47
2025-01-14 18:00:00,25,16.069915,108.229101,organic,45
2025-01-14 18:00:00,26,16.054459,108.233217,plastic,60
2025-01-14 18:00:00,27,16.073476,108.207721,paper,45
2025-01-14 18:00:00,28,16.062903,108.218438,organic,50
2025-01-14 18:00:00,29,16.053285,108.243371,metal,45
2025-01-14 18:00:00,30,16.063499,108.229964,organic,51
2025-01-14 18:00:00,31,16.066972,108.218299,plastic,57
2025-01-14 18:00:00,32,16.070944,108.231319,metal,56
2025-01-14 18:00:00,33,16.076459,108.233761,paper,50
2025-01-14 18:00:00,34,16.072907,108.246755,plastic,52
2025-01-14 18:00:00,35,16.045375,108.22192,metal,60
2025-01-14 18:00:00,36,16.060902,108.22837,paper,58
2025-01-14 18:00:00,37,16.07822,108.209445,organic,56
2025-01-14 18:00:00,38,16.047819,108.246602,metal,45
2025-01-14 18:00:00,39,16.078971,108.204843,paper,56
2025-01-14 18:00:00,40,16.056528,108.249324,plastic,52
2025-01-14 18:00:00,41,16.047893,108.202008,plastic,49
2025-01-14 18:00:00,42,16.077701,108.249977,metal,48
2025-01-14 18:00:00,43,16.051199,108.201983,paper,41
2025-01-14 18:00:00,44,16.068533,108.233936,metal,44
2025-01-14 18:00:00,45,16.045424,108.204301,metal,60
2025-01-14 18:00:00,46,16.054592,108.243394,paper,59
2025-01-14 18:00:00,47,16.063694,108.20329,organic,41
2025-01-14 18:00:00,48,16.077311,108.241461,plastic,54
2025-01-14 18:00:00,49,16.062219,108.22665,paper,53
2025-01-15 00:00:00,0,16.049349,108.232447,paper,30
2025-01-15 00:00:00,1,16.051655,108.24612,paper,32
2025-01-15 00:00:00,2,16.07394,108.200535,plastic,33
2025-01-15 00:00:00,3,16.075408,108.210351,plastic,29
2025-01-15 00:00:00,4,16.052504,108.231602,metal,41
2025-01-15 00:00:00,5,16.060616,108.222433,organic,34
2025-01-15 00:00:00,6,16.051045,108.230157,organic,42
2025-01-15 00:00:00,7,16.061203,108.245478,paper,41
2025-01-15 00:00:00,8,16.060947,108.242048,organic,44
2025-01-15 00:00:00,9,16.076918,108.240417,metal,46
2025-01-15 00:00:00,10,16.050022,108.229231,paper,39
2025-01-15 00:00:00,11,16.072936,108.228415,plastic,36
2025-01-15 00:00:00,12,16.075616,108.243493,organic,46
2025-01-15 00:00:00,13,16.060528,108.241418,paper,34
2025-01-15 00:00:00,14,16.048051,108.222369,organic,30
2025-01-15 00:00:00,15,16.078301,108.209883,plastic,36
2025-01-15 00:00:00,16,16.073661,108.207305,metal,45
2025-01-15 00:00:00,17,16.061932,108.205372,organic,46
2025-01-15 00:00:00,18,16.049558,108.232641,metal,34
2025-01-15 00:00:00,19,16.040552,108.234367,metal,28
2025-01-15 00:00:00,20,16.040558,108.202618,metal,37
2025-01-15 00:00:00,21,16.040312,108.21319,metal,48
2025-01-15 00:00:00,22,16.053302,108.206434,plastic,38
2025-01-15 00:00:00,23,16.066687,108.24606,metal,45
2025-01-15 00:00:00,24,16.075745,108.212543,metal,37
2025-01-15 00:00:00,25,16.069915,108.229101,organic,35
2025-01-15 00:00:00,26,16.054459,108.233217,plastic,45
2025-01-15 00:00:00,27,16.073476,108.207721,paper,29
2025-01-15 00:00:00,28,16.062903,108.218438,organic,32
2025-01-15 00:00:00,29,16.053285,108.243371,metal,43
2025-01-15 00:00:00,30,16.063499,108.229964,organic,33
2025-01-15 00:00:00,31,16.066972,108.218299,plastic,41
2025-01-15 00:00:00,32,16.070944,108.231319,metal,45
2025-01-15 00:00:00,33,16.076459,108.233761,paper,46
2025-01-15 00:00:00,34,16.072907,108.246755,plastic,45
2025-01-15 00:00:00,35,16.045375,108.22192,metal,31
2025-01-15 00:00:00,36,16.060902,108.22837,paper,31
2025-01-15 00:00:00,37,16.07822,108.209445,organic,48
2025-01-15 00:00:00,38,16.047819,108.246602,metal,30
2025-01-15 00:00:00,39,16.078971,108.204843,paper,33
2025-01-15 00:00:00,40,16.056528,108.249324,plastic,35
2025-01-15 00:00:00,41,16.047893,108.202008,plastic,47
2025-01-15 00:00:00,42,16.077701,108.249977,metal,37
2025-01-15 00:00:00,43,16.051199,108.201983,paper,29
2025-01-15 00:00:00,44,16.068533,108.233936,metal,32
2025-01-15 00:00:00,45,16.045424,108.204301,metal,36
2025-01-15 00:00:00,46,16.054592,108.243394,paper,41
2025-01-15 00:00:00,47,16.063694,108.20329,organic,33
2025-01-15 00:00:00,48,16.077311,108.241461,plastic,38
2025-01-15 00:00:00,49,16.062219,108.22665,paper,43
2025-01-15 06:00:00,0,16.049349,108.232447,paper,42
2025-01-15 06:00:00,1,16.051655,108.24612,paper,40
2025-01-15 06:00:00,2,16.07394,108.200535,plastic,37
2025-01-15 06:00:00,3,16.075408,108.210351,plastic,50
2025-01-15 06:00:00,4,16.052504,108.231602,metal,50
2025-01-15 06:00:00,5,16.060616,108.222433,organic,53
2025-01-15 06:00:00,6,16.051045,108.230157,organic,40
2025-01-15 06:00:00,7,16.061203,108.245478,paper,51
2025-01-15 06:00:00,8,16.060947,108.242048,organic,34
2025-01-15 06:00:00,9,16.076918,108.240417,metal,47
2025-01-15 06:00:00,10,16.050022,108.229231,paper,51
2025-01-15 06:00:00,11,16.072936,108.228415,plastic,48
2025-01-15 06:00:00,12,16.075616,108.243493,organic,48
2025-01-15 06:00:00,13,16.060528,108.241418,paper,45
2025-01-15 06:00:00,14,16.048051,108.222369,organic,48
2025-01-15 06:00:00,15,16.078301,108.209883,plastic,48
2025-01-15 06:00:00,16,16.073661,108.207305,metal,35
2025-01-15 06:00:00,17,16.061932,108.205372,organic,47
2025-01-15 06:00:00,18,16.049558,108.232641,metal,44
2025-01-15 06:00:00,19,16.040552,108.234367,metal,37
2025-01-15 06:00:00,20,16.040558,108.202618,metal,52
2025-01-15 06:00:00,21,16.040312,108.21319,metal,42
2025-01-15 06:00:00,22,16.053302,108.206434,plastic,40
2025-01-15 06:00:00,23,16.066687,108.24606,metal,52
2025-01-15 06:00:00,24,16.075745,108.212543,metal,49
2025-01-15 06:00:00,25,16.069915,108.229101,organic,49
2025-01-15 06:00:00,26,16.054459,108.233217,plastic,38
2025-01-15 06:00:00,27,16.073476,108.207721,paper,36
2025-01-15 06:00:00,28,16.062903,108.218438,organic,39
2025-01-15 06:00:00,29,16.053285,108.243371,metal,51
2025-01-15 06:00:00,30,16.063499,108.229964,organic,34
2025-01-15 06:00:00,31,16.066972,108.218299,plastic,51
2025-01-15 06:00:00,32,16.070944,108.231319,metal,41
2025-01-15 06:00:00,33,16.076459,108.233761,paper,43
2025-01-15 06:00:00,34,16.072907,108.246755,plastic,49
2025-01-15 06:00:00,35,16.045375,108.22192,metal,43
2025-01-15 06:00:00,36,16.060902,108.22837,paper,48
2025-01-15 06:00:00,37,16.07822,108.209445,organic,35
2025-01-15 06:00:00,38,16.047819,108.246602,metal,41
2025-01-15 06:00:00,39,16.078971,108.204843,paper,42
2025-01-15 06:00:00,40,16.056528,108.249324,plastic,46
2025-01-15 06:00:00,41,16.047893,108.202008,plastic,40
2025-01-15 06:00:00,42,16.077701,108.249977,metal,36
2025-01-15 06:00:00,43,16.051199,108.201983,paper,42
2025-01-15 06:00:00,44,16.068533,108.233936,metal,44
2025-01-15 06:00:00,45,16.045424,108.204301,metal,40
2025-01-15 06:00:00,46,16.054592,108.243394,paper,41
2025-01-15 06:00:00,47,16.063694,108.20329,organic,52
2025-01-15 06:00:00,48,16.077311,108.241461,plastic,48
2025-01-15 06:00:00,49,16.062219,108.22665,paper,42
2025-01-15 12:00:00,0,16.049349,108.232447,paper,55
2025-01-15 12:00:00,1,16.051655,108.24612,paper,44
2025-01-15 12:00:00,2,16.07394,108.200535,plastic,45
2025-01-15 12:00:00,3,16.075408,108.210351,plastic,44
2025-01-15 12:00:00,4,16.052504,108.231602,metal,45
2025-01-15 12:00:00,5,16.060616,108.222433,organic,46
2025-01-15 12:00:00,6,16.051045,108.230157,organic,58
2025-01-15 12:00:00,7,16.061203,108.245478,paper,48
2025-01-15 12:00:00,8,16.060947,108.242048,organic,53
2025-01-15 12:00:00,9,16.076918,108.240417,metal,46
2025-01-15 12:00:00,10,16.050022,108.229231,paper,56
2025-01-15 12:00:00,11,16.072936,108.228415,plastic,44
2025-01-15 12:00:00,12,16.075616,108.243493,organic,45
2025-01-15 12:00:00,13,16.060528,108.241418,paper,42
2025-01-15 12:00:00,14,16.048051,108.222369,organic,54
2025-01-15 12:00:00,15,16.078301,108.209883,plastic,54
2025-01-15 12:00:00,16,16.073661,108.207305,metal,55
2025-01-15 12:00:00,17,16.061932,108.205372,organic,52
2025-01-15 12:00:00,18,16.049558,108.232641,metal,54
2025-01-15 12:00:00,19,16.040552,108.234367,metal,41
2025-01-15 12:00:00,20,16.040558,108.202618,metal,56
2025-01-15 12:00:00,21,16.040312,108.21319,metal,49
2025-01-15 12:00:00,22,16.053302,108.206434,plastic,51
2025-01-15 12:00:00,23,16.066687,108.24606,metal,49
2025-01-15 12:00:00,24,16.075745,108.212543,metal,49
2025-01-15 12:00:00,25,16.069915,108.229101,organic,48
2025-01-15 12:00:00,26,16.054459,108.233217,plastic,54
2025-01-15 12:00:00,27,16.073476,108.207721,paper,56
2025-01-15 12:00:00,28,16.062903,108.218438,organic,43
2025-01-15 12:00:00,29,16.053285,108.243371,metal,48
2025-01-15 12:00:00,30,16.063499,108.229964,organic,39
2025-01-15 12:00:00,31,16.066972,108.218299,plastic,49
2025-01-15 12:00:00,32,16.070944,108.231319,metal,45
2025-01-15 12:00:00,33,16.076459,108.233761,paper,39
2025-01-15 12:00:00,34,16.072907,108.246755,plastic,50
2025-01-15 12:00:00,35,16.045375,108.22192,metal,56
2025-01-15 12:00:00,36,16.060902,108.22837,paper,51
2025-01-15 12:00:00,37,16.07822,108.209445,organic,46
2025-01-15 12:00:00,38,16.047819,108.246602,metal,55
2025-01-15 12:00:00,39,16.078971,108.204843,paper,57
2025-01-15 12:00:00,40,16.056528,108.249324,plastic,42
2025-01-15 12:00:00,41,16.047893,108.202008,plastic,50
2025-01-15 12:00:00,42,16.077701,108.249977,metal,53
2025-01-15 12:00:00,43,16.051199,108.201983,paper,38
2025-01-15 12:00:00,44,16.068533,108.233936,metal,42
2025-01-15 12:00:00,45,16.045424,108.204301,metal,57
2025-01-15 12:00:00,46,16.054592,108.243394,paper,58
2025-01-15 12:00:00,47,16.063694,108.20329,organic,54
2025-01-15 12:00:00,48,16.077311,108.241461,plastic,43
2025-01-15 12:00:00,49,16.062219,108.22665,paper,46
2025-01-15 18:00:00,0,16.049349,108.232447,paper,55
2025-01-15 18:00:00,1,16.051655,108.24612,paper,52
2025-01-15 18:00:00,2,16.07394,108.200535,plastic,55
2025-01-15 18:00:00,3,16.075408,108.210351,plastic,43
2025-01-15 18:00:00,4,16.052504,108.231602,metal,49
2025-01-15 18:00:00,5,16.060616,108.222433,organic,49
2025-01-15 18:00:00,6,16.051045,108.230157,organic,57
2025-01-15 18:00:00,7,16.061203,108.245478,paper,44
2025-01-15 18:00:00,8,16.060947,108.242048,organic,52
2025-01-15 18:00:00,9,16.076918,108.240417,metal,47
2025-01-15 18:00:00,10,16.050022,108.229231,paper,46
2025-01-15 18:00:00,11,16.072936,108.228415,plastic,58
2025-01-15 18:00:00,12,16.075616,108.243493,organic,55
2025-01-15 18:00:00,13,16.060528,108.241418,paper,45
2025-01-15 18:00:00,14,16.048051,108.222369,organic,63
2025-01-15 18:00:00,15,16.078301,108.209883,plastic,54
2025-01-15 18:00:00,16,16.073661,108.207305,metal,59
2025-01-15 18:00:00,17,16.061932,108.205372,organic,46
2025-01-15 18:00:00,18,16.049558,108.232641,metal,43
2025-01-15 18:00:00,19,16.040552,108.234367,metal,60
2025-01-15 18:00:00,20,16.040558,108.202618,metal,57
2025-01-15 18:00:00,21,16.040312,108.21319,metal,57
2025-01-15 18:00:00,22,16.053302,108.206434,plastic,53
2025-01-15 18:00:00,23,16.066687,108.24606,metal,46
2025-01-15 18:00:00,24,16.075745,108.212543,metal,63
2025-01-15 18:00:00,25,16.069915,108.229101,organic,56
2025-01-15 18:00:00,26,16.054459,108.233217,plastic,55
2025-01-15 18:00:00,27,16.073476,108.207721,paper,49
2025-01-15 18:00:00,28,16.062903,108.218438,organic,60
2025-01-15 18:00:00,29,16.053285,108.243371,metal,52
2025-01-15 18:00:00,30,16.063499,108.229964,organic,52
2025-01-15 18:00:00,31,16.066972,108.218299,plastic,60
2025-01-15 18:00:00,32,16.070944,108.231319,metal,55
2025-01-15 18:00:00,33,16.076459,108.233761,paper,51
2025-01-15 18:00:00,34,16.072907,108.246755,plastic,62
2025-01-15 18:00:00,35,16.045375,108.22192,metal,47
2025-01-15 18:00:00,36,16.060902,108.22837,paper,52
2025-01-15 18:00:00,37,16.07822,108.209445,organic,58
2025-01-15 18:00:00,38,16.047819,108.246602,metal,45
2025-01-15 18:00:00,39,16.078971,108.204843,paper,44
2025-01-15 18:00:00,40,16.056528,108.249324,plastic,63
2025-01-15 18:00:00,41,16.047893,108.202008,plastic,44
2025-01-15 18:00:00,42,16.077701,108.249977,metal,60
2025-01-15 18:00:00,43,16.051199,108.201983,paper,44
2025-01-15 18:00:00,44,16.068533,108.233936,metal,43
2025-01-15 18:00:00,45,16.045424,108.204301,metal,57
2025-01-15 18:00:00,46,16.054592,108.243394,paper,48
2025-01-15 18:00:00,47,16.063694,108.20329,organic,60
2025-01-15 18:00:00,48,16.077311,108.241461,plastic,47
2025-01-15 18:00:00,49,16.062219,108.22665,paper,46
2025-01-16 00:00:00,0,16.049349,108.232447,paper,33
2025-01-16 00:00:00,1,16.051655,108.24612,paper,39
2025-01-16 00:00:00,2,16.07394,108.200535,plastic,38
2025-01-16 00:00:00,3,16.075408,108.210351,plastic,37
2025-01-16 00:00:00,4,16.052504,108.231602,metal,36
2025-01-16 00:00:00,5,16.060616,108.222433,organic,30
2025-01-16 00:00:00,6,16.051045,108.230157,organic,46
2025-01-16 00:00:00,7,16.061203,108.245478,paper,32
2025-01-16 00:00:00,8,16.060947,108.242048,organic,32
2025-01-16 00:00:00,9,16.076918,108.240417,metal,31
2025-01-16 00:00:00,10,16.050022,108.229231,paper,43
2025-01-16 00:00:00,11,16.072936,108.228415,plastic,37
2025-01-16 00:00:00,12,16.075616,108.243493,organic,42
2025-01-16 00:00:00,13,16.060528,108.241418,paper,45
2025-01-16 00:00:00,14,16.048051,108.222369,organic,39
2025-01-16 00:00:00,15,16.078301,108.209883,plastic,48
2025-01-16 00:00:00,16,16.073661,108.207305,metal,41
2025-01-16 00:00:00,17,16.061932,108.205372,organic,36
2025-01-16 00:00:00,18,16.049558,108.232641,metal,36
2025-01-16 00:00:00,19,16.040552,108.234367,metal,46
2025-01-16 00:00:00,20,16.040558,108.202618,metal,37
2025-01-16 00:00:00,21,16.040312,108.21319,metal,42
2025-01-16 00:00:00,22,16.053302,108.206434,plastic,36
2025-01-16 00:00:00,23,16.066687,108.24606,metal,42
2025-01-16 00:00:00,24,16.075745,108.212543,metal,50
2025-01-16 00:00:00,25,16.069915,108.229101,organic,33
2025-01-16 00:00:00,26,16.054459,108.233217,plastic,37
2025-01-16 00:00:00,27,16.073476,108.207721,paper,40
2025-01-16 00:00:00,28,16.062903,108.218438,organic,34
2025-01-16 00:00:00,29,16.053285,108.243371,metal,45
2025-01-16 00:00:00,30,16.063499,108.229964,organic,36
2025-01-16 00:00:00,31,16.066972,108.218299,plastic,44
2025-01-16 00:00:00,32,16.070944,108.231319,metal,47
2025-01-16 00:00:00,33,16.076459,108.233761,paper,35
2025-01-16 00:00:00,34,16.072907,108.246755,plastic,48
2025-01-16 00:00:00,35,16.045375,108.22192,metal,39
2025-01-16 00:00:00,36,16.060902,108.22837,paper,47
2025-01-16 00:00:00,37,16.07822,108.209445,organic,40
2025-01-16 00:00:00,38,16.047819,108.246602,metal,48
2025-01-16 00:00:00,39,16.078971,108.204843,paper,36
2025-01-16 00:00:00,40,16.056528,108.249324,plastic,37
2025-01-16 00:00:00,41,16.047893,108.202008,plastic,31
2025-01-16 00:00:00,42,16.077701,108.249977,metal,40
2025-01-16 00:00:00,43,16.051199,108.201983,paper,33
2025-01-16 00:00:00,44,16.068533,108.233936,metal,50
2025-01-16 00:00:00,45,16.045424,108.204301,metal,42
2025-01-16 00:00:00,46,16.054592,108.243394,paper,38
2025-01-16 00:00:00,47,16.063694,108.20329,organic,39
2025-01-16 00:00:00,48,16.077311,108.241461,plastic,33
2025-01-16 00:00:00,49,16.062219,108.22665,paper,47
2025-01-16 06:00:00,0,16.049349,108.232447,paper,43
2025-01-16 06:00:00,1,16.051655,108.24612,paper,55
2025-01-16 06:00:00,2,16.07394,108.200535,plastic,37
2025-01-16 06:00:00,3,16.075408,108.210351,plastic,40
2025-01-16 06:00:00,4,16.052504,108.231602,metal,53
2025-01-16 06:00:00,5,16.060616,108.222433,organic,40
2025-01-16 06:00:00,6,16.051045,108.230157,organic,53
2025-01-16 06:00:00,7,16.061203,108.245478,paper,51
2025-01-16 06:00:00,8,16.060947,108.242048,organic,51
2025-01-16 06:00:00,9,16.076918,108.240417,metal,48
2025-01-16 06:00:00,10,16.050022,108.229231,paper,42
2025-01-16 06:00:00,11,16.072936,108.228415,plastic,35
2025-01-16 06:00:00,12,16.075616,108.243493,organic,43
2025-01-16 06:00:00,13,16.060528,108.241418,paper,44
2025-01-16 06:00:00,14,16.048051,108.222369,organic,54
2025-01-16 06:00:00,15,16.078301,108.209883,plastic,52
2025-01-16 06:00:00,16,16.073661,108.207305,metal,43
2025-01-16 06:00:00,17,16.061932,108.205372,organic,48
2025-01-16 06:00:00,18,16.049558,108.232641,metal,53
2025-01-16 06:00:00,19,16.040552,108.234367,metal,48
2025-01-16 06:00:00,20,16.040558,108.202618,metal,55
2025-01-16 06:00:00,21,16.040312,108.21319,metal,37
2025-01-16 06:00:00,22,16.053302,108.206434,plastic,53
2025-01-16 06:00:00,23,16.066687,108.24606,metal,55
2025-01-16 06:00:00,24,16.075745,108.212543,metal,47
2025-01-16 06:00:00,25,16.069915,108.229101,organic,41
2025-01-16 06:00:00,26,16.054459,108.233217,plastic,43
2025-01-16 06:00:00,27,16.073476,108.207721,paper,43
2025-01-16 06:00:00,28,16.062903,108.218438,organic,52
2025-01-16 06:00:00,29,16.053285,108.243371,metal,54
2025-01-16 06:00:00,30,16.063499,108.229964,organic,48
2025-01-16 06:00:00,31,16.066972,108.218299,plastic,40
2025-01-16 06:00:00,32,16.070944,108.231319,metal,41
2025-01-16 06:00:00,33,16.076459,108.233761,paper,50
2025-01-16 06:00:00,34,16.072907,108.246755,plastic,52
2025-01-16 06:00:00,35,16.045375,108.22192,metal,55
2025-01-16 06:00:00,36,16.060902,108.22837,paper,50
2025-01-16 06:00:00,37,16.07822,108.209445,organic,37
2025-01-16 06:00:00,38,16.047819,108.246602,metal,36
2025-01-16 06:00:00,39,16.078971,108.204843,paper,42
2025-01-16 06:00:00,40,16.056528,108.249324,plastic,35
2025-01-16 06:00:00,41,16.047893,108.202008,plastic,46
2025-01-16 06:00:00,42,16.077701,108.249977,metal,49
2025-01-16 06:00:00,43,16.051199,108.201983,paper,54
2025-01-16 06:00:00,44,16.068533,108.233936,metal,37
2025-01-16 06:00:00,45,16.045424,108.204301,metal,43
2025-01-16 06:00:00,46,16.054592,108.243394,paper,42
2025-01-16 06:00:00,47,16.063694,108.20329,organic,50
2025-01-16 06:00:00,48,16.077311,108.241461,plastic,38
2025-01-16 06:00:00,49,16.062219,108.22665,paper,41
2025-01-16 12:00:00,0,16.049349,108.232447,paper,55
2025-01-16 12:00:00,1,16.051655,108.24612,paper,51
2025-01-16 12:00:00,2,16.07394,108.200535,plastic,41
2025-01-16 12:00:00,3,16.075408,108.210351,plastic,58
2025-01-16 12:00:00,4,16.052504,108.231602,metal,58
2025-01-16 12:00:00,5,16.060616,108.222433,organic,54
2025-01-16 12:00:00,6,16.051045,108.230157,organic,50
2025-01-16 12:00:00,7,16.061203,108.245478,paper,55
2025-01-16 12:00:00,8,16.060947,108.242048,organic,57
2025-01-16 12:00:00,9,16.076918,108.240417,metal,47
2025-01-16 12:00:00,10,16.050022,108.229231,paper,58
2025-01-16 12:00:00,11,16.072936,108.228415,plastic,50
2025-01-16 12:00:00,12,16.075616,108.243493,organic,49
2025-01-16 12:00:00,13,16.060528,108.241418,paper,43
2025-01-16 12:00:00,14,16.048051,108.222369,organic,49
2025-01-16 12:00:00,15,16.078301,108.209883,plastic,53
2025-01-16 12:00:00,16,16.073661,108.207305,metal,40
2025-01-16 12:00:00,17,16.061932,108.205372,organic,51
2025-01-16 12:00:00,18,16.049558,108.232641,metal,60
2025-01-16 12:00:00,19,16.040552,108.234367,metal,51
2025-01-16 12:00:00,20,16.040558,108.202618,metal,54
2025-01-16 12:00:00,21,16.040312,108.21319,metal,40
2025-01-16 12:00:00,22,16.053302,108.206434,plastic,56
2025-01-16 12:00:00,23,16.066687,108.24606,metal,59
2025-01-16 12:00:00,24,16.075745,108.212543,metal,50
2025-01-16 12:00:00,25,16.069915,108.229101,organic,51
2025-01-16 12:00:00,26,16.054459,108.233217,plastic,43
2025-01-16 12:00:00,27,16.073476,108.207721,paper,46
2025-01-16 12:00:00,28,16.062903,108.218438,organic,42
2025-01-16 12:00:00,29,16.053285,108.243371,metal,55
2025-01-16 12:00:00,30,16.063499,108.229964,organic,44
2025-01-16 12:00:00,31,16.066972,108.218299,plastic,57
2025-01-16 12:00:00,32,16.070944,108.231319,metal,59
2025-01-16 12:00:00,33,16.076459,108.233761,paper,56
2025-01-16 12:00:00,34,16.072907,108.246755,plastic,60
2025-01-16 12:00:00,35,16.045375,108.22192,metal,44
2025-01-16 12:00:00,36,16.060902,108.22837,paper,57
2025-01-16 12:00:00,37,16.07822,108.209445,organic,56
2025-01-16 12:00:00,38,16.047819,108.246602,metal,47
2025-01-16 12:00:00,39,16.078971,108.204843,paper,58
2025-01-16 12:00:00,40,16.056528,108.249324,plastic,47
2025-01-16 12:00:00,41,16.047893,108.202008,plastic,60
2025-01-16 12:00:00,42,16.077701,108.249977,metal,49
2025-01-16 12:00:00,43,16.051199,108.201983,paper,60
2025-01-16 12:00:00,44,16.068533,108.233936,metal,49
2025-01-16 12:00:00,45,16.045424,108.204301,metal,56
2025-01-16 12:00:00,46,16.054592,108.243394,paper,46
2025-01-16 12:00:00,47,16.063694,108.20329,organic,53
2025-01-16 12:00:00,48,16.077311,108.241461,plastic,42
2025-01-16 12:00:00,49,16.062219,108.22665,paper,59
2025-01-16 18:00:00,0,16.049349,108.232447,paper,63
2025-01-16 18:00:00,1,16.051655,108.24612,paper,62
2025-01-16 18:00:00,2,16.07394,108.200535,plastic,63
2025-01-16 18:00:00,3,16.075408,108.210351,plastic,65
2025-01-16 18:00:00,4,16.052504,108.231602,metal,46
2025-01-16 18:00:00,5,16.060616,108.222433,organic,61
2025-01-16 18:00:00,6,16.051045,108.230157,organic,57
2025-01-16 18:00:00,7,16.061203,108.245478,paper,64
2025-01-16 18:00:00,8,16.060947,108.242048,organic,48
2025-01-16 18:00:00,9,16.076918,108.240417,metal,49
2025-01-16 18:00:00,10,16.050022,108.229231,paper,60
2025-01-16 18:00:00,11,16.072936,108.228415,plastic,45
2025-01-16 18:00:00,12,16.075616,108.243493,organic,54
2025-01-16 18:00:00,13,16.060528,108.241418,paper,59
2025-01-16 18:00:00,14,16.048051,108.222369,organic,61
2025-01-16 18:00:00,15,16.078301,108.209883,plastic,51
2025-01-16 18:00:00,16,16.073661,108.207305,metal,52
2025-01-16 18:00:00,17,16.061932,108.205372,organic,56
2025-01-16 18:00:00,18,16.049558,108.232641,metal,59
2025-01-16 18:00:00,19,16.040552,108.234367,metal,46
2025-01-16 18:00:00,20,16.040558,108.202618,metal,47
2025-01-16 18:00:00,21,16.040312,108.21319,metal,56
2025-01-16 18:00:00,22,16.053302,108.206434,plastic,57
2025-01-16 18:00:00,23,16.066687,108.24606,metal,51
2025-01-16 18:00:00,24,16.075745,108.212543,metal,58
2025-01-16 18:00:00,25,16.069915,108.229101,organic,56
2025-01-16 18:00:00,26,16.054459,108.233217,plastic,46
2025-01-16 18:00:00,27,16.073476,108.207721,paper,63
2025-01-16 18:00:00,28,16.062903,108.218438,organic,58
2025-01-16 18:00:00,29,16.053285,108.243371,metal,65
2025-01-16 18:00:00,30,16.063499,108.229964,organic,63
2025-01-16 18:00:00,31,16.066972,108.218299,plastic,63
2025-01-16 18:00:00,32,16.070944,108.231319,metal,60
2025-01-16 18:00:00,33,16.076459,108.233761,paper,64
2025-01-16 18:00:00,34,16.072907,108.246755,plastic,46
2025-01-16 18:00:00,35,16.045375,108.22192,metal,63
2025-01-16 18:00:00,36,16.060902,108.22837,paper,45
2025-01-16 18:00:00,37,16.07822,108.209445,organic,48
2025-01-16 18:00:00,38,16.047819,108.246602,metal,47
2025-01-16 18:00:00,39,16.078971,108.204843,paper,59
2025-01-16 18:00:00,40,16.056528,108.249324,plastic,62
2025-01-16 18:00:00,41,16.047893,108.202008,plastic,57
2025-01-16 18:00:00,42,16.077701,108.249977,metal,64
2025-01-16 18:00:00,43,16.051199,108.201983,paper,45
2025-01-16 18:00:00,44,16.068533,108.233936,metal,51
2025-01-16 18:00:00,45,16.045424,108.204301,metal,56
2025-01-16 18:00:00,46,16.054592,108.243394,paper,60
2025-01-16 18:00:00,47,16.063694,108.20329,organic,64
2025-01-16 18:00:00,48,16.077311,108.241461,plastic,53
2025-01-16 18:00:00,49,16.062219,108.22665,paper,63
2025-01-17 00:00:00,0,16.049349,108.232447,paper,49
2025-01-17 00:00:00,1,16.051655,108.24612,paper,50
2025-01-17 00:00:00,2,16.07394,108.200535,plastic,48
2025-01-17 00:00:00,3,16.075408,108.210351,plastic,40
2025-01-17 00:00:00,4,16.052504,108.231602,metal,48
2025-01-17 00:00:00,5,16.060616,108.222433,organic,35
2025-01-17 00:00:00,6,16.051045,108.230157,organic,49
2025-01-17 00:00:00,7,16.061203,108.245478,paper,37
2025-01-17 00:00:00,8,16.060947,108.242048,organic,32
2025-01-17 00:00:00,9,16.076918,108.240417,metal,32
2025-01-17 00:00:00,10,16.050022,108.229231,paper,44
2025-01-17 00:00:00,11,16.072936,108.228415,plastic,40
2025-01-17 00:00:00,12,16.075616,108.243493,organic,49
2025-01-17 00:00:00,13,16.060528,108.241418,paper,48
2025-01-17 00:00:00,14,16.048051,108.222369,organic,50
2025-01-17 00:00:00,15,16.078301,108.209883,plastic,46
2025-01-17 00:00:00,16,16.073661,108.207305,metal,48
2025-01-17 00:00:00,17,16.061932,108.205372,organic,43
2025-01-17 00:00:00,18,16.049558,108.232641,metal,38
2025-01-17 00:00:00,19,16.040552,108.234367,metal,45
2025-01-17 00:00:00,20,16.040558,108.202618,metal,45
2025-01-17 00:00:00,21,16.040312,108.21319,metal,47
2025-01-17 00:00:00,22,16.053302,108.206434,plastic,46
2025-01-17 00:00:00,23,16.066687,108.24606,metal,33
2025-01-17 00:00:00,24,16.075745,108.212543,metal,39
2025-01-17 00:00:00,25,16.069915,108.229101,organic,40
2025-01-17 00:00:00,26,16.054459,108.233217,plastic,33
2025-01-17 00:00:00,27,16.073476,108.207721,paper,34
2025-01-17 00:00:00,28,16.062903,108.218438,organic,36
2025-01-17 00:00:00,29,16.053285,108.243371,metal,41
2025-01-17 00:00:00,30,16.063499,108.229964,organic,50
2025-01-17 00:00:00,31,16.066972,108.218299,plastic,51
2025-01-17 00:00:00,32,16.070944,108.231319,metal,44
2025-01-17 00:00:00,33,16.076459,108.233761,paper,35
2025-01-17 00:00:00,34,16.072907,108.246755,plastic,32
2025-01-17 00:00:00,35,16.045375,108.22192,metal,34
2025-01-17 00:00:00,36,16.060902,108.22837,paper,42
2025-01-17 00:00:00,37,16.07822,108.209445,organic,36
2025-01-17 00:00:00,38,16.047819,108.246602,metal,39
2025-01-17 00:00:00,39,16.078971,108.204843,paper,35
2025-01-17 00:00:00,40,16.056528,108.249324,plastic,41
2025-01-17 00:00:00,41,16.047893,108.202008,plastic,35
2025-01-17 00:00:00,42,16.077701,108.249977,metal,51
2025-01-17 00:00:00,43,16.051199,108.201983,paper,50
2025-01-17 00:00:00,44,16.068533,108.233936,metal,32
2025-01-17 00:00:00,45,16.045424,108.204301,metal,40
2025-01-17 00:00:00,46,16.054592,108.243394,paper,46
2025-01-17 00:00:00,47,16.063694,108.20329,organic,52
2025-01-17 00:00:00,48,16.077311,108.241461,plastic,44
2025-01-17 00:00:00,49,16.062219,108.22665,paper,50
2025-01-17 06:00:00,0,16.049349,108.232447,paper,43
2025-01-17 06:00:00,1,16.051655,108.24612,paper,48
2025-01-17 06:00:00,2,16.07394,108.200535,plastic,40
2025-01-17 06:00:00,3,16.075408,108.210351,plastic,56
2025-01-17 06:00:00,4,16.052504,108.231602,metal,39
2025-01-17 06:00:00,5,16.060616,108.222433,organic,57
2025-01-17 06:00:00,6,16.051045,108.230157,organic,41
2025-01-17 06:00:00,7,16.061203,108.245478,paper,44
2025-01-17 06:00:00,8,16.060947,108.242048,organic,45
2025-01-17 06:00:00,9,16.076918,108.240417,metal,39
2025-01-17 06:00:00,10,16.050022,108.229231,paper,55
2025-01-17 06:00:00,11,16.072936,108.228415,plastic,42
2025-01-17 06:00:00,12,16.075616,108.243493,organic,56
2025-01-17 06:00:00,13,16.060528,108.241418,paper,37
2025-01-17 06:00:00,14,16.048051,108.222369,organic,48
2025-01-17 06:00:00,15,16.078301,108.209883,plastic,44
2025-01-17 06:00:00,16,16.073661,108.207305,metal,49
2025-01-17 06:00:00,17,16.061932,108.205372,organic,56
2025-01-17 06:00:00,18,16.049558,108.232641,metal,38
2025-01-17 06:00:00,19,16.040552,108.234367,metal,37
2025-01-17 06:00:00,20,16.040558,108.202618,metal,48
2025-01-17 06:00:00,21,16.040312,108.21319,metal,55
2025-01-17 06:00:00,22,16.053302,108.206434,plastic,37
2025-01-17 06:00:00,23,16.066687,108.24606,metal,43
2025-01-17 06:00:00,24,16.075745,108.212543,metal,37
2025-01-17 06:00:00,25,16.069915,108.229101,organic,56
2025-01-17 06:00:00,26,16.054459,108.233217,plastic,42
2025-01-17 06:00:00,27,16.073476,108.207721,paper,37
2025-01-17 06:00:00,28,16.062903,108.218438,organic,43
2025-01-17 06:00:00,29,16.053285,108.243371,metal,41
2025-01-17 06:00:00,30,16.063499,108.229964,organic,55
2025-01-17 06:00:00,31,16.066972,108.218299,plastic,43
2025-01-17 06:00:00,32,16.070944,108.231319,metal,38
2025-01-17 06:00:00,33,16.076459,108.233761,paper,50
2025-01-17 06:00:00,34,16.072907,108.246755,plastic,38
2025-01-17 06:00:00,35,16.045375,108.22192,metal,49
2025-01-17 06:00:00,36,16.060902,108.22837,paper,55
2025-01-17 06:00:00,37,16.07822,108.209445,organic,47
2025-01-17 06:00:00,38,16.047819,108.246602,metal,45
2025-01-17 06:00:00,39,16.078971,108.204843,paper,52
2025-01-17 06:00:00,40,16.056528,108.249324,plastic,50
2025-01-17 06:00:00,41,16.047893,108.202008,plastic,44
2025-01-17 06:00:00,42,16.077701,108.249977,metal,50
2025-01-17 06:00:00,43,16.051199,108.201983,paper,51
2025-01-17 06:00:00,44,16.068533,108.233936,metal,49
2025-01-17 06:00:00,45,16.045424,108.204301,metal,47
2025-01-17 06:00:00,46,16.054592,108.243394,paper,40
2025-01-17 06:00:00,47,16.063694,108.20329,organic,46
2025-01-17 06:00:00,48,16.077311,108.241461,plastic,44
2025-01-17 06:00:00,49,16.062219,108.22665,paper,54
2025-01-17 12:00:00,0,16.049349,108.232447,paper,48
2025-01-17 12:00:00,1,16.051655,108.24612,paper,45
2025-01-17 12:00:00,2,16.07394,108.200535,plastic,57
2025-01-17 12:00:00,3,16.075408,108.210351,plastic,48
2025-01-17 12:00:00,4,16.052504,108.231602,metal,52
2025-01-17 12:00:00,5,16.060616,108.222433,organic,55
2025-01-17 12:00:00,6,16.051045,108.230157,organic,50
2025-01-17 12:00:00,7,16.061203,108.245478,paper,56
2025-01-17 12:00:00,8,16.060947,108.242048,organic,50
2025-01-17 12:00:00,9,16.076918,108.240417,metal,44
2025-01-17 12:00:00,10,16.050022,108.229231,paper,45
2025-01-17 12:00:00,11,16.072936,108.228415,plastic,47
2025-01-17 12:00:00,12,16.075616,108.243493,organic,52
2025-01-17 12:00:00,13,16.060528,108.241418,paper,45
2025-01-17 12:00:00,14,16.048051,108.222369,organic,42
2025-01-17 12:00:00,15,16.078301,108.209883,plastic,60
2025-01-17 12:00:00,16,16.073661,108.207305,metal,46
2025-01-17 12:00:00,17,16.061932,108.205372,organic,51
2025-01-17 12:00:00,18,16.049558,108.232641,metal,61
2025-01-17 12:00:00,19,16.040552,108.234367,metal,47
2025-01-17 12:00:00,20,16.040558,108.202618,metal,49
2025-01-17 12:00:00,21,16.040312,108.21319,metal,44
2025-01-17 12:00:00,22,16.053302,108.206434,plastic,56
2025-01-17 12:00:00,23,16.066687,108.24606,metal,54
2025-01-17 12:00:00,24,16.075745,108.212543,metal,58
2025-01-17 12:00:00,25,16.069915,108.229101,organic,56
2025-01-17 12:00:00,26,16.054459,108.233217,plastic,46
2025-01-17 12:00:00,27,16.073476,108.207721,paper,62
2025-01-17 12:00:00,28,16.062903,108.218438,organic,42
2025-01-17 12:00:00,29,16.053285,108.243371,metal,59
2025-01-17 12:00:00,30,16.063499,108.229964,organic,53
2025-01-17 12:00:00,31,16.066972,108.218299,plastic,48
2025-01-17 12:00:00,32,16.070944,108.231319,metal,47
2025-01-17 12:00:00,33,16.076459,108.233761,paper,55
2025-01-17 12:00:00,34,16.072907,108.246755,plastic,61
2025-01-17 12:00:00,35,16.045375,108.22192,metal,53
2025-01-17 12:00:00,36,16.060902,108.22837,paper,43
2025-01-17 12:00:00,37,16.07822,108.209445,organic,44
2025-01-17 12:00:00,38,16.047819,108.246602,metal,61
2025-01-17 12:00:00,39,16.078971,108.204843,paper,60
2025-01-17 12:00:00,40,16.056528,108.249324,plastic,49
2025-01-17 12:00:00,41,16.047893,108.202008,plastic,42
2025-01-17 12:00:00,42,16.077701,108.249977,metal,59
2025-01-17 12:00:00,43,16.051199,108.201983,paper,56
2025-01-17 12:00:00,44,16.068533,108.233936,metal,45
2025-01-17 12:00:00,45,16.045424,108.204301,metal,54
2025-01-17 12:00:00,46,16.054592,108.243394,paper,47
2025-01-17 12:00:00,47,16.063694,108.20329,organic,51
2025-01-17 12:00:00,48,16.077311,108.241461,plastic,47
2025-01-17 12:00:00,49,16.062219,108.22665,paper,55
2025-01-17 18:00:00,0,16.049349,108.232447,paper,56
2025-01-17 18:00:00,1,16.051655,108.24612,paper,66
2025-01-17 18:00:00,2,16.07394,108.200535,plastic,67
2025-01-17 18:00:00,3,16.075408,108.210351,plastic,49
2025-01-17 18:00:00,4,16.052504,108.231602,metal,48
2025-01-17 18:00:00,5,16.060616,108.222433,organic,67
2025-01-17 18:00:00,6,16.051045,108.230157,organic,60
2025-01-17 18:00:00,7,16.061203,108.245478,paper,50
2025-01-17 18:00:00,8,16.060947,108.242048,organic,48
2025-01-17 18:00:00,9,16.076918,108.240417,metal,56
2025-01-17 18:00:00,10,16.050022,108.229231,paper,63
2025-01-17 18:00:00,11,16.072936,108.228415,plastic,52
2025-01-17 18:00:00,12,16.075616,108.243493,organic,48
2025-01-17 18:00:00,13,16.060528,108.241418,paper,65
2025-01-17 18:00:00,14,16.048051,108.222369,organic,59
2025-01-17 18:00:00,15,16.078301,108.209883,plastic,47
2025-01-17 18:00:00,16,16.073661,108.207305,metal,53
2025-01-17 18:00:00,17,16.061932,108.205372,organic,57
2025-01-17 18:00:00,18,16.049558,108.232641,metal,50
2025-01-17 18:00:00,19,16.040552,108.234367,metal,63
2025-01-17 18:00:00,20,16.040558,108.202618,metal,57
2025-01-17 18:00:00,21,16.040312,108.21319,metal,54
2025-01-17 18:00:00,22,16.053302,108.206434,plastic,57
2025-01-17 18:00:00,23,16.066687,108.24606,metal,61
2025-01-17 18:00:00,24,16.075745,108.212543,metal,65
2025-01-17 18:00:00,25,16.069915,108.229101,organic,54
2025-01-17 18:00:00,26,16.054459,108.233217,plastic,59
2025-01-17 18:00:00,27,16.073476,108.207721,paper,62
2025-01-17 18:00:00,28,16.062903,108.218438,organic,63
2025-01-17 18:00:00,29,16.053285,108.243371,metal,50
2025-01-17 18:00:00,30,16.063499,108.229964,organic,54
2025-01-17 18:00:00,31,16.066972,108.218299,plastic,54
2025-01-17 18:00:00,32,16.070944,108.231319,metal,67
2025-01-17 18:00:00,33,16.076459,108.233761,paper,54
2025-01-17 18:00:00,34,16.072907,108.246755,plastic,59
2025-01-17 18:00:00,35,16.045375,108.22192,metal,62
2025-01-17 18:00:00,36,16.060902,108.22837,paper,48
2025-01-17 18:00:00,37,16.07822,108.209445,organic,58
2025-01-17 18:00:00,38,16.047819,108.246602,metal,50
2025-01-17 18:00:00,39,16.078971,108.204843,paper,61
2025-01-17 18:00:00,40,16.056528,108.249324,plastic,49
2025-01-17 18:00:00,41,16.047893,108.202008,plastic,67
2025-01-17 18:00:00,42,16.077701,108.249977,metal,50
2025-01-17 18:00:00,43,16.051199,108.201983,paper,49
2025-01-17 18:00:00,44,16.068533,108.233936,metal,50
2025-01-17 18:00:00,45,16.045424,108.204301,metal,47
2025-01-17 18:00:00,46,16.054592,108.243394,paper,61
2025-01-17 18:00:00,47,16.063694,108.20329,organic,56
2025-01-17 18:00:00,48,16.077311,108.241461,plastic,52
2025-01-17 18:00:00,49,16.062219,108.22665,paper,65
2025-01-18 00:00:00,0,16.049349,108.232447,paper,47
2025-01-18 00:00:00,1,16.051655,108.24612,paper,38
2025-01-18 00:00:00,2,16.07394,108.200535,plastic,49
2025-01-18 00:00:00,3,16.075408,108.210351,plastic,48
2025-01-18 00:00:00,4,16.052504,108.231602,metal,42
2025-01-18 00:00:00,5,16.060616,108.222433,organic,49
2025-01-18 00:00:00,6,16.051045,108.230157,organic,45
2025-01-18 00:00:00,7,16.061203,108.245478,paper,43
2025-01-18 00:00:00,8,16.060947,108.242048,organic,52
2025-01-18 00:00:00,9,16.076918,108.240417,metal,47
2025-01-18 00:00:00,10,16.050022,108.229231,paper,51
2025-01-18 00:00:00,11,16.072936,108.228415,plastic,53
2025-01-18 00:00:00,12,16.075616,108.243493,organic,38
2025-01-18 00:00:00,13,16.060528,108.241418,paper,49
2025-01-18 00:00:00,14,16.048051,108.222369,organic,43
2025-01-18 00:00:00,15,16.078301,108.209883,plastic,47
2025-01-18 00:00:00,16,16.073661,108.207305,metal,49
2025-01-18 00:00:00,17,16.061932,108.205372,organic,46
2025-01-18 00:00:00,18,16.049558,108.232641,metal,47
2025-01-18 00:00:00,19,16.040552,108.234367,metal,49
2025-01-18 00:00:00,20,16.040558,108.202618,metal,44
2025-01-18 00:00:00,21,16.040312,108.21319,metal,37
2025-01-18 00:00:00,22,16.053302,108.206434,plastic,34
2025-01-18 00:00:00,23,16.066687,108.24606,metal,38
2025-01-18 00:00:00,24,16.075745,108.212543,metal,37
2025-01-18 00:00:00,25,16.069915,108.229101,organic,41
2025-01-18 00:00:00,26,16.054459,108.233217,plastic,36
2025-01-18 00:00:00,27,16.073476,108.207721,paper,41
2025-01-18 00:00:00,28,16.062903,108.218438,organic,40
2025-01-18 00:00:00,29,16.053285,108.243371,metal,53
2025-01-18 00:00:00,30,16.063499,108.229964,organic,37
2025-01-18 00:00:00,31,16.066972,108.218299,plastic,49
2025-01-18 00:00:00,32,16.070944,108.231319,metal,51
2025-01-18 00:00:00,33,16.076459,108.233761,paper,46
2025-01-18 00:00:00,34,16.072907,108.246755,plastic,50
2025-01-18 00:00:00,35,16.045375,108.22192,metal,43
2025-01-18 00:00:00,36,16.060902,108.22837,paper,42
2025-01-18 00:00:00,37,16.07822,108.209445,organic,44
2025-01-18 00:00:00,38,16.047819,108.246602,metal,51
2025-01-18 00:00:00,39,16.078971,108.204843,paper,47
2025-01-18 00:00:00,40,16.056528,108.249324,plastic,46
2025-01-18 00:00:00,41,16.047893,108.202008,plastic,44
2025-01-18 00:00:00,42,16.077701,108.249977,metal,34
2025-01-18 00:00:00,43,16.051199,108.201983,paper,42
2025-01-18 00:00:00,44,16.068533,108.233936,metal,52
2025-01-18 00:00:00,45,16.045424,108.204301,metal,46
2025-01-18 00:00:00,46,16.054592,108.243394,paper,43
2025-01-18 00:00:00,47,16.063694,108.20329,organic,38
2025-01-18 00:00:00,48,16.077311,108.241461,plastic,45
2025-01-18 00:00:00,49,16.062219,108.22665,paper,40
2025-01-18 06:00:00,0,16.049349,108.232447,paper,43
2025-01-18 06:00:00,1,16.051655,108.24612,paper,56
2025-01-18 06:00:00,2,16.07394,108.200535,plastic,52
2025-01-18 06:00:00,3,16.075408,108.210351,plastic,50
2025-01-18 06:00:00,4,16.052504,108.231602,metal,56
2025-01-18 06:00:00,5,16.060616,108.222433,organic,43
2025-01-18 06:00:00,6,16.051045,108.230157,organic,44
2025-01-18 06:00:00,7,16.061203,108.245478,paper,55
2025-01-18 06:00:00,8,16.060947,108.242048,organic,40
2025-01-18 06:00:00,9,16.076918,108.240417,metal,41
2025-01-18 06:00:00,10,16.050022,108.229231,paper,52
2025-01-18 06:00:00,11,16.072936,108.228415,plastic,47
2025-01-18 06:00:00,12,16.075616,108.243493,organic,58
2025-01-18 06:00:00,13,16.060528,108.241418,paper,49
2025-01-18 06:00:00,14,16.048051,108.222369,organic,46
2025-01-18 06:00:00,15,16.078301,108.209883,plastic,41
2025-01-18 06:00:00,16,16.073661,108.207305,metal,46
2025-01-18 06:00:00,17,16.061932,108.205372,organic,51
2025-01-18 06:00:00,18,16.049558,108.232641,metal,42
2025-01-18 06:00:00,19,16.040552,108.234367,metal,48
2025-01-18 06:00:00,20,16.040558,108.202618,metal,49
2025-01-18 06:00:00,21,16.040312,108.21319,metal,51
2025-01-18 06:00:00,22,16.053302,108.206434,plastic,53
2025-01-18 06:00:00,23,16.066687,108.24606,metal,56
2025-01-18 06:00:00,24,16.075745,108.212543,metal,55
2025-01-18 06:00:00,25,16.069915,108.229101,organic,48
2025-01-18 06:00:00,26,16.054459,108.233217,plastic,59
2025-01-18 06:00:00,27,16.073476,108.207721,paper,56
2025-01-18 06:00:00,28,16.062903,108.218438,organic,54
2025-01-18 06:00:00,29,16.053285,108.243371,metal,46
2025-01-18 06:00:00,30,16.063499,108.229964,organic,50
2025-01-18 06:00:00,31,16.066972,108.218299,plastic,59
2025-01-18 06:00:00,32,16.070944,108.231319,metal,39
2025-01-18 06:00:00,33,16.076459,108.233761,paper,59
2025-01-18 06:00:00,34,16.072907,108.246755,plastic,44
2025-01-18 06:00:00,35,16.045375,108.22192,metal,59
2025-01-18 06:00:00,36,16.060902,108.22837,paper,56
2025-01-18 06:00:00,37,16.07822,108.209445,organic,48
2025-01-18 06:00:00,38,16.047819,108.246602,metal,42
2025-01-18 06:00:00,39,16.078971,108.204843,paper,40
2025-01-18 06:00:00,40,16.056528,108.249324,plastic,54
2025-01-18 06:00:00,41,16.047893,108.202008,plastic,55
2025-01-18 06:00:00,42,16.077701,108.249977,metal,39
2025-01-18 06:00:00,43,16.051199,108.201983,paper,54
2025-01-18 06:00:00,44,16.068533,108.233936,metal,47
2025-01-18 06:00:00,45,16.045424,108.204301,metal,40
2025-01-18 06:00:00,46,16.054592,108.243394,paper,43
2025-01-18 06:00:00,47,16.063694,108.20329,organic,50
2025-01-18 06:00:00,48,16.077311,108.241461,plastic,49
2025-01-18 06:00:00,49,16.062219,108.22665,paper,43
2025-01-18 12:00:00,0,16.049349,108.232447,paper,63
2025-01-18 12:00:00,1,16.051655,108.24612,paper,54
2025-01-18 12:00:00,2,16.07394,108.200535,plastic,46
2025-01-18 12:00:00,3,16.075408,108.210351,plastic,48
2025-01-18 12:00:00,4,16.052504,108.231602,metal,49
2025-01-18 12:00:00,5,16.060616,108.222433,organic,53
2025-01-18 12:00:00,6,16.051045,108.230157,organic,55
2025-01-18 12:00:00,7,16.061203,108.245478,paper,60
2025-01-18 12:00:00,8,16.060947,108.242048,organic,59
2025-01-18 12:00:00,9,16.076918,108.240417,metal,46
2025-01-18 12:00:00,10,16.050022,108.229231,paper,52
2025-01-18 12:00:00,11,16.072936,108.228415,plastic,51
2025-01-18 12:00:00,12,16.075616,108.243493,organic,60
2025-01-18 12:00:00,13,16.060528,108.241418,paper,54
2025-01-18 12:00:00,14,16.048051,108.222369,organic,61
2025-01-18 12:00:00,15,16.078301,108.209883,plastic,53
2025-01-18 12:00:00,16,16.073661,108.207305,metal,64
2025-01-18 12:00:00,17,16.061932,108.205372,organic,50
2025-01-18 12:00:00,18,16.049558,108.232641,metal,58
2025-01-18 12:00:00,19,16.040552,108.234367,metal,49
2025-01-18 12:00:00,20,16.040558,108.202618,metal,50
2025-01-18 12:00:00,21,16.040312,108.21319,metal,57
2025-01-18 12:00:00,22,16.053302,108.206434,plastic,52
2025-01-18 12:00:00,23,16.066687,108.24606,metal,50
2025-01-18 12:00:00,24,16.075745,108.212543,metal,54
2025-01-18 12:00:00,25,16.069915,108.229101,organic,59
2025-01-18 12:00:00,26,16.054459,108.233217,plastic,49
2025-01-18 12:00:00,27,16.073476,108.207721,paper,53
2025-01-18 12:00:00,28,16.062903,108.218438,organic,45
2025-01-18 12:00:00,29,16.053285,108.243371,metal,45
2025-01-18 12:00:00,30,16.063499,108.229964,organic,44
2025-01-18 12:00:00,31,16.066972,108.218299,plastic,53
2025-01-18 12:00:00,32,16.070944,108.231319,metal,46
2025-01-18 12:00:00,33,16.076459,108.233761,paper,45
2025-01-18 12:00:00,34,16.072907,108.246755,plastic,53
2025-01-18 12:00:00,35,16.045375,108.22192,metal,46
2025-01-18 12:00:00,36,16.060902,108.22837,paper,57
2025-01-18 12:00:00,37,16.07822,108.209445,organic,53
2025-01-18 12:00:00,38,16.047819,108.246602,metal,47
2025-01-18 12:00:00,39,16.078971,108.204843,paper,56
2025-01-18 12:00:00,40,16.056528,108.249324,plastic,55
2025-01-18 12:00:00,41,16.047893,108.202008,plastic,57
2025-01-18 12:00:00,42,16.077701,108.249977,metal,62
2025-01-18 12:00:00,43,16.051199,108.201983,paper,64
2025-01-18 12:00:00,44,16.068533,108.233936,metal,49
2025-01-18 12:00:00,45,16.045424,108.204301,metal,52
2025-01-18 12:00:00,46,16.054592,108.243394,paper,52
2025-01-18 12:00:00,47,16.063694,108.20329,organic,45
2025-01-18 12:00:00,48,16.077311,108.241461,plastic,47
2025-01-18 12:00:00,49,16.062219,108.22665,paper,61
2025-01-18 18:00:00,0,16.049349,108.232447,paper,69
2025-01-18 18:00:00,1,16.051655,108.24612,paper,50
2025-01-18 18:00:00,2,16.07394,108.200535,plastic,51
2025-01-18 18:00:00,3,16.075408,108.210351,plastic,53
2025-01-18 18:00:00,4,16.052504,108.231602,metal,60
2025-01-18 18:00:00,5,16.060616,108.222433,organic,60
2025-01-18 18:00:00,6,16.051045,108.230157,organic,60
2025-01-18 18:00:00,7,16.061203,108.245478,paper,56
2025-01-18 18:00:00,8,16.060947,108.242048,organic,61
2025-01-18 18:00:00,9,16.076918,108.240417,metal,55
2025-01-18 18:00:00,10,16.050022,108.229231,paper,65
2025-01-18 18:00:00,11,16.072936,108.228415,plastic,58
2025-01-18 18:00:00,12,16.075616,108.243493,organic,51
2025-01-18 18:00:00,13,16.060528,108.241418,paper,59
2025-01-18 18:00:00,14,16.048051,108.222369,organic,52
2025-01-18 18:00:00,15,16.078301,108.209883,plastic,53
2025-01-18 18:00:00,16,16.073661,108.207305,metal,65
2025-01-18 18:00:00,17,16.061932,108.205372,organic,60
2025-01-18 18:00:00,18,16.049558,108.232641,metal,63
2025-01-18 18:00:00,19,16.040552,108.234367,metal,58
2025-01-18 18:00:00,20,16.040558,108.202618,metal,57
2025-01-18 18:00:00,21,16.040312,108.21319,metal,61
2025-01-18 18:00:00,22,16.053302,108.206434,plastic,59
2025-01-18 18:00:00,23,16.066687,108.24606,metal,54
2025-01-18 18:00:00,24,16.075745,108.212543,metal,52
2025-01-18 18:00:00,25,16.069915,108.229101,organic,58
2025-01-18 18:00:00,26,16.054459,108.233217,plastic,58
2025-01-18 18:00:00,27,16.073476,108.207721,paper,52
2025-01-18 18:00:00,28,16.062903,108.218438,organic,52
2025-01-18 18:00:00,29,16.053285,108.243371,metal,57
2025-01-18 18:00:00,30,16.063499,108.229964,organic,62
2025-01-18 18:00:00,31,16.066972,108.218299,plastic,53
2025-01-18 18:00:00,32,16.070944,108.231319,metal,65
2025-01-18 18:00:00,33,16.076459,108.233761,paper,69
2025-01-18 18:00:00,34,16.072907,108.246755,plastic,50
2025-01-18 18:00:00,35,16.045375,108.22192,metal,56
2025-01-18 18:00:00,36,16.060902,108.22837,paper,64
2025-01-18 18:00:00,37,16.07822,108.209445,organic,67
2025-01-18 18:00:00,38,16.047819,108.246602,metal,57
2025-01-18 18:00:00,39,16.078971,108.204843,paper,61
2025-01-18 18:00:00,40,16.056528,108.249324,plastic,52
2025-01-18 18:00:00,41,16.047893,108.202008,plastic,61
2025-01-18 18:00:00,42,16.077701,108.249977,metal,69
2025-01-18 18:00:00,43,16.051199,108.201983,paper,50
2025-01-18 18:00:00,44,16.068533,108.233936,metal,65
2025-01-18 18:00:00,45,16.045424,108.204301,metal,57
2025-01-18 18:00:00,46,16.054592,108.243394,paper,50
2025-01-18 18:00:00,47,16.063694,108.20329,organic,60
2025-01-18 18:00:00,48,16.077311,108.241461,plastic,50
2025-01-18 18:00:00,49,16.062219,108.22665,paper,55
2025-01-19 00:00:00,0,16.049349,108.232447,paper,38
2025-01-19 00:00:00,1,16.051655,108.24612,paper,38
2025-01-19 00:00:00,2,16.07394,108.200535,plastic,36
2025-01-19 00:00:00,3,16.075408,108.210351,plastic,50
2025-01-19 00:00:00,4,16.052504,108.231602,metal,45
2025-01-19 00:00:00,5,16.060616,108.222433,organic,42
2025-01-19 00:00:00,6,16.051045,108.230157,organic,55
2025-01-19 00:00:00,7,16.061203,108.245478,paper,44
2025-01-19 00:00:00,8,16.060947,108.242048,organic,54
2025-01-19 00:00:00,9,16.076918,108.240417,metal,39
2025-01-19 00:00:00,10,16.050022,108.229231,paper,54
2025-01-19 00:00:00,11,16.072936,108.228415,plastic,51
2025-01-19 00:00:00,12,16.075616,108.243493,organic,46
2025-01-19 00:00:00,13,16.060528,108.241418,paper,36
2025-01-19 00:00:00,14,16.048051,108.222369,organic,43
2025-01-19 00:00:00,15,16.078301,108.209883,plastic,40
2025-01-19 00:00:00,16,16.073661,108.207305,metal,50
2025-01-19 00:00:00,17,16.061932,108.205372,organic,52
2025-01-19 00:00:00,18,16.049558,108.232641,metal,49
2025-01-19 00:00:00,19,16.040552,108.234367,metal,53
2025-01-19 00:00:00,20,16.040558,108.202618,metal,50
2025-01-19 00:00:00,21,16.040312,108.21319,metal,51
2025-01-19 00:00:00,22,16.053302,108.206434,plastic,37
2025-01-19 00:00:00,23,16.066687,108.24606,metal,56
2025-01-19 00:00:00,24,16.075745,108.212543,metal,40
2025-01-19 00:00:00,25,16.069915,108.229101,organic,50
2025-01-19 00:00:00,26,16.054459,108.233217,plastic,43
2025-01-19 00:00:00,27,16.073476,108.207721,paper,56
2025-01-19 00:00:00,28,16.062903,108.218438,organic,48
2025-01-19 00:00:00,29,16.053285,108.243371,metal,53
2025-01-19 00:00:00,30,16.063499,108.229964,organic,52
2025-01-19 00:00:00,31,16.066972,108.218299,plastic,42
2025-01-19 00:00:00,32,16.070944,108.231319,metal,38
2025-01-19 00:00:00,33,16.076459,108.233761,paper,50
2025-01-19 00:00:00,34,16.072907,108.246755,plastic,47
2025-01-19 00:00:00,35,16.045375,108.22192,metal,36
2025-01-19 00:00:00,36,16.060902,108.22837,paper,43
2025-01-19 00:00:00,37,16.07822,108.209445,organic,43
2025-01-19 00:00:00,38,16.047819,108.246602,metal,56
2025-01-19 00:00:00,39,16.078971,108.204843,paper,56
2025-01-19 00:00:00,40,16.056528,108.249324,plastic,42
2025-01-19 00:00:00,41,16.047893,108.202008,plastic,45
2025-01-19 00:00:00,42,16.077701,108.249977,metal,50
2025-01-19 00:00:00,43,16.051199,108.201983,paper,44
2025-01-19 00:00:00,44,16.068533,108.233936,metal,52
2025-01-19 00:00:00,45,16.045424,108.204301,metal,41
2025-01-19 00:00:00,46,16.054592,108.243394,paper,40
2025-01-19 00:00:00,47,16.063694,108.20329,organic,52
2025-01-19 00:00:00,48,16.077311,108.241461,plastic,45
2025-01-19 00:00:00,49,16.062219,108.22665,paper,51
2025-01-19 06:00:00,0,16.049349,108.232447,paper,46
2025-01-19 06:00:00,1,16.051655,108.24612,paper,43
2025-01-19 06:00:00,2,16.07394,108.200535,plastic,50
2025-01-19 06:00:00,3,16.075408,108.210351,plastic,53
2025-01-19 06:00:00,4,16.052504,108.231602,metal,60
2025-01-19 06:00:00,5,16.060616,108.222433,organic,59
2025-01-19 06:00:00,6,16.051045,108.230157,organic,61
2025-01-19 06:00:00,7,16.061203,108.245478,paper,41
2025-01-19 06:00:00,8,16.060947,108.242048,organic,55
2025-01-19 06:00:00,9,16.076918,108.240417,metal,45
2025-01-19 06:00:00,10,16.050022,108.229231,paper,56
2025-01-19 06:00:00,11,16.072936,108.228415,plastic,60
2025-01-19 06:00:00,12,16.075616,108.243493,organic,57
2025-01-19 06:00:00,13,16.060528,108.241418,paper,57
2025-01-19 06:00:00,14,16.048051,108.222369,organic,54
2025-01-19 06:00:00,15,16.078301,108.209883,plastic,52
2025-01-19 06:00:00,16,16.073661,108.207305,metal,49
2025-01-19 06:00:00,17,16.061932,108.205372,organic,55
2025-01-19 06:00:00,18,16.049558,108.232641,metal,52
2025-01-19 06:00:00,19,16.040552,108.234367,metal,52
2025-01-19 06:00:00,20,16.040558,108.202618,metal,59
2025-01-19 06:00:00,21,16.040312,108.21319,metal,58
2025-01-19 06:00:00,22,16.053302,108.206434,plastic,51
2025-01-19 06:00:00,23,16.066687,108.24606,metal,60
2025-01-19 06:00:00,24,16.075745,108.212543,metal,50
2025-01-19 06:00:00,25,16.069915,108.229101,organic,57
2025-01-19 06:00:00,26,16.054459,108.233217,plastic,59
2025-01-19 06:00:00,27,16.073476,108.207721,paper,50
2025-01-19 06:00:00,28,16.062903,108.218438,organic,47
2025-01-19 06:00:00,29,16.053285,108.243371,metal,47
2025-01-19 06:00:00,30,16.063499,108.229964,organic,44
2025-01-19 06:00:00,31,16.066972,108.218299,plastic,57
2025-01-19 06:00:00,32,16.070944,108.231319,metal,45
2025-01-19 06:00:00,33,16.076459,108.233761,paper,44
2025-01-19 06:00:00,34,16.072907,108.246755,plastic,48
2025-01-19 06:00:00,35,16.045375,108.22192,metal,55
2025-01-19 06:00:00,36,16.060902,108.22837,paper,45
2025-01-19 06:00:00,37,16.07822,108.209445,organic,43
2025-01-19 06:00:00,38,16.047819,108.246602,metal,43
2025-01-19 06:00:00,39,16.078971,108.204843,paper,57
2025-01-19 06:00:00,40,16.056528,108.249324,plastic,43
2025-01-19 06:00:00,41,16.047893,108.202008,plastic,59
2025-01-19 06:00:00,42,16.077701,108.249977,metal,57
2025-01-19 06:00:00,43,16.051199,108.201983,paper,46
2025-01-19 06:00:00,44,16.068533,108.233936,metal,45
2025-01-19 06:00:00,45,16.045424,108.204301,metal,57
2025-01-19 06:00:00,46,16.054592,108.243394,paper,58
2025-01-19 06:00:00,47,16.063694,108.20329,organic,48
2025-01-19 06:00:00,48,16.077311,108.241461,plastic,43
2025-01-19 06:00:00,49,16.062219,108.22665,paper,42
2025-01-19 12:00:00,0,16.049349,108.232447,paper,63
2025-01-19 12:00:00,1,16.051655,108.24612,paper,56
2025-01-19 12:00:00,2,16.07394,108.200535,plastic,66
2025-01-19 12:00:00,3,16.075408,108.210351,plastic,59
2025-01-19 12:00:00,4,16.052504,108.231602,metal,46
2025-01-19 12:00:00,5,16.060616,108.222433,organic,52
2025-01-19 12:00:00,6,16.051045,108.230157,organic,62
2025-01-19 12:00:00,7,16.061203,108.245478,paper,50
2025-01-19 12:00:00,8,16.060947,108.242048,organic,62
2025-01-19 12:00:00,9,16.076918,108.240417,metal,66
2025-01-19 12:00:00,10,16.050022,108.229231,paper,61
2025-01-19 12:00:00,11,16.072936,108.228415,plastic,51
2025-01-19 12:00:00,12,16.075616,108.243493,organic,49
2025-01-19 12:00:00,13,16.060528,108.241418,paper,60
2025-01-19 12:00:00,14,16.048051,108.222369,organic,58
2025-01-19 12:00:00,15,16.078301,108.209883,plastic,64
2025-01-19 12:00:00,16,16.073661,108.207305,metal,48
2025-01-19 12:00:00,17,16.061932,108.205372,organic,52
2025-01-19 12:00:00,18,16.049558,108.232641,metal,60
2025-01-19 12:00:00,19,16.040552,108.234367,metal,49
2025-01-19 12:00:00,20,16.040558,108.202618,metal,50
2025-01-19 12:00:00,21,16.040312,108.21319,metal,58
2025-01-19 12:00:00,22,16.053302,108.206434,plastic,66
2025-01-19 12:00:00,23,16.066687,108.24606,metal,57
2025-01-19 12:00:00,24,16.075745,108.212543,metal,60
2025-01-19 12:00:00,25,16.069915,108.229101,organic,66
2025-01-19 12:00:00,26,16.054459,108.233217,plastic,61
2025-01-19 12:00:00,27,16.073476,108.207721,paper,66
2025-01-19 12:00:00,28,16.062903,108.218438,organic,54
2025-01-19 12:00:00,29,16.053285,108.243371,metal,46
2025-01-19 12:00:00,30,16.063499,108.229964,organic,66
2025-01-19 12:00:00,31,16.066972,108.218299,plastic,46
2025-01-19 12:00:00,32,16.070944,108.231319,metal,54
2025-01-19 12:00:00,33,16.076459,108.233761,paper,46
2025-01-19 12:00:00,34,16.072907,108.246755,plastic,57
2025-01-19 12:00:00,35,16.045375,108.22192,metal,53
2025-01-19 12:00:00,36,16.060902,108.22837,paper,52
2025-01-19 12:00:00,37,16.07822,108.209445,organic,57
2025-01-19 12:00:00,38,16.047819,108.246602,metal,60
2025-01-19 12:00:00,39,16.078971,108.204843,paper,58
2025-01-19 12:00:00,40,16.056528,108.249324,plastic,53
2025-01-19 12:00:00,41,16.047893,108.202008,plastic,53
2025-01-19 12:00:00,42,16.077701,108.249977,metal,59
2025-01-19 12:00:00,43,16.051199,108.201983,paper,49
2025-01-19 12:00:00,44,16.068533,108.233936,metal,51
2025-01-19 12:00:00,45,16.045424,108.204301,metal,60
2025-01-19 12:00:00,46,16.054592,108.243394,paper,54
2025-01-19 12:00:00,47,16.063694,108.20329,organic,57
2025-01-19 12:00:00,48,16.077311,108.241461,plastic,47
2025-01-19 12:00:00,49,16.062219,108.22665,paper,62
2025-01-19 18:00:00,0,16.049349,108.232447,paper,69
2025-01-19 18:00:00,1,16.051655,108.24612,paper,61
2025-01-19 18:00:00,2,16.07394,108.200535,plastic,63
2025-01-19 18:00:00,3,16.075408,108.210351,plastic,60
2025-01-19 18:00:00,4,16.052504,108.231602,metal,55
2025-01-19 18:00:00,5,16.060616,108.222433,organic,71
2025-01-19 18:00:00,6,16.051045,108.230157,organic,53
2025-01-19 18:00:00,7,16.061203,108.245478,paper,61
2025-01-19 18:00:00,8,16.060947,108.242048,organic,58
2025-01-19 18:00:00,9,16.076918,108.240417,metal,55
2025-01-19 18:00:00,10,16.050022,108.229231,paper,63
2025-01-19 18:00:00,11,16.072936,108.228415,plastic,63
2025-01-19 18:00:00,12,16.075616,108.243493,organic,61
2025-01-19 18:00:00,13,16.060528,108.241418,paper,69
2025-01-19 18:00:00,14,16.048051,108.222369,organic,56
2025-01-19 18:00:00,15,16.078301,108.209883,plastic,59
2025-01-19 18:00:00,16,16.073661,108.207305,metal,63
2025-01-19 18:00:00,17,16.061932,108.205372,organic,64
2025-01-19 18:00:00,18,16.049558,108.232641,metal,52
2025-01-19 18:00:00,19,16.040552,108.234367,metal,61
2025-01-19 18:00:00,20,16.040558,108.202618,metal,69
2025-01-19 18:00:00,21,16.040312,108.21319,metal,65
2025-01-19 18:00:00,22,16.053302,108.206434,plastic,70
2025-01-19 18:00:00,23,16.066687,108.24606,metal,68
2025-01-19 18:00:00,24,16.075745,108.212543,metal,57
2025-01-19 18:00:00,25,16.069915,108.229101,organic,55
2025-01-19 18:00:00,26,16.054459,108.233217,plastic,60
2025-01-19 18:00:00,27,16.073476,108.207721,paper,51
2025-01-19 18:00:00,28,16.062903,108.218438,organic,69
2025-01-19 18:00:00,29,16.053285,108.243371,metal,55
2025-01-19 18:00:00,30,16.063499,108.229964,organic,60
2025-01-19 18:00:00,31,16.066972,108.218299,plastic,57
2025-01-19 18:00:00,32,16.070944,108.231319,metal,70
2025-01-19 18:00:00,33,16.076459,108.233761,paper,56
2025-01-19 18:00:00,34,16.072907,108.246755,plastic,52
2025-01-19 18:00:00,35,16.045375,108.22192,metal,66
2025-01-19 18:00:00,36,16.060902,108.22837,paper,54
2025-01-19 18:00:00,37,16.07822,108.209445,organic,61
2025-01-19 18:00:00,38,16.047819,108.246602,metal,71
2025-01-19 18:00:00,39,16.078971,108.204843,paper,51
2025-01-19 18:00:00,40,16.056528,108.249324,plastic,55
2025-01-19 18:00:00,41,16.047893,108.202008,plastic,64
2025-01-19 18:00:00,42,16.077701,108.249977,metal,68
2025-01-19 18:00:00,43,16.051199,108.201983,paper,58
2025-01-19 18:00:00,44,16.068533,108.233936,metal,58
2025-01-19 18:00:00,45,16.045424,108.204301,metal,63
2025-01-19 18:00:00,46,16.054592,108.243394,paper,68
2025-01-19 18:00:00,47,16.063694,108.20329,organic,51
2025-01-19 18:00:00,48,16.077311,108.241461,plastic,61
2025-01-19 18:00:00,49,16.062219,108.22665,paper,53
2025-01-20 00:00:00,0,16.049349,108.232447,paper,56
2025-01-20 00:00:00,1,16.051655,108.24612,paper,53
2025-01-20 00:00:00,2,16.07394,108.200535,plastic,57
2025-01-20 00:00:00,3,16.075408,108.210351,plastic,47
2025-01-20 00:00:00,4,16.052504,108.231602,metal,45
2025-01-20 00:00:00,5,16.060616,108.222433,organic,53
2025-01-20 00:00:00,6,16.051045,108.230157,organic,52
2025-01-20 00:00:00,7,16.061203,108.245478,paper,39
2025-01-20 00:00:00,8,16.060947,108.242048,organic,40
2025-01-20 00:00:00,9,16.076918,108.240417,metal,50
2025-01-20 00:00:00,10,16.050022,108.229231,paper,48
2025-01-20 00:00:00,11,16.072936,108.228415,plastic,45
2025-01-20 00:00:00,12,16.075616,108.243493,organic,50
2025-01-20 00:00:00,13,16.060528,108.241418,paper,56
2025-01-20 00:00:00,14,16.048051,108.222369,organic,56
2025-01-20 00:00:00,15,16.078301,108.209883,plastic,51
2025-01-20 00:00:00,16,16.073661,108.207305,metal,49
2025-01-20 00:00:00,17,16.061932,108.205372,organic,39
2025-01-20 00:00:00,18,16.049558,108.232641,metal,47
2025-01-20 00:00:00,19,16.040552,108.234367,metal,52
2025-01-20 00:00:00,20,16.040558,108.202618,metal,51
2025-01-20 00:00:00,21,16.040312,108.21319,metal,44
2025-01-20 00:00:00,22,16.053302,108.206434,plastic,40
2025-01-20 00:00:00,23,16.066687,108.24606,metal,57
2025-01-20 00:00:00,24,16.075745,108.212543,metal,54
2025-01-20 00:00:00,25,16.069915,108.229101,organic,51
2025-01-20 00:00:00,26,16.054459,108.233217,plastic,42
2025-01-20 00:00:00,27,16.073476,108.207721,paper,54
2025-01-20 00:00:00,28,16.062903,108.218438,organic,41
2025-01-20 00:00:00,29,16.053285,108.243371,metal,52
2025-01-20 00:00:00,30,16.063499,108.229964,organic,57
2025-01-20 00:00:00,31,16.066972,108.218299,plastic,56
2025-01-20 00:00:00,32,16.070944,108.231319,metal,55
2025-01-20 00:00:00,33,16.076459,108.233761,paper,41
2025-01-20 00:00:00,34,16.072907,108.246755,plastic,46
2025-01-20 00:00:00,35,16.045375,108.22192,metal,46
2025-01-20 00:00:00,36,16.060902,108.22837,paper,46
2025-01-20 00:00:00,37,16.07822,108.209445,organic,54
2025-01-20 00:00:00,38,16.047819,108.246602,metal,52
2025-01-20 00:00:00,39,16.078971,108.204843,paper,49
2025-01-20 00:00:00,40,16.056528,108.249324,plastic,49
2025-01-20 00:00:00,41,16.047893,108.202008,plastic,57
2025-01-20 00:00:00,42,16.077701,108.249977,metal,52
2025-01-20 00:00:00,43,16.051199,108.201983,paper,57
2025-01-20 00:00:00,44,16.068533,108.233936,metal,41
2025-01-20 00:00:00,45,16.045424,108.204301,metal,47
2025-01-20 00:00:00,46,16.054592,108.243394,paper,56
2025-01-20 00:00:00,47,16.063694,108.20329,organic,50
2025-01-20 00:00:00,48,16.077311,108.241461,plastic,41
2025-01-20 00:00:00,49,16.062219,108.22665,paper,43
2025-01-20 06:00:00,0,16.049349,108.232447,paper,47
2025-01-20 06:00:00,1,16.051655,108.24612,paper,43
2025-01-20 06:00:00,2,16.07394,108.200535,plastic,55
2025-01-20 06:00:00,3,16.075408,108.210351,plastic,53
2025-01-20 06:00:00,4,16.052504,108.231602,metal,43
2025-01-20 06:00:00,5,16.060616,108.222433,organic,47
2025-01-20 06:00:00,6,16.051045,108.230157,organic,60
2025-01-20 06:00:00,7,16.061203,108.245478,paper,50
2025-01-20 06:00:00,8,16.060947,108.242048,organic,46
2025-01-20 06:00:00,9,16.076918,108.240417,metal,62
2025-01-20 06:00:00,10,16.050022,108.229231,paper,63
2025-01-20 06:00:00,11,16.072936,108.228415,plastic,46
2025-01-20 06:00:00,12,16.075616,108.243493,organic,46
2025-01-20 06:00:00,13,16.060528,108.241418,paper,47
2025-01-20 06:00:00,14,16.048051,108.222369,organic,63
2025-01-20 06:00:00,15,16.078301,108.209883,plastic,56
2025-01-20 06:00:00,16,16.073661,108.207305,metal,55
2025-01-20 06:00:00,17,16.061932,108.205372,organic,57
2025-01-20 06:00:00,18,16.049558,108.232641,metal,54
2025-01-20 06:00:00,19,16.040552,108.234367,metal,62
2025-01-20 06:00:00,20,16.040558,108.202618,metal,43
2025-01-20 06:00:00,21,16.040312,108.21319,metal,57
2025-01-20 06:00:00,22,16.053302,108.206434,plastic,61
2025-01-20 06:00:00,23,16.066687,108.24606,metal,60
2025-01-20 06:00:00,24,16.075745,108.212543,metal,49
2025-01-20 06:00:00,25,16.069915,108.229101,organic,54
2025-01-20 06:00:00,26,16.054459,108.233217,plastic,58
2025-01-20 06:00:00,27,16.073476,108.207721,paper,51
2025-01-20 06:00:00,28,16.062903,108.218438,organic,60
2025-01-20 06:00:00,29,16.053285,108.243371,metal,60
2025-01-20 06:00:00,30,16.063499,108.229964,organic,56
2025-01-20 06:00:00,31,16.066972,108.218299,plastic,56
2025-01-20 06:00:00,32,16.070944,108.231319,metal,62
2025-01-20 06:00:00,33,16.076459,108.233761,paper,63
2025-01-20 06:00:00,34,16.072907,108.246755,plastic,43
2025-01-20 06:00:00,35,16.045375,108.22192,metal,52
2025-01-20 06:00:00,36,16.060902,108.22837,paper,49
2025-01-20 06:00:00,37,16.07822,108.209445,organic,57
2025-01-20 06:00:00,38,16.047819,108.246602,metal,56
2025-01-20 06:00:00,39,16.078971,108.204843,paper,57
2025-01-20 06:00:00,40,16.056528,108.249324,plastic,47
2025-01-20 06:00:00,41,16.047893,108.202008,plastic,52
2025-01-20 06:00:00,42,16.077701,108.249977,metal,59
2025-01-20 06:00:00,43,16.051199,108.201983,paper,58
2025-01-20 06:00:00,44,16.068533,108.233936,metal,50
2025-01-20 06:00:00,45,16.045424,108.204301,metal,44
2025-01-20 06:00:00,46,16.054592,108.243394,paper,55
2025-01-20 06:00:00,47,16.063694,108.20329,organic,62
2025-01-20 06:00:00,48,16.077311,108.241461,plastic,58
2025-01-20 06:00:00,49,16.062219,108.22665,paper,48
2025-01-20 12:00:00,0,16.049349,108.232447,paper,52
2025-01-20 12:00:00,1,16.051655,108.24612,paper,66
2025-01-20 12:00:00,2,16.07394,108.200535,plastic,60
2025-01-20 12:00:00,3,16.075408,108.210351,plastic,49
2025-01-20 12:00:00,4,16.052504,108.231602,metal,64
2025-01-20 12:00:00,5,16.060616,108.222433,organic,65
2025-01-20 12:00:00,6,16.051045,108.230157,organic,66
2025-01-20 12:00:00,7,16.061203,108.245478,paper,64
2025-01-20 12:00:00,8,16.060947,108.242048,organic,48
2025-01-20 12:00:00,9,16.076918,108.240417,metal,68
2025-01-20 12:00:00,10,16.050022,108.229231,paper,60
2025-01-20 12:00:00,11,16.072936,108.228415,plastic,50
2025-01-20 12:00:00,12,16.075616,108.243493,organic,66
2025-01-20 12:00:00,13,16.060528,108.241418,paper,68
2025-01-20 12:00:00,14,16.048051,108.222369,organic,61
2025-01-20 12:00:00,15,16.078301,108.209883,plastic,55
2025-01-20 12:00:00,16,16.073661,108.207305,metal,63
2025-01-20 12:00:00,17,16.061932,108.205372,organic,52
2025-01-20 12:00:00,18,16.049558,108.232641,metal,68
2025-01-20 12:00:00,19,16.040552,108.234367,metal,68
2025-01-20 12:00:00,20,16.040558,108.202618,metal,65
2025-01-20 12:00:00,21,16.040312,108.21319,metal,60
2025-01-20 12:00:00,22,16.053302,108.206434,plastic,61
2025-01-20 12:00:00,23,16.066687,108.24606,metal,68
2025-01-20 12:00:00,24,16.075745,108.212543,metal,48
2025-01-20 12:00:00,25,16.069915,108.229101,organic,63
2025-01-20 12:00:00,26,16.054459,108.233217,plastic,54
2025-01-20 12:00:00,27,16.073476,108.207721,paper,48
2025-01-20 12:00:00,28,16.062903,108.218438,organic,50
2025-01-20 12:00:00,29,16.053285,108.243371,metal,61
2025-01-20 12:00:00,30,16.063499,108.229964,organic,63
2025-01-20 12:00:00,31,16.066972,108.218299,plastic,54
2025-01-20 12:00:00,32,16.070944,108.231319,metal,68
2025-01-20 12:00:00,33,16.076459,108.233761,paper,49
2025-01-20 12:00:00,34,16.072907,108.246755,plastic,63
2025-01-20 12:00:00,35,16.045375,108.22192,metal,68
2025-01-20 12:00:00,36,16.060902,108.22837,paper,54
2025-01-20 12:00:00,37,16.07822,108.209445,organic,58
2025-01-20 12:00:00,38,16.047819,108.246602,metal,61
2025-01-20 12:00:00,39,16.078971,108.204843,paper,62
2025-01-20 12:00:00,40,16.056528,108.249324,plastic,50
2025-01-20 12:00:00,41,16.047893,108.202008,plastic,54
2025-01-20 12:00:00,42,16.077701,108.249977,metal,61
2025-01-20 12:00:00,43,16.051199,108.201983,paper,55
2025-01-20 12:00:00,44,16.068533,108.233936,metal,49
2025-01-20 12:00:00,45,16.045424,108.204301,metal,64
2025-01-20 12:00:00,46,16.054592,108.243394,paper,49
2025-01-20 12:00:00,47,16.063694,108.20329,organic,66
2025-01-20 12:00:00,48,16.077311,108.241461,plastic,68
2025-01-20 12:00:00,49,16.062219,108.22665,paper,58
2025-01-20 18:00:00,0,16.049349,108.232447,paper,57
2025-01-20 18:00:00,1,16.051655,108.24612,paper,61
2025-01-20 18:00:00,2,16.07394,108.200535,plastic,53
2025-01-20 18:00:00,3,16.075408,108.210351,plastic,58
2025-01-20 18:00:00,4,16.052504,108.231602,metal,70
2025-01-20 18:00:00,5,16.060616,108.222433,organic,65
2025-01-20 18:00:00,6,16.051045,108.230157,organic,66
2025-01-20 18:00:00,7,16.061203,108.245478,paper,54
2025-01-20 18:00:00,8,16.060947,108.242048,organic,73
2025-01-20 18:00:00,9,16.076918,108.240417,metal,59
2025-01-20 18:00:00,10,16.050022,108.229231,paper,67
2025-01-20 18:00:00,11,16.072936,108.228415,plastic,70
2025-01-20 18:00:00,12,16.075616,108.243493,organic,68
2025-01-20 18:00:00,13,16.060528,108.241418,paper,63
2025-01-20 18:00:00,14,16.048051,108.222369,organic,72
2025-01-20 18:00:00,15,16.078301,108.209883,plastic,71
2025-01-20 18:00:00,16,16.073661,108.207305,metal,68
2025-01-20 18:00:00,17,16.061932,108.205372,organic,55
2025-01-20 18:00:00,18,16.049558,108.232641,metal,62
2025-01-20 18:00:00,19,16.040552,108.234367,metal,53
2025-01-20 18:00:00,20,16.040558,108.202618,metal,67
2025-01-20 18:00:00,21,16.040312,108.21319,metal,72
2025-01-20 18:00:00,22,16.053302,108.206434,plastic,62
2025-01-20 18:00:00,23,16.066687,108.24606,metal,67
2025-01-20 18:00:00,24,16.075745,108.212543,metal,66
2025-01-20 18:00:00,25,16.069915,108.229101,organic,56
2025-01-20 18:00:00,26,16.054459,108.233217,plastic,64
2025-01-20 18:00:00,27,16.073476,108.207721,paper,72
2025-01-20 18:00:00,28,16.062903,108.218438,organic,66
2025-01-20 18:00:00,29,16.053285,108.243371,metal,69
2025-01-20 18:00:00,30,16.063499,108.229964,organic,63
2025-01-20 18:00:00,31,16.066972,108.218299,plastic,67
2025-01-20 18:00:00,32,16.070944,108.231319,metal,53
2025-01-20 18:00:00,33,16.076459,108.233761,paper,65
2025-01-20 18:00:00,34,16.072907,108.246755,plastic,59
2025-01-20 18:00:00,35,16.045375,108.22192,metal,72
2025-01-20 18:00:00,36,16.060902,108.22837,paper,65
2025-01-20 18:00:00,37,16.07822,108.209445,organic,54
2025-01-20 18:00:00,38,16.047819,108.246602,metal,61
2025-01-20 18:00:00,39,16.078971,108.204843,paper,61
2025-01-20 18:00:00,40,16.056528,108.249324,plastic,53
2025-01-20 18:00:00,41,16.047893,108.202008,plastic,62
2025-01-20 18:00:00,42,16.077701,108.249977,metal,56
2025-01-20 18:00:00,43,16.051199,108.201983,paper,57
2025-01-20 18:00:00,44,16.068533,108.233936,metal,59
2025-01-20 18:00:00,45,16.045424,108.204301,metal,62
2025-01-20 18:00:00,46,16.054592,108.243394,paper,65
2025-01-20 18:00:00,47,16.063694,108.20329,organic,67
2025-01-20 18:00:00,48,16.077311,108.241461,plastic,71
2025-01-20 18:00:00,49,16.062219,108.22665,paper,59
2025-01-21 00:00:00,0,16.049349,108.232447,paper,41
2025-01-21 00:00:00,1,16.051655,108.24612,paper,49
2025-01-21 00:00:00,2,16.07394,108.200535,plastic,51
2025-01-21 00:00:00,3,16.075408,108.210351,plastic,52
2025-01-21 00:00:00,4,16.052504,108.231602,metal,41
2025-01-21 00:00:00,5,16.060616,108.222433,organic,51
2025-01-21 00:00:00,6,16.051045,108.230157,organic,55
2025-01-21 00:00:00,7,16.061203,108.245478,paper,56
2025-01-21 00:00:00,8,16.060947,108.242048,organic,57
2025-01-21 00:00:00,9,16.076918,108.240417,metal,49
2025-01-21 00:00:00,10,16.050022,108.229231,paper,48
2025-01-21 00:00:00,11,16.072936,108.228415,plastic,44
2025-01-21 00:00:00,12,16.075616,108.243493,organic,46
2025-01-21 00:00:00,13,16.060528,108.241418,paper,53
2025-01-21 00:00:00,14,16.048051,108.222369,organic,40
2025-01-21 00:00:00,15,16.078301,108.209883,plastic,48
2025-01-21 00:00:00,16,16.073661,108.207305,metal,56
2025-01-21 00:00:00,17,16.061932,108.205372,organic,46
2025-01-21 00:00:00,18,16.049558,108.232641,metal,49
2025-01-21 00:00:00,19,16.040552,108.234367,metal,52
2025-01-21 00:00:00,20,16.040558,108.202618,metal,59
2025-01-21 00:00:00,21,16.040312,108.21319,metal,55
2025-01-21 00:00:00,22,16.053302,108.206434,plastic,51
2025-01-21 00:00:00,23,16.066687,108.24606,metal,48
2025-01-21 00:00:00,24,16.075745,108.212543,metal,47
2025-01-21 00:00:00,25,16.069915,108.229101,organic,47
2025-01-21 00:00:00,26,16.054459,108.233217,plastic,41
2025-01-21 00:00:00,27,16.073476,108.207721,paper,60
2025-01-21 00:00:00,28,16.062903,108.218438,organic,54
2025-01-21 00:00:00,29,16.053285,108.243371,metal,51
2025-01-21 00:00:00,30,16.063499,108.229964,organic,44
2025-01-21 00:00:00,31,16.066972,108.218299,plastic,51
2025-01-21 00:00:00,32,16.070944,108.231319,metal,40
2025-01-21 00:00:00,33,16.076459,108.233761,paper,56
2025-01-21 00:00:00,34,16.072907,108.246755,plastic,48
2025-01-21 00:00:00,35,16.045375,108.22192,metal,46
2025-01-21 00:00:00,36,16.060902,108.22837,paper,56
2025-01-21 00:00:00,37,16.07822,108.209445,organic,55
2025-01-21 00:00:00,38,16.047819,108.246602,metal,56
2025-01-21 00:00:00,39,16.078971,108.204843,paper,58
2025-01-21 00:00:00,40,16.056528,108.249324,plastic,54
2025-01-21 00:00:00,41,16.047893,108.202008,plastic,44
2025-01-21 00:00:00,42,16.077701,108.249977,metal,44
2025-01-21 00:00:00,43,16.051199,108.201983,paper,58
2025-01-21 00:00:00,44,16.068533,108.233936,metal,56
2025-01-21 00:00:00,45,16.045424,108.204301,metal,42
2025-01-21 00:00:00,46,16.054592,108.243394,paper,53
2025-01-21 00:00:00,47,16.063694,108.20329,organic,42
2025-01-21 00:00:00,48,16.077311,108.241461,plastic,57
2025-01-21 00:00:00,49,16.062219,108.22665,paper,57
2025-01-21 06:00:00,0,16.049349,108.232447,paper,53
2025-01-21 06:00:00,1,16.051655,108.24612,paper,63
2025-01-21 06:00:00,2,16.07394,108.200535,plastic,54
2025-01-21 06:00:00,3,16.075408,108.210351,plastic,49
2025-01-21 06:00:00,4,16.052504,108.231602,metal,60
2025-01-21 06:00:00,5,16.060616,108.222433,organic,51
2025-01-21 06:00:00,6,16.051045,108.230157,organic,63
2025-01-21 06:00:00,7,16.061203,108.245478,paper,59
2025-01-21 06:00:00,8,16.060947,108.242048,organic,63
2025-01-21 06:00:00,9,16.076918,108.240417,metal,63
2025-01-21 06:00:00,10,16.050022,108.229231,paper,45
2025-01-21 06:00:00,11,16.072936,108.228415,plastic,56
2025-01-21 06:00:00,12,16.075616,108.243493,organic,46
2025-01-21 06:00:00,13,16.060528,108.241418,paper,47
2025-01-21 06:00:00,14,16.048051,108.222369,organic,55
2025-01-21 06:00:00,15,16.078301,108.209883,plastic,64
2025-01-21 06:00:00,16,16.073661,108.207305,metal,47
2025-01-21 06:00:00,17,16.061932,108.205372,organic,57
2025-01-21 06:00:00,18,16.049558,108.232641,metal,58
2025-01-21 06:00:00,19,16.040552,108.234367,metal,50
2025-01-21 06:00:00,20,16.040558,108.202618,metal,65
2025-01-21 06:00:00,21,16.040312,108.21319,metal,48
2025-01-21 06:00:00,22,16.053302,108.206434,plastic,61
2025-01-21 06:00:00,23,16.066687,108.24606,metal,58
2025-01-21 06:00:00,24,16.075745,108.212543,metal,54
2025-01-21 06:00:00,25,16.069915,108.229101,organic,64
2025-01-21 06:00:00,26,16.054459,108.233217,plastic,46
2025-01-21 06:00:00,27,16.073476,108.207721,paper,52
2025-01-21 06:00:00,28,16.062903,108.218438,organic,45
2025-01-21 06:00:00,29,16.053285,108.243371,metal,57
2025-01-21 06:00:00,30,16.063499,108.229964,organic,61
2025-01-21 06:00:00,31,16.066972,108.218299,plastic,52
2025-01-21 06:00:00,32,16.070944,108.231319,metal,61
2025-01-21 06:00:00,33,16.076459,108.233761,paper,50
2025-01-21 06:00:00,34,16.072907,108.246755,plastic,45
2025-01-21 06:00:00,35,16.045375,108.22192,metal,47
2025-01-21 06:00:00,36,16.060902,108.22837,paper,50
2025-01-21 06:00:00,37,16.07822,108.209445,organic,50
2025-01-21 06:00:00,38,16.047819,108.246602,metal,50
2025-01-21 06:00:00,39,16.078971,108.204843,paper,64
2025-01-21 06:00:00,40,16.056528,108.249324,plastic,46
2025-01-21 06:00:00,41,16.047893,108.202008,plastic,61
2025-01-21 06:00:00,42,16.077701,108.249977,metal,51
2025-01-21 06:00:00,43,16.051199,108.201983,paper,46
2025-01-21 06:00:00,44,16.068533,108.233936,metal,51
2025-01-21 06:00:00,45,16.045424,108.204301,metal,49
2025-01-21 06:00:00,46,16.054592,108.243394,paper,60
2025-01-21 06:00:00,47,16.063694,108.20329,organic,54
2025-01-21 06:00:00,48,16.077311,108.241461,plastic,46
2025-01-21 06:00:00,49,16.062219,108.22665,paper,50
2025-01-21 12:00:00,0,16.049349,108.232447,paper,62
2025-01-21 12:00:00,1,16.051655,108.24612,paper,52
2025-01-21 12:00:00,2,16.07394,108.200535,plastic,61
2025-01-21 12:00:00,3,16.075408,108.210351,plastic,70
2025-01-21 12:00:00,4,16.052504,108.231602,metal,66
2025-01-21 12:00:00,5,16.060616,108.222433,organic,52
2025-01-21 12:00:00,6,16.051045,108.230157,organic,61
2025-01-21 12:00:00,7,16.061203,108.245478,paper,60
2025-01-21 12:00:00,8,16.060947,108.242048,organic,66
2025-01-21 12:00:00,9,16.076918,108.240417,metal,54
2025-01-21 12:00:00,10,16.050022,108.229231,paper,70
2025-01-21 12:00:00,11,16.072936,108.228415,plastic,51
2025-01-21 12:00:00,12,16.075616,108.243493,organic,59
2025-01-21 12:00:00,13,16.060528,108.241418,paper,66
2025-01-21 12:00:00,14,16.048051,108.222369,organic,68
2025-01-21 12:00:00,15,16.078301,108.209883,plastic,65
2025-01-21 12:00:00,16,16.073661,108.207305,metal,51
2025-01-21 12:00:00,17,16.061932,108.205372,organic,50
2025-01-21 12:00:00,18,16.049558,108.232641,metal,68
2025-01-21 12:00:00,19,16.040552,108.234367,metal,63
2025-01-21 12:00:00,20,16.040558,108.202618,metal,51
2025-01-21 12:00:00,21,16.040312,108.21319,metal,61
2025-01-21 12:00:00,22,16.053302,108.206434,plastic,50
2025-01-21 12:00:00,23,16.066687,108.24606,metal,69
2025-01-21 12:00:00,24,16.075745,108.212543,metal,54
2025-01-21 12:00:00,25,16.069915,108.229101,organic,60
2025-01-21 12:00:00,26,16.054459,108.233217,plastic,67
2025-01-21 12:00:00,27,16.073476,108.207721,paper,59
2025-01-21 12:00:00,28,16.062903,108.218438,organic,64
2025-01-21 12:00:00,29,16.053285,108.243371,metal,57
2025-01-21 12:00:00,30,16.063499,108.229964,organic,52
2025-01-21 12:00:00,31,16.066972,108.218299,plastic,70
2025-01-21 12:00:00,32,16.070944,108.231319,metal,63
2025-01-21 12:00:00,33,16.076459,108.233761,paper,59
2025-01-21 12:00:00,34,16.072907,108.246755,plastic,64
2025-01-21 12:00:00,35,16.045375,108.22192,metal,51
2025-01-21 12:00:00,36,16.060902,108.22837,paper,70
2025-01-21 12:00:00,37,16.07822,108.209445,organic,55
2025-01-21 12:00:00,38,16.047819,108.246602,metal,52
2025-01-21 12:00:00,39,16.078971,108.204843,paper,65
2025-01-21 12:00:00,40,16.056528,108.249324,plastic,58
2025-01-21 12:00:00,41,16.047893,108.202008,plastic,69
2025-01-21 12:00:00,42,16.077701,108.249977,metal,70
2025-01-21 12:00:00,43,16.051199,108.201983,paper,56
2025-01-21 12:00:00,44,16.068533,108.233936,metal,57
2025-01-21 12:00:00,45,16.045424,108.204301,metal,60
2025-01-21 12:00:00,46,16.054592,108.243394,paper,68
2025-01-21 12:00:00,47,16.063694,108.20329,organic,55
2025-01-21 12:00:00,48,16.077311,108.241461,plastic,58
2025-01-21 12:00:00,49,16.062219,108.22665,paper,50
2025-01-21 18:00:00,0,16.049349,108.232447,paper,75
2025-01-21 18:00:00,1,16.051655,108.24612,paper,64
2025-01-21 18:00:00,2,16.07394,108.200535,plastic,63
2025-01-21 18:00:00,3,16.075408,108.210351,plastic,71
2025-01-21 18:00:00,4,16.052504,108.231602,metal,64
2025-01-21 18:00:00,5,16.060616,108.222433,organic,63
2025-01-21 18:00:00,6,16.051045,108.230157,organic,70
2025-01-21 18:00:00,7,16.061203,108.245478,paper,55
2025-01-21 18:00:00,8,16.060947,108.242048,organic,60
2025-01-21 18:00:00,9,16.076918,108.240417,metal,66
2025-01-21 18:00:00,10,16.050022,108.229231,paper,68
2025-01-21 18:00:00,11,16.072936,108.228415,plastic,74
2025-01-21 18:00:00,12,16.075616,108.243493,organic,63
2025-01-21 18:00:00,13,16.060528,108.241418,paper,75
2025-01-21 18:00:00,14,16.048051,108.222369,organic,55
2025-01-21 18:00:00,15,16.078301,108.209883,plastic,75
2025-01-21 18:00:00,16,16.073661,108.207305,metal,62
2025-01-21 18:00:00,17,16.061932,108.205372,organic,71
2025-01-21 18:00:00,18,16.049558,108.232641,metal,73
2025-01-21 18:00:00,19,16.040552,108.234367,metal,62
2025-01-21 18:00:00,20,16.040558,108.202618,metal,74
2025-01-21 18:00:00,21,16.040312,108.21319,metal,65
2025-01-21 18:00:00,22,16.053302,108.206434,plastic,67
2025-01-21 18:00:00,23,16.066687,108.24606,metal,55
2025-01-21 18:00:00,24,16.075745,108.212543,metal,67
2025-01-21 18:00:00,25,16.069915,108.229101,organic,60
2025-01-21 18:00:00,26,16.054459,108.233217,plastic,69
2025-01-21 18:00:00,27,16.073476,108.207721,paper,69
2025-01-21 18:00:00,28,16.062903,108.218438,organic,74
2025-01-21 18:00:00,29,16.053285,108.243371,metal,60
2025-01-21 18:00:00,30,16.063499,108.229964,organic,69
2025-01-21 18:00:00,31,16.066972,108.218299,plastic,73
2025-01-21 18:00:00,32,16.070944,108.231319,metal,66
2025-01-21 18:00:00,33,16.076459,108.233761,paper,67
2025-01-21 18:00:00,34,16.072907,108.246755,plastic,71
2025-01-21 18:00:00,35,16.045375,108.22192,metal,58
2025-01-21 18:00:00,36,16.060902,108.22837,paper,74
2025-01-21 18:00:00,37,16.07822,108.209445,organic,64
2025-01-21 18:00:00,38,16.047819,108.246602,metal,64
2025-01-21 18:00:00,39,16.078971,108.204843,paper,72
2025-01-21 18:00:00,40,16.056528,108.249324,plastic,64
2025-01-21 18:00:00,41,16.047893,108.202008,plastic,71
2025-01-21 18:00:00,42,16.077701,108.249977,metal,71
2025-01-21 18:00:00,43,16.051199,108.201983,paper,59
2025-01-21 18:00:00,44,16.068533,108.233936,metal,60
2025-01-21 18:00:00,45,16.045424,108.204301,metal,56
2025-01-21 18:00:00,46,16.054592,108.243394,paper,64
2025-01-21 18:00:00,47,16.063694,108.20329,organic,57
2025-01-21 18:00:00,48,16.077311,108.241461,plastic,56
2025-01-21 18:00:00,49,16.062219,108.22665,paper,65
2025-01-22 00:00:00,0,16.049349,108.232447,paper,60
2025-01-22 00:00:00,1,16.051655,108.24612,paper,50
2025-01-22 00:00:00,2,16.07394,108.200535,plastic,42
2025-01-22 00:00:00,3,16.075408,108.210351,plastic,54
2025-01-22 00:00:00,4,16.052504,108.231602,metal,49
2025-01-22 00:00:00,5,16.060616,108.222433,organic,52
2025-01-22 00:00:00,6,16.051045,108.230157,organic,57
2025-01-22 00:00:00,7,16.061203,108.245478,paper,44
2025-01-22 00:00:00,8,16.060947,108.242048,organic,54
2025-01-22 00:00:00,9,16.076918,108.240417,metal,42
2025-01-22 00:00:00,10,16.050022,108.229231,paper,54
2025-01-22 00:00:00,11,16.072936,108.228415,plastic,57
2025-01-22 00:00:00,12,16.075616,108.243493,organic,43
2025-01-22 00:00:00,13,16.060528,108.241418,paper,60
2025-01-22 00:00:00,14,16.048051,108.222369,organic,54
2025-01-22 00:00:00,15,16.078301,108.209883,plastic,42
2025-01-22 00:00:00,16,16.073661,108.207305,metal,51
2025-01-22 00:00:00,17,16.061932,108.205372,organic,62
2025-01-22 00:00:00,18,16.049558,108.232641,metal,45
2025-01-22 00:00:00,19,16.040552,108.234367,metal,56
2025-01-22 00:00:00,20,16.040558,108.202618,metal,53
2025-01-22 00:00:00,21,16.040312,108.21319,metal,52
2025-01-22 00:00:00,22,16.053302,108.206434,plastic,54
2025-01-22 00:00:00,23,16.066687,108.24606,metal,47
2025-01-22 00:00:00,24,16.075745,108.212543,metal,56
2025-01-22 00:00:00,25,16.069915,108.229101,organic,53
2025-01-22 00:00:00,26,16.054459,108.233217,plastic,49
2025-01-22 00:00:00,27,16.073476,108.207721,paper,43
2025-01-22 00:00:00,28,16.062903,108.218438,organic,57
2025-01-22 00:00:00,29,16.053285,108.243371,metal,42
2025-01-22 00:00:00,30,16.063499,108.229964,organic,54
2025-01-22 00:00:00,31,16.066972,108.218299,plastic,61
2025-01-22 00:00:00,32,16.070944,108.231319,metal,45
2025-01-22 00:00:00,33,16.076459,108.233761,paper,61
2025-01-22 00:00:00,34,16.072907,108.246755,plastic,55
2025-01-22 00:00:00,35,16.045375,108.22192,metal,51
2025-01-22 00:00:00,36,16.060902,108.22837,paper,60
2025-01-22 00:00:00,37,16.07822,108.209445,organic,43
2025-01-22 00:00:00,38,16.047819,108.246602,metal,61
2025-01-22 00:00:00,39,16.078971,108.204843,paper,57
2025-01-22 00:00:00,40,16.056528,108.249324,plastic,61
2025-01-22 00:00:00,41,16.047893,108.202008,plastic,47
2025-01-22 00:00:00,42,16.077701,108.249977,metal,51
2025-01-22 00:00:00,43,16.051199,108.201983,paper,49
2025-01-22 00:00:00,44,16.068533,108.233936,metal,54
2025-01-22 00:00:00,45,16.045424,108.204301,metal,45
2025-01-22 00:00:00,46,16.054592,108.243394,paper,57
2025-01-22 00:00:00,47,16.063694,108.20329,organic,59
2025-01-22 00:00:00,48,16.077311,108.241461,plastic,59
2025-01-22 00:00:00,49,16.062219,108.22665,paper,48
2025-01-22 06:00:00,0,16.049349,108.232447,paper,51
2025-01-22 06:00:00,1,16.051655,108.24612,paper,52
2025-01-22 06:00:00,2,16.07394,108.200535,plastic,59
2025-01-22 06:00:00,3,16.075408,108.210351,plastic,53
2025-01-22 06:00:00,4,16.052504,108.231602,metal,56
2025-01-22 06:00:00,5,16.060616,108.222433,organic,61
2025-01-22 06:00:00,6,16.051045,108.230157,organic,60
2025-01-22 06:00:00,7,16.061203,108.245478,paper,48
2025-01-22 06:00:00,8,16.060947,108.242048,organic,51
2025-01-22 06:00:00,9,16.076918,108.240417,metal,58
2025-01-22 06:00:00,10,16.050022,108.229231,paper,66
2025-01-22 06:00:00,11,16.072936,108.228415,plastic,58
2025-01-22 06:00:00,12,16.075616,108.243493,organic,48
2025-01-22 06:00:00,13,16.060528,108.241418,paper,54
2025-01-22 06:00:00,14,16.048051,108.222369,organic,49
2025-01-22 06:00:00,15,16.078301,108.209883,plastic,50
2025-01-22 06:00:00,16,16.073661,108.207305,metal,57
2025-01-22 06:00:00,17,16.061932,108.205372,organic,56
2025-01-22 06:00:00,18,16.049558,108.232641,metal,53
2025-01-22 06:00:00,19,16.040552,108.234367,metal,61
2025-01-22 06:00:00,20,16.040558,108.202618,metal,51
2025-01-22 06:00:00,21,16.040312,108.21319,metal,49
2025-01-22 06:00:00,22,16.053302,108.206434,plastic,47
2025-01-22 06:00:00,23,16.066687,108.24606,metal,53
2025-01-22 06:00:00,24,16.075745,108.212543,metal,56
2025-01-22 06:00:00,25,16.069915,108.229101,organic,55
2025-01-22 06:00:00,26,16.054459,108.233217,plastic,58
2025-01-22 06:00:00,27,16.073476,108.207721,paper,67
2025-01-22 06:00:00,28,16.062903,108.218438,organic,52
2025-01-22 06:00:00,29,16.053285,108.243371,metal,65
2025-01-22 06:00:00,30,16.063499,108.229964,organic,51
2025-01-22 06:00:00,31,16.066972,108.218299,plastic,56
2025-01-22 06:00:00,32,16.070944,108.231319,metal,63
2025-01-22 06:00:00,33,16.076459,108.233761,paper,50
2025-01-22 06:00:00,34,16.072907,108.246755,plastic,55
2025-01-22 06:00:00,35,16.045375,108.22192,metal,50
2025-01-22 06:00:00,36,16.060902,108.22837,paper,64
2025-01-22 06:00:00,37,16.07822,108.209445,organic,60
2025-01-22 06:00:00,38,16.047819,108.246602,metal,50
2025-01-22 06:00:00,39,16.078971,108.204843,paper,61
2025-01-22 06:00:00,40,16.056528,108.249324,plastic,61
2025-01-22 06:00:00,41,16.047893,108.202008,plastic,58
2025-01-22 06:00:00,42,16.077701,108.249977,metal,50
2025-01-22 06:00:00,43,16.051199,108.201983,paper,64
2025-01-22 06:00:00,44,16.068533,108.233936,metal,56
2025-01-22 06:00:00,45,16.045424,108.204301,metal,67
2025-01-22 06:00:00,46,16.054592,108.243394,paper,56
2025-01-22 06:00:00,47,16.063694,108.20329,organic,60
2025-01-22 06:00:00,48,16.077311,108.241461,plastic,67
2025-01-22 06:00:00,49,16.062219,108.22665,paper,57
2025-01-22 12:00:00,0,16.049349,108.232447,paper,70
2025-01-22 12:00:00,1,16.051655,108.24612,paper,52
2025-01-22 12:00:00,2,16.07394,108.200535,plastic,72
2025-01-22 12:00:00,3,16.075408,108.210351,plastic,72
2025-01-22 12:00:00,4,16.052504,108.231602,metal,71
2025-01-22 12:00:00,5,16.060616,108.222433,organic,71
2025-01-22 12:00:00,6,16.051045,108.230157,organic,67
2025-01-22 12:00:00,7,16.061203,108.245478,paper,69
2025-01-22 12:00:00,8,16.060947,108.242048,organic,52
2025-01-22 12:00:00,9,16.076918,108.240417,metal,62
2025-01-22 12:00:00,10,16.050022,108.229231,paper,66
2025-01-22 12:00:00,11,16.072936,108.228415,plastic,53
2025-01-22 12:00:00,12,16.075616,108.243493,organic,58
2025-01-22 12:00:00,13,16.060528,108.241418,paper,57
2025-01-22 12:00:00,14,16.048051,108.222369,organic,68
2025-01-22 12:00:00,15,16.078301,108.209883,plastic,67
2025-01-22 12:00:00,16,16.073661,108.207305,metal,63
2025-01-22 12:00:00,17,16.061932,108.205372,organic,58
2025-01-22 12:00:00,18,16.049558,108.232641,metal,59
2025-01-22 12:00:00,19,16.040552,108.234367,metal,60
2025-01-22 12:00:00,20,16.040558,108.202618,metal,57
2025-01-22 12:00:00,21,16.040312,108.21319,metal,69
2025-01-22 12:00:00,22,16.053302,108.206434,plastic,52
2025-01-22 12:00:00,23,16.066687,108.24606,metal,54
2025-01-22 12:00:00,24,16.075745,108.212543,metal,68
2025-01-22 12:00:00,25,16.069915,108.229101,organic,58
2025-01-22 12:00:00,26,16.054459,108.233217,plastic,58
2025-01-22 12:00:00,27,16.073476,108.207721,paper,72
2025-01-22 12:00:00,28,16.062903,108.218438,organic,60
2025-01-22 12:00:00,29,16.053285,108.243371,metal,61
2025-01-22 12:00:00,30,16.063499,108.229964,organic,52
2025-01-22 12:00:00,31,16.066972,108.218299,plastic,66
2025-01-22 12:00:00,32,16.070944,108.231319,metal,62
2025-01-22 12:00:00,33,16.076459,108.233761,paper,60
2025-01-22 12:00:00,34,16.072907,108.246755,plastic,62
2025-01-22 12:00:00,35,16.045375,108.22192,metal,70
2025-01-22 12:00:00,36,16.060902,108.22837,paper,64
2025-01-22 12:00:00,37,16.07822,108.209445,organic,70
2025-01-22 12:00:00,38,16.047819,108.246602,metal,66
2025-01-22 12:00:00,39,16.078971,108.204843,paper,64
2025-01-22 12:00:00,40,16.056528,108.249324,plastic,65
2025-01-22 12:00:00,41,16.047893,108.202008,plastic,65
2025-01-22 12:00:00,42,16.077701,108.249977,metal,62
2025-01-22 12:00:00,43,16.051199,108.201983,paper,66
2025-01-22 12:00:00,44,16.068533,108.233936,metal,57
2025-01-22 12:00:00,45,16.045424,108.204301,metal,54
2025-01-22 12:00:00,46,16.054592,108.243394,paper,53
2025-01-22 12:00:00,47,16.063694,108.20329,organic,53
2025-01-22 12:00:00,48,16.077311,108.241461,plastic,70
2025-01-22 12:00:00,49,16.062219,108.22665,paper,68
2025-01-22 18:00:00,0,16.049349,108.232447,paper,62
2025-01-22 18:00:00,1,16.051655,108.24612,paper,57
2025-01-22 18:00:00,2,16.07394,108.200535,plastic,57
2025-01-22 18:00:00,3,16.075408,108.210351,plastic,77
2025-01-22 18:00:00,4,16.052504,108.231602,metal,65
2025-01-22 18:00:00,5,16.060616,108.222433,organic,58
2025-01-22 18:00:00,6,16.051045,108.230157,organic,68
2025-01-22 18:00:00,7,16.061203,108.245478,paper,62
2025-01-22 18:00:00,8,16.060947,108.242048,organic,66
2025-01-22 18:00:00,9,16.076918,108.240417,metal,62
2025-01-22 18:00:00,10,16.050022,108.229231,paper,66
2025-01-22 18:00:00,11,16.072936,108.228415,plastic,57
2025-01-22 18:00:00,12,16.075616,108.243493,organic,63
2025-01-22 18:00:00,13,16.060528,108.241418,paper,68
2025-01-22 18:00:00,14,16.048051,108.222369,organic,60
2025-01-22 18:00:00,15,16.078301,108.209883,plastic,74
2025-01-22 18:00:00,16,16.073661,108.207305,metal,74
2025-01-22 18:00:00,17,16.061932,108.205372,organic,72
2025-01-22 18:00:00,18,16.049558,108.232641,metal,59
2025-01-22 18:00:00,19,16.040552,108.234367,metal,73
2025-01-22 18:00:00,20,16.040558,108.202618,metal,67
2025-01-22 18:00:00,21,16.040312,108.21319,metal,66
2025-01-22 18:00:00,22,16.053302,108.206434,plastic,63
2025-01-22 18:00:00,23,16.066687,108.24606,metal,69
2025-01-22 18:00:00,24,16.075745,108.212543,metal,69
2025-01-22 18:00:00,25,16.069915,108.229101,organic,68
2025-01-22 18:00:00,26,16.054459,108.233217,plastic,57
2025-01-22 18:00:00,27,16.073476,108.207721,paper,70
2025-01-22 18:00:00,28,16.062903,108.218438,organic,63
2025-01-22 18:00:00,29,16.053285,108.243371,metal,73
2025-01-22 18:00:00,30,16.063499,108.229964,organic,70
2025-01-22 18:00:00,31,16.066972,108.218299,plastic,69
2025-01-22 18:00:00,32,16.070944,108.231319,metal,63
2025-01-22 18:00:00,33,16.076459,108.233761,paper,72
2025-01-22 18:00:00,34,16.072907,108.246755,plastic,68
2025-01-22 18:00:00,35,16.045375,108.22192,metal,59
2025-01-22 18:00:00,36,16.060902,108.22837,paper,77
2025-01-22 18:00:00,37,16.07822,108.209445,organic,75
2025-01-22 18:00:00,38,16.047819,108.246602,metal,70
2025-01-22 18:00:00,39,16.078971,108.204843,paper,58
2025-01-22 18:00:00,40,16.056528,108.249324,plastic,74
2025-01-22 18:00:00,41,16.047893,108.202008,plastic,77
2025-01-22 18:00:00,42,16.077701,108.249977,metal,74
2025-01-22 18:00:00,43,16.051199,108.201983,paper,66
2025-01-22 18:00:00,44,16.068533,108.233936,metal,63
2025-01-22 18:00:00,45,16.045424,108.204301,metal,67
2025-01-22 18:00:00,46,16.054592,108.243394,paper,72
2025-01-22 18:00:00,47,16.063694,108.20329,organic,74
2025-01-22 18:00:00,48,16.077311,108.241461,plastic,77
2025-01-22 18:00:00,49,16.062219,108.22665,paper,62
2025-01-23 00:00:00,0,16.049349,108.232447,paper,61
2025-01-23 00:00:00,1,16.051655,108.24612,paper,49
2025-01-23 00:00:00,2,16.07394,108.200535,plastic,51
2025-01-23 00:00:00,3,16.075408,108.210351,plastic,59
2025-01-23 00:00:00,4,16.052504,108.231602,metal,63
2025-01-23 00:00:00,5,16.060616,108.222433,organic,52
2025-01-23 00:00:00,6,16.051045,108.230157,organic,53
2025-01-23 00:00:00,7,16.061203,108.245478,paper,51
2025-01-23 00:00:00,8,16.060947,108.242048,organic,54
2025-01-23 00:00:00,9,16.076918,108.240417,metal,61
2025-01-23 00:00:00,10,16.050022,108.229231,paper,60
2025-01-23 00:00:00,11,16.072936,108.228415,plastic,50
2025-01-23 00:00:00,12,16.075616,108.243493,organic,64
2025-01-23 00:00:00,13,16.060528,108.241418,paper,64
2025-01-23 00:00:00,14,16.048051,108.222369,organic,52
2025-01-23 00:00:00,15,16.078301,108.209883,plastic,44
2025-01-23 00:00:00,16,16.073661,108.207305,metal,44
2025-01-23 00:00:00,17,16.061932,108.205372,organic,52
2025-01-23 00:00:00,18,16.049558,108.232641,metal,57
2025-01-23 00:00:00,19,16.040552,108.234367,metal,51
2025-01-23 00:00:00,20,16.040558,108.202618,metal,48
2025-01-23 00:00:00,21,16.040312,108.21319,metal,50
2025-01-23 00:00:00,22,16.053302,108.206434,plastic,58
2025-01-23 00:00:00,23,16.066687,108.24606,metal,47
2025-01-23 00:00:00,24,16.075745,108.212543,metal,55
2025-01-23 00:00:00,25,16.069915,108.229101,organic,57
2025-01-23 00:00:00,26,16.054459,108.233217,plastic,55
2025-01-23 00:00:00,27,16.073476,108.207721,paper,60
2025-01-23 00:00:00,28,16.062903,108.218438,organic,55
2025-01-23 00:00:00,29,16.053285,108.243371,metal,47
2025-01-23 00:00:00,30,16.063499,108.229964,organic,54
2025-01-23 00:00:00,31,16.066972,108.218299,plastic,48
2025-01-23 00:00:00,32,16.070944,108.231319,metal,45
2025-01-23 00:00:00,33,16.076459,108.233761,paper,51
2025-01-23 00:00:00,34,16.072907,108.246755,plastic,49
2025-01-23 00:00:00,35,16.045375,108.22192,metal,56
2025-01-23 00:00:00,36,16.060902,108.22837,paper,56
2025-01-23 00:00:00,37,16.07822,108.209445,organic,62
2025-01-23 00:00:00,38,16.047819,108.246602,metal,54
2025-01-23 00:00:00,39,16.078971,108.204843,paper,62
2025-01-23 00:00:00,40,16.056528,108.249324,plastic,58
2025-01-23 00:00:00,41,16.047893,108.202008,plastic,46
2025-01-23 00:00:00,42,16.077701,108.249977,metal,55
2025-01-23 00:00:00,43,16.051199,108.201983,paper,44
2025-01-23 00:00:00,44,16.068533,108.233936,metal,63
2025-01-23 00:00:00,45,16.045424,108.204301,metal,61
2025-01-23 00:00:00,46,16.054592,108.243394,paper,58
2025-01-23 00:00:00,47,16.063694,108.20329,organic,54
2025-01-23 00:00:00,48,16.077311,108.241461,plastic,54
2025-01-23 00:00:00,49,16.062219,108.22665,paper,53
2025-01-23 06:00:00,0,16.049349,108.232447,paper,56
2025-01-23 06:00:00,1,16.051655,108.24612,paper,65
2025-01-23 06:00:00,2,16.07394,108.200535,plastic,50
2025-01-23 06:00:00,3,16.075408,108.210351,plastic,52
2025-01-23 06:00:00,4,16.052504,108.231602,metal,52
2025-01-23 06:00:00,5,16.060616,108.222433,organic,69
2025-01-23 06:00:00,6,16.051045,108.230157,organic,62
2025-01-23 06:00:00,7,16.061203,108.245478,paper,59
2025-01-23 06:00:00,8,16.060947,108.242048,organic,50
2025-01-23 06:00:00,9,16.076918,108.240417,metal,65
2025-01-23 06:00:00,10,16.050022,108.229231,paper,69
2025-01-23 06:00:00,11,16.072936,108.228415,plastic,54
2025-01-23 06:00:00,12,16.075616,108.243493,organic,49
2025-01-23 06:00:00,13,16.060528,108.241418,paper,62
2025-01-23 06:00:00,14,16.048051,108.222369,organic,52
2025-01-23 06:00:00,15,16.078301,108.209883,plastic,55
2025-01-23 06:00:00,16,16.073661,108.207305,metal,52
2025-01-23 06:00:00,17,16.061932,108.205372,organic,57
2025-01-23 06:00:00,18,16.049558,108.232641,metal,60
2025-01-23 06:00:00,19,16.040552,108.234367,metal,54
2025-01-23 06:00:00,20,16.040558,108.202618,metal,67
2025-01-23 06:00:00,21,16.040312,108.21319,metal,66
2025-01-23 06:00:00,22,16.053302,108.206434,plastic,52
2025-01-23 06:00:00,23,16.066687,108.24606,metal,51
2025-01-23 06:00:00,24,16.075745,108.212543,metal,51
2025-01-23 06:00:00,25,16.069915,108.229101,organic,58
2025-01-23 06:00:00,26,16.054459,108.233217,plastic,56
2025-01-23 06:00:00,27,16.073476,108.207721,paper,49
2025-01-23 06:00:00,28,16.062903,108.218438,organic,55
2025-01-23 06:00:00,29,16.053285,108.243371,metal,69
2025-01-23 06:00:00,30,16.063499,108.229964,organic,53
2025-01-23 06:00:00,31,16.066972,108.218299,plastic,68
2025-01-23 06:00:00,32,16.070944,108.231319,metal,63
2025-01-23 06:00:00,33,16.076459,108.233761,paper,51
2025-01-23 06:00:00,34,16.072907,108.246755,plastic,53
2025-01-23 06:00:00,35,16.045375,108.22192,metal,68
2025-01-23 06:00:00,36,16.060902,108.22837,paper,51
2025-01-23 06:00:00,37,16.07822,108.209445,organic,58
2025-01-23 06:00:00,38,16.047819,108.246602,metal,65
2025-01-23 06:00:00,39,16.078971,108.204843,paper,51
2025-01-23 06:00:00,40,16.056528,108.249324,plastic,60
2025-01-23 06:00:00,41,16.047893,108.202008,plastic,57
2025-01-23 06:00:00,42,16.077701,108.249977,metal,56
2025-01-23 06:00:00,43,16.051199,108.201983,paper,55
2025-01-23 06:00:00,44,16.068533,108.233936,metal,57
2025-01-23 06:00:00,45,16.045424,108.204301,metal,63
2025-01-23 06:00:00,46,16.054592,108.243394,paper,62
2025-01-23 06:00:00,47,16.063694,108.20329,organic,64
2025-01-23 06:00:00,48,16.077311,108.241461,plastic,57
2025-01-23 06:00:00,49,16.062219,108.22665,paper,56
2025-01-23 12:00:00,0,16.049349,108.232447,paper,74
2025-01-23 12:00:00,1,16.051655,108.24612,paper,74
2025-01-23 12:00:00,2,16.07394,108.200535,plastic,60
2025-01-23 12:00:00,3,16.075408,108.210351,plastic,69
2025-01-23 12:00:00,4,16.052504,108.231602,metal,61
2025-01-23 12:00:00,5,16.060616,108.222433,organic,60
2025-01-23 12:00:00,6,16.051045,108.230157,organic,69
2025-01-23 12:00:00,7,16.061203,108.245478,paper,66
2025-01-23 12:00:00,8,16.060947,108.242048,organic,54
2025-01-23 12:00:00,9,16.076918,108.240417,metal,54
2025-01-23 12:00:00,10,16.050022,108.229231,paper,66
2025-01-23 12:00:00,11,16.072936,108.228415,plastic,67
2025-01-23 12:00:00,12,16.075616,108.243493,organic,64
2025-01-23 12:00:00,13,16.060528,108.241418,paper,66
2025-01-23 12:00:00,14,16.048051,108.222369,organic,64
2025-01-23 12:00:00,15,16.078301,108.209883,plastic,54
2025-01-23 12:00:00,16,16.073661,108.207305,metal,72
2025-01-23 12:00:00,17,16.061932,108.205372,organic,64
2025-01-23 12:00:00,18,16.049558,108.232641,metal,70
2025-01-23 12:00:00,19,16.040552,108.234367,metal,57
2025-01-23 12:00:00,20,16.040558,108.202618,metal,60
2025-01-23 12:00:00,21,16.040312,108.21319,metal,56
2025-01-23 12:00:00,22,16.053302,108.206434,plastic,58
2025-01-23 12:00:00,23,16.066687,108.24606,metal,63
2025-01-23 12:00:00,24,16.075745,108.212543,metal,71
2025-01-23 12:00:00,25,16.069915,108.229101,organic,58
2025-01-23 12:00:00,26,16.054459,108.233217,plastic,69
2025-01-23 12:00:00,27,16.073476,108.207721,paper,56
2025-01-23 12:00:00,28,16.062903,108.218438,organic,69
2025-01-23 12:00:00,29,16.053285,108.243371,metal,54
2025-01-23 12:00:00,30,16.063499,108.229964,organic,71
2025-01-23 12:00:00,31,16.066972,108.218299,plastic,70
2025-01-23 12:00:00,32,16.070944,108.231319,metal,74
2025-01-23 12:00:00,33,16.076459,108.233761,paper,69
2025-01-23 12:00:00,34,16.072907,108.246755,plastic,56
2025-01-23 12:00:00,35,16.045375,108.22192,metal,57
2025-01-23 12:00:00,36,16.060902,108.22837,paper,56
2025-01-23 12:00:00,37,16.07822,108.209445,organic,66
2025-01-23 12:00:00,38,16.047819,108.246602,metal,66
2025-01-23 12:00:00,39,16.078971,108.204843,paper,69
2025-01-23 12:00:00,40,16.056528,108.249324,plastic,71
2025-01-23 12:00:00,41,16.047893,108.202008,plastic,54
2025-01-23 12:00:00,42,16.077701,108.249977,metal,59
2025-01-23 12:00:00,43,16.051199,108.201983,paper,65
2025-01-23 12:00:00,44,16.068533,108.233936,metal,59
2025-01-23 12:00:00,45,16.045424,108.204301,metal,63
2025-01-23 12:00:00,46,16.054592,108.243394,paper,61
2025-01-23 12:00:00,47,16.063694,108.20329,organic,72
2025-01-23 12:00:00,48,16.077311,108.241461,plastic,55
2025-01-23 12:00:00,49,16.062219,108.22665,paper,56
2025-01-23 18:00:00,0,16.049349,108.232447,paper,61
2025-01-23 18:00:00,1,16.051655,108.24612,paper,72
2025-01-23 18:00:00,2,16.07394,108.200535,plastic,61
2025-01-23 18:00:00,3,16.075408,108.210351,plastic,68
2025-01-23 18:00:00,4,16.052504,108.231602,metal,71
2025-01-23 18:00:00,5,16.060616,108.222433,organic,76
2025-01-23 18:00:00,6,16.051045,108.230157,organic,69
2025-01-23 18:00:00,7,16.061203,108.245478,paper,75
2025-01-23 18:00:00,8,16.060947,108.242048,organic,70
2025-01-23 18:00:00,9,16.076918,108.240417,metal,75
2025-01-23 18:00:00,10,16.050022,108.229231,paper,76
2025-01-23 18:00:00,11,16.072936,108.228415,plastic,67
2025-01-23 18:00:00,12,16.075616,108.243493,organic,68
2025-01-23 18:00:00,13,16.060528,108.241418,paper,78
2025-01-23 18:00:00,14,16.048051,108.222369,organic,60
2025-01-23 18:00:00,15,16.078301,108.209883,plastic,67
2025-01-23 18:00:00,16,16.073661,108.207305,metal,67
2025-01-23 18:00:00,17,16.061932,108.205372,organic,61
2025-01-23 18:00:00,18,16.049558,108.232641,metal,79
2025-01-23 18:00:00,19,16.040552,108.234367,metal,73
2025-01-23 18:00:00,20,16.040558,108.202618,metal,66
2025-01-23 18:00:00,21,16.040312,108.21319,metal,64
2025-01-23 18:00:00,22,16.053302,108.206434,plastic,66
2025-01-23 18:00:00,23,16.066687,108.24606,metal,60
2025-01-23 18:00:00,24,16.075745,108.212543,metal,75
2025-01-23 18:00:00,25,16.069915,108.229101,organic,64
2025-01-23 18:00:00,26,16.054459,108.233217,plastic,71
2025-01-23 18:00:00,27,16.073476,108.207721,paper,67
2025-01-23 18:00:00,28,16.062903,108.218438,organic,77
2025-01-23 18:00:00,29,16.053285,108.243371,metal,60
2025-01-23 18:00:00,30,16.063499,108.229964,organic,63
2025-01-23 18:00:00,31,16.066972,108.218299,plastic,66
2025-01-23 18:00:00,32,16.070944,108.231319,metal,61
2025-01-23 18:00:00,33,16.076459,108.233761,paper,71
2025-01-23 18:00:00,34,16.072907,108.246755,plastic,73
2025-01-23 18:00:00,35,16.045375,108.22192,metal,67
2025-01-23 18:00:00,36,16.060902,108.22837,paper,66
2025-01-23 18:00:00,37,16.07822,108.209445,organic,72
2025-01-23 18:00:00,38,16.047819,108.246602,metal,72
2025-01-23 18:00:00,39,16.078971,108.204843,paper,66
2025-01-23 18:00:00,40,16.056528,108.249324,plastic,61
2025-01-23 18:00:00,41,16.047893,108.202008,plastic,74
2025-01-23 18:00:00,42,16.077701,108.249977,metal,66
2025-01-23 18:00:00,43,16.051199,108.201983,paper,59
2025-01-23 18:00:00,44,16.068533,108.233936,metal,78
2025-01-23 18:00:00,45,16.045424,108.204301,metal,63
2025-01-23 18:00:00,46,16.054592,108.243394,paper,68
2025-01-23 18:00:00,47,16.063694,108.20329,organic,78
2025-01-23 18:00:00,48,16.077311,108.241461,plastic,65
2025-01-23 18:00:00,49,16.062219,108.22665,paper,65
2025-01-24 00:00:00,0,16.049349,108.232447,paper,61
2025-01-24 00:00:00,1,16.051655,108.24612,paper,64
2025-01-24 00:00:00,2,16.07394,108.200535,plastic,47
2025-01-24 00:00:00,3,16.075408,108.210351,plastic,56
2025-01-24 00:00:00,4,16.052504,108.231602,metal,65
2025-01-24 00:00:00,5,16.060616,108.222433,organic,61
2025-01-24 00:00:00,6,16.051045,108.230157,organic,62
2025-01-24 00:00:00,7,16.061203,108.245478,paper,54
2025-01-24 00:00:00,8,16.060947,108.242048,organic,62
2025-01-24 00:00:00,9,16.076918,108.240417,metal,53
2025-01-24 00:00:00,10,16.050022,108.229231,paper,54
2025-01-24 00:00:00,11,16.072936,108.228415,plastic,64
2025-01-24 00:00:00,12,16.075616,108.243493,organic,55
2025-01-24 00:00:00,13,16.060528,108.241418,paper,46
2025-01-24 00:00:00,14,16.048051,108.222369,organic,46
2025-01-24 00:00:00,15,16.078301,108.209883,plastic,66
2025-01-24 00:00:00,16,16.073661,108.207305,metal,53
2025-01-24 00:00:00,17,16.061932,108.205372,organic,50
2025-01-24 00:00:00,18,16.049558,108.232641,metal,52
2025-01-24 00:00:00,19,16.040552,108.234367,metal,58
2025-01-24 00:00:00,20,16.040558,108.202618,metal,58
2025-01-24 00:00:00,21,16.040312,108.21319,metal,56
2025-01-24 00:00:00,22,16.053302,108.206434,plastic,62
2025-01-24 00:00:00,23,16.066687,108.24606,metal,56
2025-01-24 00:00:00,24,16.075745,108.212543,metal,65
2025-01-24 00:00:00,25,16.069915,108.229101,organic,58
2025-01-24 00:00:00,26,16.054459,108.233217,plastic,47
2025-01-24 00:00:00,27,16.073476,108.207721,paper,47
2025-01-24 00:00:00,28,16.062903,108.218438,organic,50
2025-01-24 00:00:00,29,16.053285,108.243371,metal,62
2025-01-24 00:00:00,30,16.063499,108.229964,organic,54
2025-01-24 00:00:00,31,16.066972,108.218299,plastic,49
2025-01-24 00:00:00,32,16.070944,108.231319,metal,50
2025-01-24 00:00:00,33,16.076459,108.233761,paper,62
2025-01-24 00:00:00,34,16.072907,108.246755,plastic,65
2025-01-24 00:00:00,35,16.045375,108.22192,metal,51
2025-01-24 00:00:00,36,16.060902,108.22837,paper,53
2025-01-24 00:00:00,37,16.07822,108.209445,organic,47
2025-01-24 00:00:00,38,16.047819,108.246602,metal,58
2025-01-24 00:00:00,39,16.078971,108.204843,paper,60
2025-01-24 00:00:00,40,16.056528,108.249324,plastic,51
2025-01-24 00:00:00,41,16.047893,108.202008,plastic,50
2025-01-24 00:00:00,42,16.077701,108.249977,metal,60
2025-01-24 00:00:00,43,16.051199,108.201983,paper,50
2025-01-24 00:00:00,44,16.068533,108.233936,metal,53
2025-01-24 00:00:00,45,16.045424,108.204301,metal,50
2025-01-24 00:00:00,46,16.054592,108.243394,paper,59
2025-01-24 00:00:00,47,16.063694,108.20329,organic,47
2025-01-24 00:00:00,48,16.077311,108.241461,plastic,51
2025-01-24 00:00:00,49,16.062219,108.22665,paper,52
2025-01-24 06:00:00,0,16.049349,108.232447,paper,51
2025-01-24 06:00:00,1,16.051655,108.24612,paper,66
2025-01-24 06:00:00,2,16.07394,108.200535,plastic,61
2025-01-24 06:00:00,3,16.075408,108.210351,plastic,71
2025-01-24 06:00:00,4,16.052504,108.231602,metal,63
2025-01-24 06:00:00,5,16.060616,108.222433,organic,56
2025-01-24 06:00:00,6,16.051045,108.230157,organic,53
2025-01-24 06:00:00,7,16.061203,108.245478,paper,54
2025-01-24 06:00:00,8,16.060947,108.242048,organic,69
2025-01-24 06:00:00,9,16.076918,108.240417,metal,59
2025-01-24 06:00:00,10,16.050022,108.229231,paper,70
2025-01-24 06:00:00,11,16.072936,108.228415,plastic,57
2025-01-24 06:00:00,12,16.075616,108.243493,organic,53
2025-01-24 06:00:00,13,16.060528,108.241418,paper,61
2025-01-24 06:00:00,14,16.048051,108.222369,organic,70
2025-01-24 06:00:00,15,16.078301,108.209883,plastic,68
2025-01-24 06:00:00,16,16.073661,108.207305,metal,64
2025-01-24 06:00:00,17,16.061932,108.205372,organic,57
2025-01-24 06:00:00,18,16.049558,108.232641,metal,68
2025-01-24 06:00:00,19,16.040552,108.234367,metal,58
2025-01-24 06:00:00,20,16.040558,108.202618,metal,64
2025-01-24 06:00:00,21,16.040312,108.21319,metal,51
2025-01-24 06:00:00,22,16.053302,108.206434,plastic,58
2025-01-24 06:00:00,23,16.066687,108.24606,metal,66
2025-01-24 06:00:00,24,16.075745,108.212543,metal,53
2025-01-24 06:00:00,25,16.069915,108.229101,organic,66
2025-01-24 06:00:00,26,16.054459,108.233217,plastic,66
2025-01-24 06:00:00,27,16.073476,108.207721,paper,59
2025-01-24 06:00:00,28,16.062903,108.218438,organic,53
2025-01-24 06:00:00,29,16.053285,108.243371,metal,65
2025-01-24 06:00:00,30,16.063499,108.229964,organic,64
2025-01-24 06:00:00,31,16.066972,108.218299,plastic,52
2025-01-24 06:00:00,32,16.070944,108.231319,metal,51
2025-01-24 06:00:00,33,16.076459,108.233761,paper,62
2025-01-24 06:00:00,34,16.072907,108.246755,plastic,60
2025-01-24 06:00:00,35,16.045375,108.22192,metal,65
2025-01-24 06:00:00,36,16.060902,108.22837,paper,58
2025-01-24 06:00:00,37,16.07822,108.209445,organic,58
2025-01-24 06:00:00,38,16.047819,108.246602,metal,71
2025-01-24 06:00:00,39,16.078971,108.204843,paper,71
2025-01-24 06:00:00,40,16.056528,108.249324,plastic,56
2025-01-24 06:00:00,41,16.047893,108.202008,plastic,56
2025-01-24 06:00:00,42,16.077701,108.249977,metal,53
2025-01-24 06:00:00,43,16.051199,108.201983,paper,65
2025-01-24 06:00:00,44,16.068533,108.233936,metal,67
2025-01-24 06:00:00,45,16.045424,108.204301,metal,66
2025-01-24 06:00:00,46,16.054592,108.243394,paper,59
2025-01-24 06:00:00,47,16.063694,108.20329,organic,62
2025-01-24 06:00:00,48,16.077311,108.241461,plastic,56
2025-01-24 06:00:00,49,16.062219,108.22665,paper,64
2025-01-24 12:00:00,0,16.049349,108.232447,paper,65
2025-01-24 12:00:00,1,16.051655,108.24612,paper,75
2025-01-24 12:00:00,2,16.07394,108.200535,plastic,69
2025-01-24 12:00:00,3,16.075408,108.210351,plastic,75
2025-01-24 12:00:00,4,16.052504,108.231602,metal,71
2025-01-24 12:00:00,5,16.060616,108.222433,organic,68
2025-01-24 12:00:00,6,16.051045,108.230157,organic,73
2025-01-24 12:00:00,7,16.061203,108.245478,paper,67
2025-01-24 12:00:00,8,16.060947,108.242048,organic,73
2025-01-24 12:00:00,9,16.076918,108.240417,metal,66
2025-01-24 12:00:00,10,16.050022,108.229231,paper,69
2025-01-24 12:00:00,11,16.072936,108.228415,plastic,72
2025-01-24 12:00:00,12,16.075616,108.243493,organic,76
2025-01-24 12:00:00,13,16.060528,108.241418,paper,75
2025-01-24 12:00:00,14,16.048051,108.222369,organic,75
2025-01-24 12:00:00,15,16.078301,108.209883,plastic,64
2025-01-24 12:00:00,16,16.073661,108.207305,metal,68
2025-01-24 12:00:00,17,16.061932,108.205372,organic,62
2025-01-24 12:00:00,18,16.049558,108.232641,metal,71
2025-01-24 12:00:00,19,16.040552,108.234367,metal,64
2025-01-24 12:00:00,20,16.040558,108.202618,metal,61
2025-01-24 12:00:00,21,16.040312,108.21319,metal,74
2025-01-24 12:00:00,22,16.053302,108.206434,plastic,60
2025-01-24 12:00:00,23,16.066687,108.24606,metal,72
2025-01-24 12:00:00,24,16.075745,108.212543,metal,59
2025-01-24 12:00:00,25,16.069915,108.229101,organic,68
2025-01-24 12:00:00,26,16.054459,108.233217,plastic,63
2025-01-24 12:00:00,27,16.073476,108.207721,paper,68
2025-01-24 12:00:00,28,16.062903,108.218438,organic,67
2025-01-24 12:00:00,29,16.053285,108.243371,metal,71
2025-01-24 12:00:00,30,16.063499,108.229964,organic,70
2025-01-24 12:00:00,31,16.066972,108.218299,plastic,73
2025-01-24 12:00:00,32,16.070944,108.231319,metal,68
2025-01-24 12:00:00,33,16.076459,108.233761,paper,64
2025-01-24 12:00:00,34,16.072907,108.246755,plastic,61
2025-01-24 12:00:00,35,16.045375,108.22192,metal,73
2025-01-24 12:00:00,36,16.060902,108.22837,paper,56
2025-01-24 12:00:00,37,16.07822,108.209445,organic,75
2025-01-24 12:00:00,38,16.047819,108.246602,metal,67
2025-01-24 12:00:00,39,16.078971,108.204843,paper,72
2025-01-24 12:00:00,40,16.056528,108.249324,plastic,58
2025-01-24 12:00:00,41,16.047893,108.202008,plastic,64
2025-01-24 12:00:00,42,16.077701,108.249977,metal,61
2025-01-24 12:00:00,43,16.051199,108.201983,paper,65
2025-01-24 12:00:00,44,16.068533,108.233936,metal,65
2025-01-24 12:00:00,45,16.045424,108.204301,metal,59
2025-01-24 12:00:00,46,16.054592,108.243394,paper,62
2025-01-24 12:00:00,47,16.063694,108.20329,organic,67
2025-01-24 12:00:00,48,16.077311,108.241461,plastic,73
2025-01-24 12:00:00,49,16.062219,108.22665,paper,73
2025-01-24 18:00:00,0,16.049349,108.232447,paper,76
2025-01-24 18:00:00,1,16.051655,108.24612,paper,63
2025-01-24 18:00:00,2,16.07394,108.200535,plastic,63
2025-01-24 18:00:00,3,16.075408,108.210351,plastic,80
2025-01-24 18:00:00,4,16.052504,108.231602,metal,74
2025-01-24 18:00:00,5,16.060616,108.222433,organic,65
2025-01-24 18:00:00,6,16.051045,108.230157,organic,79
2025-01-24 18:00:00,7,16.061203,108.245478,paper,72
2025-01-24 18:00:00,8,16.060947,108.242048,organic,80
2025-01-24 18:00:00,9,16.076918,108.240417,metal,76
2025-01-24 18:00:00,10,16.050022,108.229231,paper,73
2025-01-24 18:00:00,11,16.072936,108.228415,plastic,78
2025-01-24 18:00:00,12,16.075616,108.243493,organic,63
2025-01-24 18:00:00,13,16.060528,108.241418,paper,61
2025-01-24 18:00:00,14,16.048051,108.222369,organic,78
2025-01-24 18:00:00,15,16.078301,108.209883,plastic,62
2025-01-24 18:00:00,16,16.073661,108.207305,metal,66
2025-01-24 18:00:00,17,16.061932,108.205372,organic,80
2025-01-24 18:00:00,18,16.049558,108.232641,metal,61
2025-01-24 18:00:00,19,16.040552,108.234367,metal,61
2025-01-24 18:00:00,20,16.040558,108.202618,metal,68
2025-01-24 18:00:00,21,16.040312,108.21319,metal,68
2025-01-24 18:00:00,22,16.053302,108.206434,plastic,65
2025-01-24 18:00:00,23,16.066687,108.24606,metal,73
2025-01-24 18:00:00,24,16.075745,108.212543,metal,77
2025-01-24 18:00:00,25,16.069915,108.229101,organic,64
2025-01-24 18:00:00,26,16.054459,108.233217,plastic,74
2025-01-24 18:00:00,27,16.073476,108.207721,paper,68
2025-01-24 18:00:00,28,16.062903,108.218438,organic,62
2025-01-24 18:00:00,29,16.053285,108.243371,metal,67
2025-01-24 18:00:00,30,16.063499,108.229964,organic,62
2025-01-24 18:00:00,31,16.066972,108.218299,plastic,73
2025-01-24 18:00:00,32,16.070944,108.231319,metal,68
2025-01-24 18:00:00,33,16.076459,108.233761,paper,68
2025-01-24 18:00:00,34,16.072907,108.246755,plastic,68
2025-01-24 18:00:00,35,16.045375,108.22192,metal,63
2025-01-24 18:00:00,36,16.060902,108.22837,paper,78
2025-01-24 18:00:00,37,16.07822,108.209445,organic,68
2025-01-24 18:00:00,38,16.047819,108.246602,metal,68
2025-01-24 18:00:00,39,16.078971,108.204843,paper,76
2025-01-24 18:00:00,40,16.056528,108.249324,plastic,81
2025-01-24 18:00:00,41,16.047893,108.202008,plastic,73
2025-01-24 18:00:00,42,16.077701,108.249977,metal,62
2025-01-24 18:00:00,43,16.051199,108.201983,paper,72
2025-01-24 18:00:00,44,16.068533,108.233936,metal,69
2025-01-24 18:00:00,45,16.045424,108.204301,metal,74
2025-01-24 18:00:00,46,16.054592,108.243394,paper,75
2025-01-24 18:00:00,47,16.063694,108.20329,organic,61
2025-01-24 18:00:00,48,16.077311,108.241461,plastic,73
2025-01-24 18:00:00,49,16.062219,108.22665,paper,71
2025-01-25 00:00:00,0,16.049349,108.232447,paper,58
2025-01-25 00:00:00,1,16.051655,108.24612,paper,52
2025-01-25 00:00:00,2,16.07394,108.200535,plastic,54
2025-01-25 00:00:00,3,16.075408,108.210351,plastic,64
2025-01-25 00:00:00,4,16.052504,108.231602,metal,58
2025-01-25 00:00:00,5,16.060616,108.222433,organic,49
2025-01-25 00:00:00,6,16.051045,108.230157,organic,57
2025-01-25 00:00:00,7,16.061203,108.245478,paper,65
2025-01-25 00:00:00,8,16.060947,108.242048,organic,68
2025-01-25 00:00:00,9,16.076918,108.240417,metal,48
2025-01-25 00:00:00,10,16.050022,108.229231,paper,50
2025-01-25 00:00:00,11,16.072936,108.228415,plastic,60
2025-01-25 00:00:00,12,16.075616,108.243493,organic,50
2025-01-25 00:00:00,13,16.060528,108.241418,paper,54
2025-01-25 00:00:00,14,16.048051,108.222369,organic,55
2025-01-25 00:00:00,15,16.078301,108.209883,plastic,60
2025-01-25 00:00:00,16,16.073661,108.207305,metal,61
2025-01-25 00:00:00,17,16.061932,108.205372,organic,60
2025-01-25 00:00:00,18,16.049558,108.232641,metal,65
2025-01-25 00:00:00,19,16.040552,108.234367,metal,55
2025-01-25 00:00:00,20,16.040558,108.202618,metal,66
2025-01-25 00:00:00,21,16.040312,108.21319,metal,62
2025-01-25 00:00:00,22,16.053302,108.206434,plastic,58
2025-01-25 00:00:00,23,16.066687,108.24606,metal,67
2025-01-25 00:00:00,24,16.075745,108.212543,metal,61
2025-01-25 00:00:00,25,16.069915,108.229101,organic,54
2025-01-25 00:00:00,26,16.054459,108.233217,plastic,60
2025-01-25 00:00:00,27,16.073476,108.207721,paper,65
2025-01-25 00:00:00,28,16.062903,108.218438,organic,48
2025-01-25 00:00:00,29,16.053285,108.243371,metal,51
2025-01-25 00:00:00,30,16.063499,108.229964,organic,51
2025-01-25 00:00:00,31,16.066972,108.218299,plastic,51
2025-01-25 00:00:00,32,16.070944,108.231319,metal,61
2025-01-25 00:00:00,33,16.076459,108.233761,paper,54
2025-01-25 00:00:00,34,16.072907,108.246755,plastic,49
2025-01-25 00:00:00,35,16.045375,108.22192,metal,66
2025-01-25 00:00:00,36,16.060902,108.22837,paper,48
2025-01-25 00:00:00,37,16.07822,108.209445,organic,67
2025-01-25 00:00:00,38,16.047819,108.246602,metal,62
2025-01-25 00:00:00,39,16.078971,108.204843,paper,55
2025-01-25 00:00:00,40,16.056528,108.249324,plastic,56
2025-01-25 00:00:00,41,16.047893,108.202008,plastic,64
2025-01-25 00:00:00,42,16.077701,108.249977,metal,64
2025-01-25 00:00:00,43,16.051199,108.201983,paper,49
2025-01-25 00:00:00,44,16.068533,108.233936,metal,62
2025-01-25 00:00:00,45,16.045424,108.204301,metal,64
2025-01-25 00:00:00,46,16.054592,108.243394,paper,52
2025-01-25 00:00:00,47,16.063694,108.20329,organic,59
2025-01-25 00:00:00,48,16.077311,108.241461,plastic,50
2025-01-25 00:00:00,49,16.062219,108.22665,paper,59
2025-01-25 06:00:00,0,16.049349,108.232447,paper,72
2025-01-25 06:00:00,1,16.051655,108.24612,paper,54
2025-01-25 06:00:00,2,16.07394,108.200535,plastic,56
2025-01-25 06:00:00,3,16.075408,108.210351,plastic,56
2025-01-25 06:00:00,4,16.052504,108.231602,metal,61
2025-01-25 06:00:00,5,16.060616,108.222433,organic,65
2025-01-25 06:00:00,6,16.051045,108.230157,organic,69
2025-01-25 06:00:00,7,16.061203,108.245478,paper,62
2025-01-25 06:00:00,8,16.060947,108.242048,organic,66
2025-01-25 06:00:00,9,16.076918,108.240417,metal,67
2025-01-25 06:00:00,10,16.050022,108.229231,paper,66
2025-01-25 06:00:00,11,16.072936,108.228415,plastic,70
2025-01-25 06:00:00,12,16.075616,108.243493,organic,72
2025-01-25 06:00:00,13,16.060528,108.241418,paper,56
2025-01-25 06:00:00,14,16.048051,108.222369,organic,70
2025-01-25 06:00:00,15,16.078301,108.209883,plastic,55
2025-01-25 06:00:00,16,16.073661,108.207305,metal,70
2025-01-25 06:00:00,17,16.061932,108.205372,organic,65
2025-01-25 06:00:00,18,16.049558,108.232641,metal,67
2025-01-25 06:00:00,19,16.040552,108.234367,metal,64
2025-01-25 06:00:00,20,16.040558,108.202618,metal,60
2025-01-25 06:00:00,21,16.040312,108.21319,metal,64
2025-01-25 06:00:00,22,16.053302,108.206434,plastic,70
2025-01-25 06:00:00,23,16.066687,108.24606,metal,67
2025-01-25 06:00:00,24,16.075745,108.212543,metal,68
2025-01-25 06:00:00,25,16.069915,108.229101,organic,59
2025-01-25 06:00:00,26,16.054459,108.233217,plastic,61
2025-01-25 06:00:00,27,16.073476,108.207721,paper,60
2025-01-25 06:00:00,28,16.062903,108.218438,organic,73
2025-01-25 06:00:00,29,16.053285,108.243371,metal,57
2025-01-25 06:00:00,30,16.063499,108.229964,organic,57
2025-01-25 06:00:00,31,16.066972,108.218299,plastic,70
2025-01-25 06:00:00,32,16.070944,108.231319,metal,53
2025-01-25 06:00:00,33,16.076459,108.233761,paper,66
2025-01-25 06:00:00,34,16.072907,108.246755,plastic,66
2025-01-25 06:00:00,35,16.045375,108.22192,metal,69
2025-01-25 06:00:00,36,16.060902,108.22837,paper,66
2025-01-25 06:00:00,37,16.07822,108.209445,organic,69
2025-01-25 06:00:00,38,16.047819,108.246602,metal,70
2025-01-25 06:00:00,39,16.078971,108.204843,paper,63
2025-01-25 06:00:00,40,16.056528,108.249324,plastic,67
2025-01-25 06:00:00,41,16.047893,108.202008,plastic,70
2025-01-25 06:00:00,42,16.077701,108.249977,metal,63
2025-01-25 06:00:00,43,16.051199,108.201983,paper,62
2025-01-25 06:00:00,44,16.068533,108.233936,metal,58
2025-01-25 06:00:00,45,16.045424,108.204301,metal,68
2025-01-25 06:00:00,46,16.054592,108.243394,paper,53
2025-01-25 06:00:00,47,16.063694,108.20329,organic,60
2025-01-25 06:00:00,48,16.077311,108.241461,plastic,54
2025-01-25 06:00:00,49,16.062219,108.22665,paper,59
2025-01-25 12:00:00,0,16.049349,108.232447,paper,78
2025-01-25 12:00:00,1,16.051655,108.24612,paper,59
2025-01-25 12:00:00,2,16.07394,108.200535,plastic,62
2025-01-25 12:00:00,3,16.075408,108.210351,plastic,71
2025-01-25 12:00:00,4,16.052504,108.231602,metal,63
2025-01-25 12:00:00,5,16.060616,108.222433,organic,63
2025-01-25 12:00:00,6,16.051045,108.230157,organic,70
2025-01-25 12:00:00,7,16.061203,108.245478,paper,60
2025-01-25 12:00:00,8,16.060947,108.242048,organic,68
2025-01-25 12:00:00,9,16.076918,108.240417,metal,78
2025-01-25 12:00:00,10,16.050022,108.229231,paper,75
2025-01-25 12:00:00,11,16.072936,108.228415,plastic,68
2025-01-25 12:00:00,12,16.075616,108.243493,organic,75
2025-01-25 12:00:00,13,16.060528,108.241418,paper,78
2025-01-25 12:00:00,14,16.048051,108.222369,organic,71
2025-01-25 12:00:00,15,16.078301,108.209883,plastic,62
2025-01-25 12:00:00,16,16.073661,108.207305,metal,63
2025-01-25 12:00:00,17,16.061932,108.205372,organic,77
2025-01-25 12:00:00,18,16.049558,108.232641,metal,66
2025-01-25 12:00:00,19,16.040552,108.234367,metal,58
2025-01-25 12:00:00,20,16.040558,108.202618,metal,78
2025-01-25 12:00:00,21,16.040312,108.21319,metal,66
2025-01-25 12:00:00,22,16.053302,108.206434,plastic,59
2025-01-25 12:00:00,23,16.066687,108.24606,metal,70
2025-01-25 12:00:00,24,16.075745,108.212543,metal,74
2025-01-25 12:00:00,25,16.069915,108.229101,organic,67
2025-01-25 12:00:00,26,16.054459,108.233217,plastic,64
2025-01-25 12:00:00,27,16.073476,108.207721,paper,59
2025-01-25 12:00:00,28,16.062903,108.218438,organic,77
2025-01-25 12:00:00,29,16.053285,108.243371,metal,67
2025-01-25 12:00:00,30,16.063499,108.229964,organic,67
2025-01-25 12:00:00,31,16.066972,108.218299,plastic,74
2025-01-25 12:00:00,32,16.070944,108.231319,metal,68
2025-01-25 12:00:00,33,16.076459,108.233761,paper,68
2025-01-25 12:00:00,34,16.072907,108.246755,plastic,63
2025-01-25 12:00:00,35,16.045375,108.22192,metal,70
2025-01-25 12:00:00,36,16.060902,108.22837,paper,74
2025-01-25 12:00:00,37,16.07822,108.209445,organic,62
2025-01-25 12:00:00,38,16.047819,108.246602,metal,67
2025-01-25 12:00:00,39,16.078971,108.204843,paper,68
2025-01-25 12:00:00,40,16.056528,108.249324,plastic,59
2025-01-25 12:00:00,41,16.047893,108.202008,plastic,72
2025-01-25 12:00:00,42,16.077701,108.249977,metal,73
2025-01-25 12:00:00,43,16.051199,108.201983,paper,69
2025-01-25 12:00:00,44,16.068533,108.233936,metal,74
2025-01-25 12:00:00,45,16.045424,108.204301,metal,62
2025-01-25 12:00:00,46,16.054592,108.243394,paper,62
2025-01-25 12:00:00,47,16.063694,108.20329,organic,63
2025-01-25 12:00:00,48,16.077311,108.241461,plastic,62
2025-01-25 12:00:00,49,16.062219,108.22665,paper,59
2025-01-25 18:00:00,0,16.049349,108.232447,paper,65
2025-01-25 18:00:00,1,16.051655,108.24612,paper,83
2025-01-25 18:00:00,2,16.07394,108.200535,plastic,71
2025-01-25 18:00:00,3,16.075408,108.210351,plastic,71
2025-01-25 18:00:00,4,16.052504,108.231602,metal,76
2025-01-25 18:00:00,5,16.060616,108.222433,organic,72
2025-01-25 18:00:00,6,16.051045,108.230157,organic,83
2025-01-25 18:00:00,7,16.061203,108.245478,paper,65
2025-01-25 18:00:00,8,16.060947,108.242048,organic,64
2025-01-25 18:00:00,9,16.076918,108.240417,metal,68
2025-01-25 18:00:00,10,16.050022,108.229231,paper,74
2025-01-25 18:00:00,11,16.072936,108.228415,plastic,70
2025-01-25 18:00:00,12,16.075616,108.243493,organic,82
2025-01-25 18:00:00,13,16.060528,108.241418,paper,65
2025-01-25 18:00:00,14,16.048051,108.222369,organic,76
2025-01-25 18:00:00,15,16.078301,108.209883,plastic,67
2025-01-25 18:00:00,16,16.073661,108.207305,metal,69
2025-01-25 18:00:00,17,16.061932,108.205372,organic,70
2025-01-25 18:00:00,18,16.049558,108.232641,metal,73
2025-01-25 18:00:00,19,16.040552,108.234367,metal,80
2025-01-25 18:00:00,20,16.040558,108.202618,metal,69
2025-01-25 18:00:00,21,16.040312,108.21319,metal,68
2025-01-25 18:00:00,22,16.053302,108.206434,plastic,67
2025-01-25 18:00:00,23,16.066687,108.24606,metal,73
2025-01-25 18:00:00,24,16.075745,108.212543,metal,71
2025-01-25 18:00:00,25,16.069915,108.229101,organic,67
2025-01-25 18:00:00,26,16.054459,108.233217,plastic,78
2025-01-25 18:00:00,27,16.073476,108.207721,paper,67
2025-01-25 18:00:00,28,16.062903,108.218438,organic,69
2025-01-25 18:00:00,29,16.053285,108.243371,metal,67
2025-01-25 18:00:00,30,16.063499,108.229964,organic,74
2025-01-25 18:00:00,31,16.066972,108.218299,plastic,70
2025-01-25 18:00:00,32,16.070944,108.231319,metal,66
2025-01-25 18:00:00,33,16.076459,108.233761,paper,63
2025-01-25 18:00:00,34,16.072907,108.246755,plastic,80
2025-01-25 18:00:00,35,16.045375,108.22192,metal,63
2025-01-25 18:00:00,36,16.060902,108.22837,paper,68
2025-01-25 18:00:00,37,16.07822,108.209445,organic,63
2025-01-25 18:00:00,38,16.047819,108.246602,metal,68
2025-01-25 18:00:00,39,16.078971,108.204843,paper,73
2025-01-25 18:00:00,40,16.056528,108.249324,plastic,63
2025-01-25 18:00:00,41,16.047893,108.202008,plastic,68
2025-01-25 18:00:00,42,16.077701,108.249977,metal,74
2025-01-25 18:00:00,43,16.051199,108.201983,paper,73
2025-01-25 18:00:00,44,16.068533,108.233936,metal,63
2025-01-25 18:00:00,45,16.045424,108.204301,metal,63
2025-01-25 18:00:00,46,16.054592,108.243394,paper,75
2025-01-25 18:00:00,47,16.063694,108.20329,organic,71
2025-01-25 18:00:00,48,16.077311,108.241461,plastic,81
2025-01-25 18:00:00,49,16.062219,108.22665,paper,71
2025-01-26 00:00:00,0,16.049349,108.232447,paper,56
2025-01-26 00:00:00,1,16.051655,108.24612,paper,62
2025-01-26 00:00:00,2,16.07394,108.200535,plastic,62
2025-01-26 00:00:00,3,16.075408,108.210351,plastic,57
2025-01-26 00:00:00,4,16.052504,108.231602,metal,64
2025-01-26 00:00:00,5,16.060616,108.222433,organic,56
2025-01-26 00:00:00,6,16.051045,108.230157,organic,61
2025-01-26 00:00:00,7,16.061203,108.245478,paper,64
2025-01-26 00:00:00,8,16.060947,108.242048,organic,58
2025-01-26 00:00:00,9,16.076918,108.240417,metal,69
2025-01-26 00:00:00,10,16.050022,108.229231,paper,61
2025-01-26 00:00:00,11,16.072936,108.228415,plastic,63
2025-01-26 00:00:00,12,16.075616,108.243493,organic,67
2025-01-26 00:00:00,13,16.060528,108.241418,paper,65
2025-01-26 00:00:00,14,16.048051,108.222369,organic,56
2025-01-26 00:00:00,15,16.078301,108.209883,plastic,69
2025-01-26 00:00:00,16,16.073661,108.207305,metal,59
2025-01-26 00:00:00,17,16.061932,108.205372,organic,50
2025-01-26 00:00:00,18,16.049558,108.232641,metal,58
2025-01-26 00:00:00,19,16.040552,108.234367,metal,68
2025-01-26 00:00:00,20,16.040558,108.202618,metal,62
2025-01-26 00:00:00,21,16.040312,108.21319,metal,55
2025-01-26 00:00:00,22,16.053302,108.206434,plastic,68
2025-01-26 00:00:00,23,16.066687,108.24606,metal,59
2025-01-26 00:00:00,24,16.075745,108.212543,metal,67
2025-01-26 00:00:00,25,16.069915,108.229101,organic,53
2025-01-26 00:00:00,26,16.054459,108.233217,plastic,63
2025-01-26 00:00:00,27,16.073476,108.207721,paper,60
2025-01-26 00:00:00,28,16.062903,108.218438,organic,68
2025-01-26 00:00:00,29,16.053285,108.243371,metal,59
2025-01-26 00:00:00,30,16.063499,108.229964,organic,52
2025-01-26 00:00:00,31,16.066972,108.218299,plastic,62
2025-01-26 00:00:00,32,16.070944,108.231319,metal,62
2025-01-26 00:00:00,33,16.076459,108.233761,paper,67
2025-01-26 00:00:00,34,16.072907,108.246755,plastic,70
2025-01-26 00:00:00,35,16.045375,108.22192,metal,63
2025-01-26 00:00:00,36,16.060902,108.22837,paper,60
2025-01-26 00:00:00,37,16.07822,108.209445,organic,58
2025-01-26 00:00:00,38,16.047819,108.246602,metal,67
2025-01-26 00:00:00,39,16.078971,108.204843,paper,70
2025-01-26 00:00:00,40,16.056528,108.249324,plastic,68
2025-01-26 00:00:00,41,16.047893,108.202008,plastic,54
2025-01-26 00:00:00,42,16.077701,108.249977,metal,65
2025-01-26 00:00:00,43,16.051199,108.201983,paper,52
2025-01-26 00:00:00,44,16.068533,108.233936,metal,52
2025-01-26 00:00:00,45,16.045424,108.204301,metal,64
2025-01-26 00:00:00,46,16.054592,108.243394,paper,58
2025-01-26 00:00:00,47,16.063694,108.20329,organic,62
2025-01-26 00:00:00,48,16.077311,108.241461,plastic,55
2025-01-26 00:00:00,49,16.062219,108.22665,paper,52
2025-01-26 06:00:00,0,16.049349,108.232447,paper,56
2025-01-26 06:00:00,1,16.051655,108.24612,paper,75
2025-01-26 06:00:00,2,16.07394,108.200535,plastic,74
2025-01-26 06:00:00,3,16.075408,108.210351,plastic,66
2025-01-26 06:00:00,4,16.052504,108.231602,metal,69
2025-01-26 06:00:00,5,16.060616,108.222433,organic,55
2025-01-26 06:00:00,6,16.051045,108.230157,organic,73
2025-01-26 06:00:00,7,16.061203,108.245478,paper,67
2025-01-26 06:00:00,8,16.060947,108.242048,organic,56
2025-01-26 06:00:00,9,16.076918,108.240417,metal,57
2025-01-26 06:00:00,10,16.050022,108.229231,paper,69
2025-01-26 06:00:00,11,16.072936,108.228415,plastic,59
2025-01-26 06:00:00,12,16.075616,108.243493,organic,71
2025-01-26 06:00:00,13,16.060528,108.241418,paper,71
2025-01-26 06:00:00,14,16.048051,108.222369,organic,67
2025-01-26 06:00:00,15,16.078301,108.209883,plastic,59
2025-01-26 06:00:00,16,16.073661,108.207305,metal,73
2025-01-26 06:00:00,17,16.061932,108.205372,organic,73
2025-01-26 06:00:00,18,16.049558,108.232641,metal,56
2025-01-26 06:00:00,19,16.040552,108.234367,metal,67
2025-01-26 06:00:00,20,16.040558,108.202618,metal,75
2025-01-26 06:00:00,21,16.040312,108.21319,metal,75
2025-01-26 06:00:00,22,16.053302,108.206434,plastic,58
2025-01-26 06:00:00,23,16.066687,108.24606,metal,64
2025-01-26 06:00:00,24,16.075745,108.212543,metal,61
2025-01-26 06:00:00,25,16.069915,108.229101,organic,74
2025-01-26 06:00:00,26,16.054459,108.233217,plastic,67
2025-01-26 06:00:00,27,16.073476,108.207721,paper,68
2025-01-26 06:00:00,28,16.062903,108.218438,organic,64
2025-01-26 06:00:00,29,16.053285,108.243371,metal,75
2025-01-26 06:00:00,30,16.063499,108.229964,organic,64
2025-01-26 06:00:00,31,16.066972,108.218299,plastic,70
2025-01-26 06:00:00,32,16.070944,108.231319,metal,67
2025-01-26 06:00:00,33,16.076459,108.233761,paper,63
2025-01-26 06:00:00,34,16.072907,108.246755,plastic,61
2025-01-26 06:00:00,35,16.045375,108.22192,metal,68
2025-01-26 06:00:00,36,16.060902,108.22837,paper,56
2025-01-26 06:00:00,37,16.07822,108.209445,organic,57
2025-01-26 06:00:00,38,16.047819,108.246602,metal,67
2025-01-26 06:00:00,39,16.078971,108.204843,paper,61
2025-01-26 06:00:00,40,16.056528,108.249324,plastic,66
2025-01-26 06:00:00,41,16.047893,108.202008,plastic,66
2025-01-26 06:00:00,42,16.077701,108.249977,metal,70
2025-01-26 06:00:00,43,16.051199,108.201983,paper,56
2025-01-26 06:00:00,44,16.068533,108.233936,metal,64
2025-01-26 06:00:00,45,16.045424,108.204301,metal,65
2025-01-26 06:00:00,46,16.054592,108.243394,paper,69
2025-01-26 06:00:00,47,16.063694,108.20329,organic,71
2025-01-26 06:00:00,48,16.077311,108.241461,plastic,57
2025-01-26 06:00:00,49,16.062219,108.22665,paper,56
2025-01-26 12:00:00,0,16.049349,108.232447,paper,76
2025-01-26 12:00:00,1,16.051655,108.24612,paper,64
2025-01-26 12:00:00,2,16.07394,108.200535,plastic,61
2025-01-26 12:00:00,3,16.075408,108.210351,plastic,66
2025-01-26 12:00:00,4,16.052504,108.231602,metal,69
2025-01-26 12:00:00,5,16.060616,108.222433,organic,70
2025-01-26 12:00:00,6,16.051045,108.230157,organic,77
2025-01-26 12:00:00,7,16.061203,108.245478,paper,70
2025-01-26 12:00:00,8,16.060947,108.242048,organic,75
2025-01-26 12:00:00,9,16.076918,108.240417,metal,63
2025-01-26 12:00:00,10,16.050022,108.229231,paper,70
2025-01-26 12:00:00,11,16.072936,108.228415,plastic,73
2025-01-26 12:00:00,12,16.075616,108.243493,organic,69
2025-01-26 12:00:00,13,16.060528,108.241418,paper,69
2025-01-26 12:00:00,14,16.048051,108.222369,organic,77
2025-01-26 12:00:00,15,16.078301,108.209883,plastic,72
2025-01-26 12:00:00,16,16.073661,108.207305,metal,74
2025-01-26 12:00:00,17,16.061932,108.205372,organic,71
2025-01-26 12:00:00,18,16.049558,108.232641,metal,73
2025-01-26 12:00:00,19,16.040552,108.234367,metal,77
2025-01-26 12:00:00,20,16.040558,108.202618,metal,64
2025-01-26 12:00:00,21,16.040312,108.21319,metal,70
2025-01-26 12:00:00,22,16.053302,108.206434,plastic,71
2025-01-26 12:00:00,23,16.066687,108.24606,metal,68
2025-01-26 12:00:00,24,16.075745,108.212543,metal,76
2025-01-26 12:00:00,25,16.069915,108.229101,organic,72
2025-01-26 12:00:00,26,16.054459,108.233217,plastic,69
2025-01-26 12:00:00,27,16.073476,108.207721,paper,72
2025-01-26 12:00:00,28,16.062903,108.218438,organic,73
2025-01-26 12:00:00,29,16.053285,108.243371,metal,80
2025-01-26 12:00:00,30,16.063499,108.229964,organic,75
2025-01-26 12:00:00,31,16.066972,108.218299,plastic,62
2025-01-26 12:00:00,32,16.070944,108.231319,metal,62
2025-01-26 12:00:00,33,16.076459,108.233761,paper,63
2025-01-26 12:00:00,34,16.072907,108.246755,plastic,73
2025-01-26 12:00:00,35,16.045375,108.22192,metal,74
2025-01-26 12:00:00,36,16.060902,108.22837,paper,69
2025-01-26 12:00:00,37,16.07822,108.209445,organic,63
2025-01-26 12:00:00,38,16.047819,108.246602,metal,79
2025-01-26 12:00:00,39,16.078971,108.204843,paper,73
2025-01-26 12:00:00,40,16.056528,108.249324,plastic,66
2025-01-26 12:00:00,41,16.047893,108.202008,plastic,76
2025-01-26 12:00:00,42,16.077701,108.249977,metal,77
2025-01-26 12:00:00,43,16.051199,108.201983,paper,73
2025-01-26 12:00:00,44,16.068533,108.233936,metal,77
2025-01-26 12:00:00,45,16.045424,108.204301,metal,67
2025-01-26 12:00:00,46,16.054592,108.243394,paper,67
2025-01-26 12:00:00,47,16.063694,108.20329,organic,78
2025-01-26 12:00:00,48,16.077311,108.241461,plastic,80
2025-01-26 12:00:00,49,16.062219,108.22665,paper,65
2025-01-26 18:00:00,0,16.049349,108.232447,paper,74
2025-01-26 18:00:00,1,16.051655,108.24612,paper,78
2025-01-26 18:00:00,2,16.07394,108.200535,plastic,77
2025-01-26 18:00:00,3,16.075408,108.210351,plastic,69
2025-01-26 18:00:00,4,16.052504,108.231602,metal,66
2025-01-26 18:00:00,5,16.060616,108.222433,organic,75
2025-01-26 18:00:00,6,16.051045,108.230157,organic,69
2025-01-26 18:00:00,7,16.061203,108.245478,paper,76
2025-01-26 18:00:00,8,16.060947,108.242048,organic,82
2025-01-26 18:00:00,9,16.076918,108.240417,metal,77
2025-01-26 18:00:00,10,16.050022,108.229231,paper,67
2025-01-26 18:00:00,11,16.072936,108.228415,plastic,79
2025-01-26 18:00:00,12,16.075616,108.243493,organic,85
2025-01-26 18:00:00,13,16.060528,108.241418,paper,82
2025-01-26 18:00:00,14,16.048051,108.222369,organic,83
2025-01-26 18:00:00,15,16.078301,108.209883,plastic,71
2025-01-26 18:00:00,16,16.073661,108.207305,metal,71
2025-01-26 18:00:00,17,16.061932,108.205372,organic,66
2025-01-26 18:00:00,18,16.049558,108.232641,metal,74
2025-01-26 18:00:00,19,16.040552,108.234367,metal,77
2025-01-26 18:00:00,20,16.040558,108.202618,metal,81
2025-01-26 18:00:00,21,16.040312,108.21319,metal,84
2025-01-26 18:00:00,22,16.053302,108.206434,plastic,73
2025-01-26 18:00:00,23,16.066687,108.24606,metal,72
2025-01-26 18:00:00,24,16.075745,108.212543,metal,70
2025-01-26 18:00:00,25,16.069915,108.229101,organic,82
2025-01-26 18:00:00,26,16.054459,108.233217,plastic,67
2025-01-26 18:00:00,27,16.073476,108.207721,paper,75
2025-01-26 18:00:00,28,16.062903,108.218438,organic,71
2025-01-26 18:00:00,29,16.053285,108.243371,metal,77
2025-01-26 18:00:00,30,16.063499,108.229964,organic,80
2025-01-26 18:00:00,31,16.066972,108.218299,plastic,67
2025-01-26 18:00:00,32,16.070944,108.231319,metal,75
2025-01-26 18:00:00,33,16.076459,108.233761,paper,81
2025-01-26 18:00:00,34,16.072907,108.246755,plastic,85
2025-01-26 18:00:00,35,16.045375,108.22192,metal,67
2025-01-26 18:00:00,36,16.060902,108.22837,paper,71
2025-01-26 18:00:00,37,16.07822,108.209445,organic,71
2025-01-26 18:00:00,38,16.047819,108.246602,metal,79
2025-01-26 18:00:00,39,16.078971,108.204843,paper,75
2025-01-26 18:00:00,40,16.056528,108.249324,plastic,70
2025-01-26 18:00:00,41,16.047893,108.202008,plastic,71
2025-01-26 18:00:00,42,16.077701,108.249977,metal,68
2025-01-26 18:00:00,43,16.051199,108.201983,paper,73
2025-01-26 18:00:00,44,16.068533,108.233936,metal,75
2025-01-26 18:00:00,45,16.045424,108.204301,metal,77
2025-01-26 18:00:00,46,16.054592,108.243394,paper,69
2025-01-26 18:00:00,47,16.063694,108.20329,organic,85
2025-01-26 18:00:00,48,16.077311,108.241461,plastic,65
2025-01-26 18:00:00,49,16.062219,108.22665,paper,74
2025-01-27 00:00:00,0,16.049349,108.232447,paper,57
2025-01-27 00:00:00,1,16.051655,108.24612,paper,63
2025-01-27 00:00:00,2,16.07394,108.200535,plastic,67
2025-01-27 00:00:00,3,16.075408,108.210351,plastic,55
2025-01-27 00:00:00,4,16.052504,108.231602,metal,71
2025-01-27 00:00:00,5,16.060616,108.222433,organic,66
2025-01-27 00:00:00,6,16.051045,108.230157,organic,58
2025-01-27 00:00:00,7,16.061203,108.245478,paper,56
2025-01-27 00:00:00,8,16.060947,108.242048,organic,66
2025-01-27 00:00:00,9,16.076918,108.240417,metal,56
2025-01-27 00:00:00,10,16.050022,108.229231,paper,56
2025-01-27 00:00:00,11,16.072936,108.228415,plastic,67
2025-01-27 00:00:00,12,16.075616,108.243493,organic,63
2025-01-27 00:00:00,13,16.060528,108.241418,paper,55
2025-01-27 00:00:00,14,16.048051,108.222369,organic,53
2025-01-27 00:00:00,15,16.078301,108.209883,plastic,64
2025-01-27 00:00:00,16,16.073661,108.207305,metal,60
2025-01-27 00:00:00,17,16.061932,108.205372,organic,60
2025-01-27 00:00:00,18,16.049558,108.232641,metal,67
2025-01-27 00:00:00,19,16.040552,108.234367,metal,57
2025-01-27 00:00:00,20,16.040558,108.202618,metal,52
2025-01-27 00:00:00,21,16.040312,108.21319,metal,60
2025-01-27 00:00:00,22,16.053302,108.206434,plastic,64
2025-01-27 00:00:00,23,16.066687,108.24606,metal,55
2025-01-27 00:00:00,24,16.075745,108.212543,metal,58
2025-01-27 00:00:00,25,16.069915,108.229101,organic,66
2025-01-27 00:00:00,26,16.054459,108.233217,plastic,60
2025-01-27 00:00:00,27,16.073476,108.207721,paper,64
2025-01-27 00:00:00,28,16.062903,108.218438,organic,59
2025-01-27 00:00:00,29,16.053285,108.243371,metal,55
2025-01-27 00:00:00,30,16.063499,108.229964,organic,69
2025-01-27 00:00:00,31,16.066972,108.218299,plastic,55
2025-01-27 00:00:00,32,16.070944,108.231319,metal,56
2025-01-27 00:00:00,33,16.076459,108.233761,paper,59
2025-01-27 00:00:00,34,16.072907,108.246755,plastic,61
2025-01-27 00:00:00,35,16.045375,108.22192,metal,71
2025-01-27 00:00:00,36,16.060902,108.22837,paper,70
2025-01-27 00:00:00,37,16.07822,108.209445,organic,54
2025-01-27 00:00:00,38,16.047819,108.246602,metal,54
2025-01-27 00:00:00,39,16.078971,108.204843,paper,70
2025-01-27 00:00:00,40,16.056528,108.249324,plastic,56
2025-01-27 00:00:00,41,16.047893,108.202008,plastic,64
2025-01-27 00:00:00,42,16.077701,108.249977,metal,64
2025-01-27 00:00:00,43,16.051199,108.201983,paper,52
2025-01-27 00:00:00,44,16.068533,108.233936,metal,67
2025-01-27 00:00:00,45,16.045424,108.204301,metal,65
2025-01-27 00:00:00,46,16.054592,108.243394,paper,71
2025-01-27 00:00:00,47,16.063694,108.20329,organic,54
2025-01-27 00:00:00,48,16.077311,108.241461,plastic,67
2025-01-27 00:00:00,49,16.062219,108.22665,paper,65
2025-01-27 06:00:00,0,16.049349,108.232447,paper,70
2025-01-27 06:00:00,1,16.051655,108.24612,paper,67
2025-01-27 06:00:00,2,16.07394,108.200535,plastic,77
2025-01-27 06:00:00,3,16.075408,108.210351,plastic,61
2025-01-27 06:00:00,4,16.052504,108.231602,metal,70
2025-01-27 06:00:00,5,16.060616,108.222433,organic,60
2025-01-27 06:00:00,6,16.051045,108.230157,organic,70
2025-01-27 06:00:00,7,16.061203,108.245478,paper,66
2025-01-27 06:00:00,8,16.060947,108.242048,organic,62
2025-01-27 06:00:00,9,16.076918,108.240417,metal,59
2025-01-27 06:00:00,10,16.050022,108.229231,paper,75
2025-01-27 06:00:00,11,16.072936,108.228415,plastic,57
2025-01-27 06:00:00,12,16.075616,108.243493,organic,65
2025-01-27 06:00:00,13,16.060528,108.241418,paper,77
2025-01-27 06:00:00,14,16.048051,108.222369,organic,70
2025-01-27 06:00:00,15,16.078301,108.209883,plastic,65
2025-01-27 06:00:00,16,16.073661,108.207305,metal,65
2025-01-27 06:00:00,17,16.061932,108.205372,organic,59
2025-01-27 06:00:00,18,16.049558,108.232641,metal,60
2025-01-27 06:00:00,19,16.040552,108.234367,metal,70
2025-01-27 06:00:00,20,16.040558,108.202618,metal,61
2025-01-27 06:00:00,21,16.040312,108.21319,metal,62
2025-01-27 06:00:00,22,16.053302,108.206434,plastic,75
2025-01-27 06:00:00,23,16.066687,108.24606,metal,63
2025-01-27 06:00:00,24,16.075745,108.212543,metal,60
2025-01-27 06:00:00,25,16.069915,108.229101,organic,62
2025-01-27 06:00:00,26,16.054459,108.233217,plastic,72
2025-01-27 06:00:00,27,16.073476,108.207721,paper,73
2025-01-27 06:00:00,28,16.062903,108.218438,organic,74
2025-01-27 06:00:00,29,16.053285,108.243371,metal,63
2025-01-27 06:00:00,30,16.063499,108.229964,organic,61
2025-01-27 06:00:00,31,16.066972,108.218299,plastic,75
2025-01-27 06:00:00,32,16.070944,108.231319,metal,62
2025-01-27 06:00:00,33,16.076459,108.233761,paper,77
2025-01-27 06:00:00,34,16.072907,108.246755,plastic,63
2025-01-27 06:00:00,35,16.045375,108.22192,metal,74
2025-01-27 06:00:00,36,16.060902,108.22837,paper,66
2025-01-27 06:00:00,37,16.07822,108.209445,organic,70
2025-01-27 06:00:00,38,16.047819,108.246602,metal,72
2025-01-27 06:00:00,39,16.078971,108.204843,paper,68
2025-01-27 06:00:00,40,16.056528,108.249324,plastic,64
2025-01-27 06:00:00,41,16.047893,108.202008,plastic,77
2025-01-27 06:00:00,42,16.077701,108.249977,metal,74
2025-01-27 06:00:00,43,16.051199,108.201983,paper,58
2025-01-27 06:00:00,44,16.068533,108.233936,metal,73
2025-01-27 06:00:00,45,16.045424,108.204301,metal,75
2025-01-27 06:00:00,46,16.054592,108.243394,paper,72
2025-01-27 06:00:00,47,16.063694,108.20329,organic,59
2025-01-27 06:00:00,48,16.077311,108.241461,plastic,75
2025-01-27 06:00:00,49,16.062219,108.22665,paper,71
2025-01-27 12:00:00,0,16.049349,108.232447,paper,66
2025-01-27 12:00:00,1,16.051655,108.24612,paper,77
2025-01-27 12:00:00,2,16.07394,108.200535,plastic,63
2025-01-27 12:00:00,3,16.075408,108.210351,plastic,73
2025-01-27 12:00:00,4,16.052504,108.231602,metal,62
2025-01-27 12:00:00,5,16.060616,108.222433,organic,71
2025-01-27 12:00:00,6,16.051045,108.230157,organic,76
2025-01-27 12:00:00,7,16.061203,108.245478,paper,76
2025-01-27 12:00:00,8,16.060947,108.242048,organic,70
2025-01-27 12:00:00,9,16.076918,108.240417,metal,63
2025-01-27 12:00:00,10,16.050022,108.229231,paper,71
2025-01-27 12:00:00,11,16.072936,108.228415,plastic,82
2025-01-27 12:00:00,12,16.075616,108.243493,organic,73
2025-01-27 12:00:00,13,16.060528,108.241418,paper,71
2025-01-27 12:00:00,14,16.048051,108.222369,organic,62
2025-01-27 12:00:00,15,16.078301,108.209883,plastic,73
2025-01-27 12:00:00,16,16.073661,108.207305,metal,66
2025-01-27 12:00:00,17,16.061932,108.205372,organic,72
2025-01-27 12:00:00,18,16.049558,108.232641,metal,72
2025-01-27 12:00:00,19,16.040552,108.234367,metal,66
2025-01-27 12:00:00,20,16.040558,108.202618,metal,76
2025-01-27 12:00:00,21,16.040312,108.21319,metal,77
2025-01-27 12:00:00,22,16.053302,108.206434,plastic,78
2025-01-27 12:00:00,23,16.066687,108.24606,metal,71
2025-01-27 12:00:00,24,16.075745,108.212543,metal,80
2025-01-27 12:00:00,25,16.069915,108.229101,organic,73
2025-01-27 12:00:00,26,16.054459,108.233217,plastic,73
2025-01-27 12:00:00,27,16.073476,108.207721,paper,76
2025-01-27 12:00:00,28,16.062903,108.218438,organic,80
2025-01-27 12:00:00,29,16.053285,108.243371,metal,71
2025-01-27 12:00:00,30,16.063499,108.229964,organic,70
2025-01-27 12:00:00,31,16.066972,108.218299,plastic,68
2025-01-27 12:00:00,32,16.070944,108.231319,metal,71
2025-01-27 12:00:00,33,16.076459,108.233761,paper,64
2025-01-27 12:00:00,34,16.072907,108.246755,plastic,78
2025-01-27 12:00:00,35,16.045375,108.22192,metal,75
2025-01-27 12:00:00,36,16.060902,108.22837,paper,67
2025-01-27 12:00:00,37,16.07822,108.209445,organic,82
2025-01-27 12:00:00,38,16.047819,108.246602,metal,73
2025-01-27 12:00:00,39,16.078971,108.204843,paper,65
2025-01-27 12:00:00,40,16.056528,108.249324,plastic,79
2025-01-27 12:00:00,41,16.047893,108.202008,plastic,70
2025-01-27 12:00:00,42,16.077701,108.249977,metal,79
2025-01-27 12:00:00,43,16.051199,108.201983,paper,76
2025-01-27 12:00:00,44,16.068533,108.233936,metal,71
2025-01-27 12:00:00,45,16.045424,108.204301,metal,76
2025-01-27 12:00:00,46,16.054592,108.243394,paper,68
2025-01-27 12:00:00,47,16.063694,108.20329,organic,70
2025-01-27 12:00:00,48,16.077311,108.241461,plastic,77
2025-01-27 12:00:00,49,16.062219,108.22665,paper,66
2025-01-27 18:00:00,0,16.049349,108.232447,paper,69
2025-01-27 18:00:00,1,16.051655,108.24612,paper,69
2025-01-27 18:00:00,2,16.07394,108.200535,plastic,75
2025-01-27 18:00:00,3,16.075408,108.210351,plastic,82
2025-01-27 18:00:00,4,16.052504,108.231602,metal,83
2025-01-27 18:00:00,5,16.060616,108.222433,organic,82
2025-01-27 18:00:00,6,16.051045,108.230157,organic,79
2025-01-27 18:00:00,7,16.061203,108.245478,paper,76
2025-01-27 18:00:00,8,16.060947,108.242048,organic,67
2025-01-27 18:00:00,9,16.076918,108.240417,metal,73
2025-01-27 18:00:00,10,16.050022,108.229231,paper,81
2025-01-27 18:00:00,11,16.072936,108.228415,plastic,83
2025-01-27 18:00:00,12,16.075616,108.243493,organic,73
2025-01-27 18:00:00,13,16.060528,108.241418,paper,72
2025-01-27 18:00:00,14,16.048051,108.222369,organic,85
2025-01-27 18:00:00,15,16.078301,108.209883,plastic,87
2025-01-27 18:00:00,16,16.073661,108.207305,metal,70
2025-01-27 18:00:00,17,16.061932,108.205372,organic,70
2025-01-27 18:00:00,18,16.049558,108.232641,metal,74
2025-01-27 18:00:00,19,16.040552,108.234367,metal,83
2025-01-27 18:00:00,20,16.040558,108.202618,metal,72
2025-01-27 18:00:00,21,16.040312,108.21319,metal,81
2025-01-27 18:00:00,22,16.053302,108.206434,plastic,81
2025-01-27 18:00:00,23,16.066687,108.24606,metal,86
2025-01-27 18:00:00,24,16.075745,108.212543,metal,68
2025-01-27 18:00:00,25,16.069915,108.229101,organic,86
2025-01-27 18:00:00,26,16.054459,108.233217,plastic,73
2025-01-27 18:00:00,27,16.073476,108.207721,paper,68
2025-01-27 18:00:00,28,16.062903,108.218438,organic,71
2025-01-27 18:00:00,29,16.053285,108.243371,metal,84
2025-01-27 18:00:00,30,16.063499,108.229964,organic,73
2025-01-27 18:00:00,31,16.066972,108.218299,plastic,70
2025-01-27 18:00:00,32,16.070944,108.231319,metal,73
2025-01-27 18:00:00,33,16.076459,108.233761,paper,69
2025-01-27 18:00:00,34,16.072907,108.246755,plastic,77
2025-01-27 18:00:00,35,16.045375,108.22192,metal,78
2025-01-27 18:00:00,36,16.060902,108.22837,paper,83
2025-01-27 18:00:00,37,16.07822,108.209445,organic,77
2025-01-27 18:00:00,38,16.047819,108.246602,metal,69
2025-01-27 18:00:00,39,16.078971,108.204843,paper,76
2025-01-27 18:00:00,40,16.056528,108.249324,plastic,85
2025-01-27 18:00:00,41,16.047893,108.202008,plastic,75
2025-01-27 18:00:00,42,16.077701,108.249977,metal,79
2025-01-27 18:00:00,43,16.051199,108.201983,paper,78
2025-01-27 18:00:00,44,16.068533,108.233936,metal,78
2025-01-27 18:00:00,45,16.045424,108.204301,metal,79
2025-01-27 18:00:00,46,16.054592,108.243394,paper,80
2025-01-27 18:00:00,47,16.063694,108.20329,organic,78
2025-01-27 18:00:00,48,16.077311,108.241461,plastic,84
2025-01-27 18:00:00,49,16.062219,108.22665,paper,85
2025-01-28 00:00:00,0,16.049349,108.232447,paper,55
2025-01-28 00:00:00,1,16.051655,108.24612,paper,71
2025-01-28 00:00:00,2,16.07394,108.200535,plastic,62
2025-01-28 00:00:00,3,16.075408,108.210351,plastic,70
2025-01-28 00:00:00,4,16.052504,108.231602,metal,56
2025-01-28 00:00:00,5,16.060616,108.222433,organic,58
2025-01-28 00:00:00,6,16.051045,108.230157,organic,64
2025-01-28 00:00:00,7,16.061203,108.245478,paper,63
2025-01-28 00:00:00,8,16.060947,108.242048,organic,64
2025-01-28 00:00:00,9,16.076918,108.240417,metal,74
2025-01-28 00:00:00,10,16.050022,108.229231,paper,73
2025-01-28 00:00:00,11,16.072936,108.228415,plastic,73
2025-01-28 00:00:00,12,16.075616,108.243493,organic,65
2025-01-28 00:00:00,13,16.060528,108.241418,paper,57
2025-01-28 00:00:00,14,16.048051,108.222369,organic,68
2025-01-28 00:00:00,15,16.078301,108.209883,plastic,68
2025-01-28 00:00:00,16,16.073661,108.207305,metal,54
2025-01-28 00:00:00,17,16.061932,108.205372,organic,71
2025-01-28 00:00:00,18,16.049558,108.232641,metal,68
2025-01-28 00:00:00,19,16.040552,108.234367,metal,73
2025-01-28 00:00:00,20,16.040558,108.202618,metal,73
2025-01-28 00:00:00,21,16.040312,108.21319,metal,64
2025-01-28 00:00:00,22,16.053302,108.206434,plastic,71
2025-01-28 00:00:00,23,16.066687,108.24606,metal,70
2025-01-28 00:00:00,24,16.075745,108.212543,metal,59
2025-01-28 00:00:00,25,16.069915,108.229101,organic,64
2025-01-28 00:00:00,26,16.054459,108.233217,plastic,72
2025-01-28 00:00:00,27,16.073476,108.207721,paper,60
2025-01-28 00:00:00,28,16.062903,108.218438,organic,72
2025-01-28 00:00:00,29,16.053285,108.243371,metal,71
2025-01-28 00:00:00,30,16.063499,108.229964,organic,73
2025-01-28 00:00:00,31,16.066972,108.218299,plastic,54
2025-01-28 00:00:00,32,16.070944,108.231319,metal,72
2025-01-28 00:00:00,33,16.076459,108.233761,paper,61
2025-01-28 00:00:00,34,16.072907,108.246755,plastic,69
2025-01-28 00:00:00,35,16.045375,108.22192,metal,55
2025-01-28 00:00:00,36,16.060902,108.22837,paper,68
2025-01-28 00:00:00,37,16.07822,108.209445,organic,56
2025-01-28 00:00:00,38,16.047819,108.246602,metal,60
2025-01-28 00:00:00,39,16.078971,108.204843,paper,60
2025-01-28 00:00:00,40,16.056528,108.249324,plastic,55
2025-01-28 00:00:00,41,16.047893,108.202008,plastic,59
2025-01-28 00:00:00,42,16.077701,108.249977,metal,68
2025-01-28 00:00:00,43,16.051199,108.201983,paper,70
2025-01-28 00:00:00,44,16.068533,108.233936,metal,58
2025-01-28 00:00:00,45,16.045424,108.204301,metal,58
2025-01-28 00:00:00,46,16.054592,108.243394,paper,72
2025-01-28 00:00:00,47,16.063694,108.20329,organic,63
2025-01-28 00:00:00,48,16.077311,108.241461,plastic,59
2025-01-28 00:00:00,49,16.062219,108.22665,paper,58
2025-01-28 06:00:00,0,16.049349,108.232447,paper,62
2025-01-28 06:00:00,1,16.051655,108.24612,paper,62
2025-01-28 06:00:00,2,16.07394,108.200535,plastic,70
2025-01-28 06:00:00,3,16.075408,108.210351,plastic,70
2025-01-28 06:00:00,4,16.052504,108.231602,metal,79
2025-01-28 06:00:00,5,16.060616,108.222433,organic,60
2025-01-28 06:00:00,6,16.051045,108.230157,organic,64
2025-01-28 06:00:00,7,16.061203,108.245478,paper,77
2025-01-28 06:00:00,8,16.060947,108.242048,organic,65
2025-01-28 06:00:00,9,16.076918,108.240417,metal,72
2025-01-28 06:00:00,10,16.050022,108.229231,paper,78
2025-01-28 06:00:00,11,16.072936,108.228415,plastic,72
2025-01-28 06:00:00,12,16.075616,108.243493,organic,74
2025-01-28 06:00:00,13,16.060528,108.241418,paper,72
2025-01-28 06:00:00,14,16.048051,108.222369,organic,79
2025-01-28 06:00:00,15,16.078301,108.209883,plastic,73
2025-01-28 06:00:00,16,16.073661,108.207305,metal,59
2025-01-28 06:00:00,17,16.061932,108.205372,organic,76
2025-01-28 06:00:00,18,16.049558,108.232641,metal,70
2025-01-28 06:00:00,19,16.040552,108.234367,metal,73
2025-01-28 06:00:00,20,16.040558,108.202618,metal,61
2025-01-28 06:00:00,21,16.040312,108.21319,metal,78
2025-01-28 06:00:00,22,16.053302,108.206434,plastic,72
2025-01-28 06:00:00,23,16.066687,108.24606,metal,62
2025-01-28 06:00:00,24,16.075745,108.212543,metal,76
2025-01-28 06:00:00,25,16.069915,108.229101,organic,67
2025-01-28 06:00:00,26,16.054459,108.233217,plastic,70
2025-01-28 06:00:00,27,16.073476,108.207721,paper,77
2025-01-28 06:00:00,28,16.062903,108.218438,organic,64
2025-01-28 06:00:00,29,16.053285,108.243371,metal,59
2025-01-28 06:00:00,30,16.063499,108.229964,organic,72
2025-01-28 06:00:00,31,16.066972,108.218299,plastic,70
2025-01-28 06:00:00,32,16.070944,108.231319,metal,73
2025-01-28 06:00:00,33,16.076459,108.233761,paper,61
2025-01-28 06:00:00,34,16.072907,108.246755,plastic,72
2025-01-28 06:00:00,35,16.045375,108.22192,metal,75
2025-01-28 06:00:00,36,16.060902,108.22837,paper,70
2025-01-28 06:00:00,37,16.07822,108.209445,organic,68
2025-01-28 06:00:00,38,16.047819,108.246602,metal,76
2025-01-28 06:00:00,39,16.078971,108.204843,paper,74
2025-01-28 06:00:00,40,16.056528,108.249324,plastic,77
2025-01-28 06:00:00,41,16.047893,108.202008,plastic,71
2025-01-28 06:00:00,42,16.077701,108.249977,metal,79
2025-01-28 06:00:00,43,16.051199,108.201983,paper,66
2025-01-28 06:00:00,44,16.068533,108.233936,metal,63
2025-01-28 06:00:00,45,16.045424,108.204301,metal,67
2025-01-28 06:00:00,46,16.054592,108.243394,paper,62
2025-01-28 06:00:00,47,16.063694,108.20329,organic,62
2025-01-28 06:00:00,48,16.077311,108.241461,plastic,75
2025-01-28 06:00:00,49,16.062219,108.22665,paper,59
2025-01-28 12:00:00,0,16.049349,108.232447,paper,67
2025-01-28 12:00:00,1,16.051655,108.24612,paper,79
2025-01-28 12:00:00,2,16.07394,108.200535,plastic,84
2025-01-28 12:00:00,3,16.075408,108.210351,plastic,66
2025-01-28 12:00:00,4,16.052504,108.231602,metal,84
2025-01-28 12:00:00,5,16.060616,108.222433,organic,79
2025-01-28 12:00:00,6,16.051045,108.230157,organic,80
2025-01-28 12:00:00,7,16.061203,108.245478,paper,78
2025-01-28 12:00:00,8,16.060947,108.242048,organic,81
2025-01-28 12:00:00,9,16.076918,108.240417,metal,70
2025-01-28 12:00:00,10,16.050022,108.229231,paper,74
2025-01-28 12:00:00,11,16.072936,108.228415,plastic,84
2025-01-28 12:00:00,12,16.075616,108.243493,organic,67
2025-01-28 12:00:00,13,16.060528,108.241418,paper,84
2025-01-28 12:00:00,14,16.048051,108.222369,organic,84
2025-01-28 12:00:00,15,16.078301,108.209883,plastic,67
2025-01-28 12:00:00,16,16.073661,108.207305,metal,83
2025-01-28 12:00:00,17,16.061932,108.205372,organic,80
2025-01-28 12:00:00,18,16.049558,108.232641,metal,79
2025-01-28 12:00:00,19,16.040552,108.234367,metal,66
2025-01-28 12:00:00,20,16.040558,108.202618,metal,81
2025-01-28 12:00:00,21,16.040312,108.21319,metal,72
2025-01-28 12:00:00,22,16.053302,108.206434,plastic,73
2025-01-28 12:00:00,23,16.066687,108.24606,metal,78
2025-01-28 12:00:00,24,16.075745,108.212543,metal,82
2025-01-28 12:00:00,25,16.069915,108.229101,organic,76
2025-01-28 12:00:00,26,16.054459,108.233217,plastic,79
2025-01-28 12:00:00,27,16.073476,108.207721,paper,76
2025-01-28 12:00:00,28,16.062903,108.218438,organic,72
2025-01-28 12:00:00,29,16.053285,108.243371,metal,81
2025-01-28 12:00:00,30,16.063499,108.229964,organic,65
2025-01-28 12:00:00,31,16.066972,108.218299,plastic,80
2025-01-28 12:00:00,32,16.070944,108.231319,metal,84
2025-01-28 12:00:00,33,16.076459,108.233761,paper,67
2025-01-28 12:00:00,34,16.072907,108.246755,plastic,66
2025-01-28 12:00:00,35,16.045375,108.22192,metal,81
2025-01-28 12:00:00,36,16.060902,108.22837,paper,79
2025-01-28 12:00:00,37,16.07822,108.209445,organic,71
2025-01-28 12:00:00,38,16.047819,108.246602,metal,75
2025-01-28 12:00:00,39,16.078971,108.204843,paper,65
2025-01-28 12:00:00,40,16.056528,108.249324,plastic,65
2025-01-28 12:00:00,41,16.047893,108.202008,plastic,80
2025-01-28 12:00:00,42,16.077701,108.249977,metal,80
2025-01-28 12:00:00,43,16.051199,108.201983,paper,77
2025-01-28 12:00:00,44,16.068533,108.233936,metal,64
2025-01-28 12:00:00,45,16.045424,108.204301,metal,71
2025-01-28 12:00:00,46,16.054592,108.243394,paper,74
2025-01-28 12:00:00,47,16.063694,108.20329,organic,75
2025-01-28 12:00:00,48,16.077311,108.241461,plastic,64
2025-01-28 12:00:00,49,16.062219,108.22665,paper,71
2025-01-28 18:00:00,0,16.049349,108.232447,paper,85
2025-01-28 18:00:00,1,16.051655,108.24612,paper,82
2025-01-28 18:00:00,2,16.07394,108.200535,plastic,85
2025-01-28 18:00:00,3,16.075408,108.210351,plastic,69
2025-01-28 18:00:00,4,16.052504,108.231602,metal,72
2025-01-28 18:00:00,5,16.060616,108.222433,organic,84
2025-01-28 18:00:00,6,16.051045,108.230157,organic,88
2025-01-28 18:00:00,7,16.061203,108.245478,paper,87
2025-01-28 18:00:00,8,16.060947,108.242048,organic,73
2025-01-28 18:00:00,9,16.076918,108.240417,metal,77
2025-01-28 18:00:00,10,16.050022,108.229231,paper,79
2025-01-28 18:00:00,11,16.072936,108.228415,plastic,87
2025-01-28 18:00:00,12,16.075616,108.243493,organic,80
2025-01-28 18:00:00,13,16.060528,108.241418,paper,82
2025-01-28 18:00:00,14,16.048051,108.222369,organic,88
2025-01-28 18:00:00,15,16.078301,108.209883,plastic,71
2025-01-28 18:00:00,16,16.073661,108.207305,metal,84
2025-01-28 18:00:00,17,16.061932,108.205372,organic,79
2025-01-28 18:00:00,18,16.049558,108.232641,metal,82
2025-01-28 18:00:00,19,16.040552,108.234367,metal,87
2025-01-28 18:00:00,20,16.040558,108.202618,metal,87
2025-01-28 18:00:00,21,16.040312,108.21319,metal,88
2025-01-28 18:00:00,22,16.053302,108.206434,plastic,80
2025-01-28 18:00:00,23,16.066687,108.24606,metal,81
2025-01-28 18:00:00,24,16.075745,108.212543,metal,77
2025-01-28 18:00:00,25,16.069915,108.229101,organic,82
2025-01-28 18:00:00,26,16.054459,108.233217,plastic,76
2025-01-28 18:00:00,27,16.073476,108.207721,paper,88
2025-01-28 18:00:00,28,16.062903,108.218438,organic,78
2025-01-28 18:00:00,29,16.053285,108.243371,metal,88
2025-01-28 18:00:00,30,16.063499,108.229964,organic,83
2025-01-28 18:00:00,31,16.066972,108.218299,plastic,80
2025-01-28 18:00:00,32,16.070944,108.231319,metal,79
2025-01-28 18:00:00,33,16.076459,108.233761,paper,78
2025-01-28 18:00:00,34,16.072907,108.246755,plastic,76
2025-01-28 18:00:00,35,16.045375,108.22192,metal,87
2025-01-28 18:00:00,36,16.060902,108.22837,paper,77
2025-01-28 18:00:00,37,16.07822,108.209445,organic,76
2025-01-28 18:00:00,38,16.047819,108.246602,metal,84
2025-01-28 18:00:00,39,16.078971,108.204843,paper,74
2025-01-28 18:00:00,40,16.056528,108.249324,plastic,71
2025-01-28 18:00:00,41,16.047893,108.202008,plastic,75
2025-01-28 18:00:00,42,16.077701,108.249977,metal,74
2025-01-28 18:00:00,43,16.051199,108.201983,paper,71
2025-01-28 18:00:00,44,16.068533,108.233936,metal,74
2025-01-28 18:00:00,45,16.045424,108.204301,metal,79
2025-01-28 18:00:00,46,16.054592,108.243394,paper,72
2025-01-28 18:00:00,47,16.063694,108.20329,organic,88
2025-01-28 18:00:00,48,16.077311,108.241461,plastic,70
2025-01-28 18:00:00,49,16.062219,108.22665,paper,77
2025-01-29 00:00:00,0,16.049349,108.232447,paper,64
2025-01-29 00:00:00,1,16.051655,108.24612,paper,66
2025-01-29 00:00:00,2,16.07394,108.200535,plastic,74
2025-01-29 00:00:00,3,16.075408,108.210351,plastic,67
2025-01-29 00:00:00,4,16.052504,108.231602,metal,57
2025-01-29 00:00:00,5,16.060616,108.222433,organic,74
2025-01-29 00:00:00,6,16.051045,108.230157,organic,63
2025-01-29 00:00:00,7,16.061203,108.245478,paper,58
2025-01-29 00:00:00,8,16.060947,108.242048,organic,67
2025-01-29 00:00:00,9,16.076918,108.240417,metal,76
2025-01-29 00:00:00,10,16.050022,108.229231,paper,68
2025-01-29 00:00:00,11,16.072936,108.228415,plastic,63
2025-01-29 00:00:00,12,16.075616,108.243493,organic,61
2025-01-29 00:00:00,13,16.060528,108.241418,paper,73
2025-01-29 00:00:00,14,16.048051,108.222369,organic,60
2025-01-29 00:00:00,15,16.078301,108.209883,plastic,66
2025-01-29 00:00:00,16,16.073661,108.207305,metal,69
2025-01-29 00:00:00,17,16.061932,108.205372,organic,72
2025-01-29 00:00:00,18,16.049558,108.232641,metal,60
2025-01-29 00:00:00,19,16.040552,108.234367,metal,62
2025-01-29 00:00:00,20,16.040558,108.202618,metal,73
2025-01-29 00:00:00,21,16.040312,108.21319,metal,76
2025-01-29 00:00:00,22,16.053302,108.206434,plastic,62
2025-01-29 00:00:00,23,16.066687,108.24606,metal,76
2025-01-29 00:00:00,24,16.075745,108.212543,metal,64
2025-01-29 00:00:00,25,16.069915,108.229101,organic,72
2025-01-29 00:00:00,26,16.054459,108.233217,plastic,58
2025-01-29 00:00:00,27,16.073476,108.207721,paper,67
2025-01-29 00:00:00,28,16.062903,108.218438,organic,59
2025-01-29 00:00:00,29,16.053285,108.243371,metal,72
2025-01-29 00:00:00,30,16.063499,108.229964,organic,71
2025-01-29 00:00:00,31,16.066972,108.218299,plastic,61
2025-01-29 00:00:00,32,16.070944,108.231319,metal,57
2025-01-29 00:00:00,33,16.076459,108.233761,paper,63
2025-01-29 00:00:00,34,16.072907,108.246755,plastic,75
2025-01-29 00:00:00,35,16.045375,108.22192,metal,69
2025-01-29 00:00:00,36,16.060902,108.22837,paper,58
2025-01-29 00:00:00,37,16.07822,108.209445,organic,58
2025-01-29 00:00:00,38,16.047819,108.246602,metal,58
2025-01-29 00:00:00,39,16.078971,108.204843,paper,75
2025-01-29 00:00:00,40,16.056528,108.249324,plastic,62
2025-01-29 00:00:00,41,16.047893,108.202008,plastic,68
2025-01-29 00:00:00,42,16.077701,108.249977,metal,70
2025-01-29 00:00:00,43,16.051199,108.201983,paper,75
2025-01-29 00:00:00,44,16.068533,108.233936,metal,66
2025-01-29 00:00:00,45,16.045424,108.204301,metal,76
2025-01-29 00:00:00,46,16.054592,108.243394,paper,66
2025-01-29 00:00:00,47,16.063694,108.20329,organic,73
2025-01-29 00:00:00,48,16.077311,108.241461,plastic,76
2025-01-29 00:00:00,49,16.062219,108.22665,paper,65
2025-01-29 06:00:00,0,16.049349,108.232447,paper,72
2025-01-29 06:00:00,1,16.051655,108.24612,paper,68
2025-01-29 06:00:00,2,16.07394,108.200535,plastic,65
2025-01-29 06:00:00,3,16.075408,108.210351,plastic,74
2025-01-29 06:00:00,4,16.052504,108.231602,metal,76
2025-01-29 06:00:00,5,16.060616,108.222433,organic,78
2025-01-29 06:00:00,6,16.051045,108.230157,organic,79
2025-01-29 06:00:00,7,16.061203,108.245478,paper,77
2025-01-29 06:00:00,8,16.060947,108.242048,organic,73
2025-01-29 06:00:00,9,16.076918,108.240417,metal,74
2025-01-29 06:00:00,10,16.050022,108.229231,paper,66
2025-01-29 06:00:00,11,16.072936,108.228415,plastic,67
2025-01-29 06:00:00,12,16.075616,108.243493,organic,72
2025-01-29 06:00:00,13,16.060528,108.241418,paper,69
2025-01-29 06:00:00,14,16.048051,108.222369,organic,66
2025-01-29 06:00:00,15,16.078301,108.209883,plastic,77
2025-01-29 06:00:00,16,16.073661,108.207305,metal,64
2025-01-29 06:00:00,17,16.061932,108.205372,organic,77
2025-01-29 06:00:00,18,16.049558,108.232641,metal,73
2025-01-29 06:00:00,19,16.040552,108.234367,metal,61
2025-01-29 06:00:00,20,16.040558,108.202618,metal,76
2025-01-29 06:00:00,21,16.040312,108.21319,metal,71
2025-01-29 06:00:00,22,16.053302,108.206434,plastic,66
2025-01-29 06:00:00,23,16.066687,108.24606,metal,72
2025-01-29 06:00:00,24,16.075745,108.212543,metal,78
2025-01-29 06:00:00,25,16.069915,108.229101,organic,71
2025-01-29 06:00:00,26,16.054459,108.233217,plastic,69
2025-01-29 06:00:00,27,16.073476,108.207721,paper,79
2025-01-29 06:00:00,28,16.062903,108.218438,organic,74
2025-01-29 06:00:00,29,16.053285,108.243371,metal,62
2025-01-29 06:00:00,30,16.063499,108.229964,organic,63
2025-01-29 06:00:00,31,16.066972,108.218299,plastic,61
2025-01-29 06:00:00,32,16.070944,108.231319,metal,68
2025-01-29 06:00:00,33,16.076459,108.233761,paper,66
2025-01-29 06:00:00,34,16.072907,108.246755,plastic,81
2025-01-29 06:00:00,35,16.045375,108.22192,metal,70
2025-01-29 06:00:00,36,16.060902,108.22837,paper,71
2025-01-29 06:00:00,37,16.07822,108.209445,organic,71
2025-01-29 06:00:00,38,16.047819,108.246602,metal,77
2025-01-29 06:00:00,39,16.078971,108.204843,paper,74
2025-01-29 06:00:00,40,16.056528,108.249324,plastic,61
2025-01-29 06:00:00,41,16.047893,108.202008,plastic,77
2025-01-29 06:00:00,42,16.077701,108.249977,metal,72
2025-01-29 06:00:00,43,16.051199,108.201983,paper,68
2025-01-29 06:00:00,44,16.068533,108.233936,metal,73
2025-01-29 06:00:00,45,16.045424,108.204301,metal,68
2025-01-29 06:00:00,46,16.054592,108.243394,paper,72
2025-01-29 06:00:00,47,16.063694,108.20329,organic,62
2025-01-29 06:00:00,48,16.077311,108.241461,plastic,81
2025-01-29 06:00:00,49,16.062219,108.22665,paper,67
2025-01-29 12:00:00,0,16.049349,108.232447,paper,81
2025-01-29 12:00:00,1,16.051655,108.24612,paper,72
2025-01-29 12:00:00,2,16.07394,108.200535,plastic,74
2025-01-29 12:00:00,3,16.075408,108.210351,plastic,78
2025-01-29 12:00:00,4,16.052504,108.231602,metal,71
2025-01-29 12:00:00,5,16.060616,108.222433,organic,86
2025-01-29 12:00:00,6,16.051045,108.230157,organic,74
2025-01-29 12:00:00,7,16.061203,108.245478,paper,72
2025-01-29 12:00:00,8,16.060947,108.242048,organic,67
2025-01-29 12:00:00,9,16.076918,108.240417,metal,67
2025-01-29 12:00:00,10,16.050022,108.229231,paper,66
2025-01-29 12:00:00,11,16.072936,108.228415,plastic,84
2025-01-29 12:00:00,12,16.075616,108.243493,organic,72
2025-01-29 12:00:00,13,16.060528,108.241418,paper,67
2025-01-29 12:00:00,14,16.048051,108.222369,organic,78
2025-01-29 12:00:00,15,16.078301,108.209883,plastic,77
2025-01-29 12:00:00,16,16.073661,108.207305,metal,75
2025-01-29 12:00:00,17,16.061932,108.205372,organic,86
2025-01-29 12:00:00,18,16.049558,108.232641,metal,81
2025-01-29 12:00:00,19,16.040552,108.234367,metal,84
2025-01-29 12:00:00,20,16.040558,108.202618,metal,74
2025-01-29 12:00:00,21,16.040312,108.21319,metal,69
2025-01-29 12:00:00,22,16.053302,108.206434,plastic,85
2025-01-29 12:00:00,23,16.066687,108.24606,metal,82
2025-01-29 12:00:00,24,16.075745,108.212543,metal,74
2025-01-29 12:00:00,25,16.069915,108.229101,organic,86
2025-01-29 12:00:00,26,16.054459,108.233217,plastic,81
2025-01-29 12:00:00,27,16.073476,108.207721,paper,66
2025-01-29 12:00:00,28,16.062903,108.218438,organic,78
2025-01-29 12:00:00,29,16.053285,108.243371,metal,80
2025-01-29 12:00:00,30,16.063499,108.229964,organic,77
2025-01-29 12:00:00,31,16.066972,108.218299,plastic,75
2025-01-29 12:00:00,32,16.070944,108.231319,metal,66
2025-01-29 12:00:00,33,16.076459,108.233761,paper,85
2025-01-29 12:00:00,34,16.072907,108.246755,plastic,82
2025-01-29 12:00:00,35,16.045375,108.22192,metal,74
2025-01-29 12:00:00,36,16.060902,108.22837,paper,66
2025-01-29 12:00:00,37,16.07822,108.209445,organic,77
2025-01-29 12:00:00,38,16.047819,108.246602,metal,80
2025-01-29 12:00:00,39,16.078971,108.204843,paper,80
2025-01-29 12:00:00,40,16.056528,108.249324,plastic,69
2025-01-29 12:00:00,41,16.047893,108.202008,plastic,79
2025-01-29 12:00:00,42,16.077701,108.249977,metal,78
2025-01-29 12:00:00,43,16.051199,108.201983,paper,70
2025-01-29 12:00:00,44,16.068533,108.233936,metal,68
2025-01-29 12:00:00,45,16.045424,108.204301,metal,78
2025-01-29 12:00:00,46,16.054592,108.243394,paper,72
2025-01-29 12:00:00,47,16.063694,108.20329,organic,68
2025-01-29 12:00:00,48,16.077311,108.241461,plastic,67
2025-01-29 12:00:00,49,16.062219,108.22665,paper,86
2025-01-29 18:00:00,0,16.049349,108.232447,paper,77
2025-01-29 18:00:00,1,16.051655,108.24612,paper,72
2025-01-29 18:00:00,2,16.07394,108.200535,plastic,75
2025-01-29 18:00:00,3,16.075408,108.210351,plastic,74
2025-01-29 18:00:00,4,16.052504,108.231602,metal,76
2025-01-29 18:00:00,5,16.060616,108.222433,organic,72
2025-01-29 18:00:00,6,16.051045,108.230157,organic,73
2025-01-29 18:00:00,7,16.061203,108.245478,paper,79
2025-01-29 18:00:00,8,16.060947,108.242048,organic,78
2025-01-29 18:00:00,9,16.076918,108.240417,metal,79
2025-01-29 18:00:00,10,16.050022,108.229231,paper,78
2025-01-29 18:00:00,11,16.072936,108.228415,plastic,77
2025-01-29 18:00:00,12,16.075616,108.243493,organic,75
2025-01-29 18:00:00,13,16.060528,108.241418,paper,88
2025-01-29 18:00:00,14,16.048051,108.222369,organic,86
2025-01-29 18:00:00,15,16.078301,108.209883,plastic,85
2025-01-29 18:00:00,16,16.073661,108.207305,metal,75
2025-01-29 18:00:00,17,16.061932,108.205372,organic,79
2025-01-29 18:00:00,18,16.049558,108.232641,metal,84
2025-01-29 18:00:00,19,16.040552,108.234367,metal,76
2025-01-29 18:00:00,20,16.040558,108.202618,metal,83
2025-01-29 18:00:00,21,16.040312,108.21319,metal,90
2025-01-29 18:00:00,22,16.053302,108.206434,plastic,85
2025-01-29 18:00:00,23,16.066687,108.24606,metal,90
2025-01-29 18:00:00,24,16.075745,108.212543,metal,81
2025-01-29 18:00:00,25,16.069915,108.229101,organic,73
2025-01-29 18:00:00,26,16.054459,108.233217,plastic,81
2025-01-29 18:00:00,27,16.073476,108.207721,paper,85
2025-01-29 18:00:00,28,16.062903,108.218438,organic,83
2025-01-29 18:00:00,29,16.053285,108.243371,metal,71
2025-01-29 18:00:00,30,16.063499,108.229964,organic,76
2025-01-29 18:00:00,31,16.066972,108.218299,plastic,72
2025-01-29 18:00:00,32,16.070944,108.231319,metal,89
2025-01-29 18:00:00,33,16.076459,108.233761,paper,81
2025-01-29 18:00:00,34,16.072907,108.246755,plastic,85
2025-01-29 18:00:00,35,16.045375,108.22192,metal,91
2025-01-29 18:00:00,36,16.060902,108.22837,paper,76
2025-01-29 18:00:00,37,16.07822,108.209445,organic,78
2025-01-29 18:00:00,38,16.047819,108.246602,metal,82
2025-01-29 18:00:00,39,16.078971,108.204843,paper,90
2025-01-29 18:00:00,40,16.056528,108.249324,plastic,74
2025-01-29 18:00:00,41,16.047893,108.202008,plastic,76
2025-01-29 18:00:00,42,16.077701,108.249977,metal,81
2025-01-29 18:00:00,43,16.051199,108.201983,paper,79
2025-01-29 18:00:00,44,16.068533,108.233936,metal,90
2025-01-29 18:00:00,45,16.045424,108.204301,metal,83
2025-01-29 18:00:00,46,16.054592,108.243394,paper,72
2025-01-29 18:00:00,47,16.063694,108.20329,organic,81
2025-01-29 18:00:00,48,16.077311,108.241461,plastic,79
2025-01-29 18:00:00,49,16.062219,108.22665,paper,88
2025-01-30 00:00:00,0,16.049349,108.232447,paper,65
2025-01-30 00:00:00,1,16.051655,108.24612,paper,68
2025-01-30 00:00:00,2,16.07394,108.200535,plastic,77
2025-01-30 00:00:00,3,16.075408,108.210351,plastic,74
2025-01-30 00:00:00,4,16.052504,108.231602,metal,61
2025-01-30 00:00:00,5,16.060616,108.222433,organic,63
2025-01-30 00:00:00,6,16.051045,108.230157,organic,60
2025-01-30 00:00:00,7,16.061203,108.245478,paper,62
2025-01-30 00:00:00,8,16.060947,108.242048,organic,67
2025-01-30 00:00:00,9,16.076918,108.240417,metal,77
2025-01-30 00:00:00,10,16.050022,108.229231,paper,66
2025-01-30 00:00:00,11,16.072936,108.228415,plastic,67
2025-01-30 00:00:00,12,16.075616,108.243493,organic,61
2025-01-30 00:00:00,13,16.060528,108.241418,paper,63
2025-01-30 00:00:00,14,16.048051,108.222369,organic,66
2025-01-30 00:00:00,15,16.078301,108.209883,plastic,63
2025-01-30 00:00:00,16,16.073661,108.207305,metal,65
2025-01-30 00:00:00,17,16.061932,108.205372,organic,66
2025-01-30 00:00:00,18,16.049558,108.232641,metal,65
2025-01-30 00:00:00,19,16.040552,108.234367,metal,61
2025-01-30 00:00:00,20,16.040558,108.202618,metal,63
2025-01-30 00:00:00,21,16.040312,108.21319,metal,62
2025-01-30 00:00:00,22,16.053302,108.206434,plastic,59
2025-01-30 00:00:00,23,16.066687,108.24606,metal,70
2025-01-30 00:00:00,24,16.075745,108.212543,metal,68
2025-01-30 00:00:00,25,16.069915,108.229101,organic,60
2025-01-30 00:00:00,26,16.054459,108.233217,plastic,78
2025-01-30 00:00:00,27,16.073476,108.207721,paper,69
2025-01-30 00:00:00,28,16.062903,108.218438,organic,74
2025-01-30 00:00:00,29,16.053285,108.243371,metal,69
2025-01-30 00:00:00,30,16.063499,108.229964,organic,73
2025-01-30 00:00:00,31,16.066972,108.218299,plastic,70
2025-01-30 00:00:00,32,16.070944,108.231319,metal,59
2025-01-30 00:00:00,33,16.076459,108.233761,paper,76
2025-01-30 00:00:00,34,16.072907,108.246755,plastic,73
2025-01-30 00:00:00,35,16.045375,108.22192,metal,78
2025-01-30 00:00:00,36,16.060902,108.22837,paper,67
2025-01-30 00:00:00,37,16.07822,108.209445,organic,63
2025-01-30 00:00:00,38,16.047819,108.246602,metal,70
2025-01-30 00:00:00,39,16.078971,108.204843,paper,72
2025-01-30 00:00:00,40,16.056528,108.249324,plastic,68
2025-01-30 00:00:00,41,16.047893,108.202008,plastic,66
2025-01-30 00:00:00,42,16.077701,108.249977,metal,74
2025-01-30 00:00:00,43,16.051199,108.201983,paper,73
2025-01-30 00:00:00,44,16.068533,108.233936,metal,59
2025-01-30 00:00:00,45,16.045424,108.204301,metal,75
2025-01-30 00:00:00,46,16.054592,108.243394,paper,67
2025-01-30 00:00:00,47,16.063694,108.20329,organic,72
2025-01-30 00:00:00,48,16.077311,108.241461,plastic,70
2025-01-30 00:00:00,49,16.062219,108.22665,paper,71
2025-01-30 06:00:00,0,16.049349,108.232447,paper,78
2025-01-30 06:00:00,1,16.051655,108.24612,paper,69
2025-01-30 06:00:00,2,16.07394,108.200535,plastic,71
2025-01-30 06:00:00,3,16.075408,108.210351,plastic,75
2025-01-30 06:00:00,4,16.052504,108.231602,metal,67
2025-01-30 06:00:00,5,16.060616,108.222433,organic,79
2025-01-30 06:00:00,6,16.051045,108.230157,organic,71
2025-01-30 06:00:00,7,16.061203,108.245478,paper,83
2025-01-30 06:00:00,8,16.060947,108.242048,organic,67
2025-01-30 06:00:00,9,16.076918,108.240417,metal,80
2025-01-30 06:00:00,10,16.050022,108.229231,paper,81
2025-01-30 06:00:00,11,16.072936,108.228415,plastic,80
2025-01-30 06:00:00,12,16.075616,108.243493,organic,67
2025-01-30 06:00:00,13,16.060528,108.241418,paper,76
2025-01-30 06:00:00,14,16.048051,108.222369,organic,77
2025-01-30 06:00:00,15,16.078301,108.209883,plastic,75
2025-01-30 06:00:00,16,16.073661,108.207305,metal,69
2025-01-30 06:00:00,17,16.061932,108.205372,organic,73
2025-01-30 06:00:00,18,16.049558,108.232641,metal,66
2025-01-30 06:00:00,19,16.040552,108.234367,metal,67
2025-01-30 06:00:00,20,16.040558,108.202618,metal,64
2025-01-30 06:00:00,21,16.040312,108.21319,metal,63
2025-01-30 06:00:00,22,16.053302,108.206434,plastic,80
2025-01-30 06:00:00,23,16.066687,108.24606,metal,77
2025-01-30 06:00:00,24,16.075745,108.212543,metal,70
2025-01-30 06:00:00,25,16.069915,108.229101,organic,78
2025-01-30 06:00:00,26,16.054459,108.233217,plastic,82
2025-01-30 06:00:00,27,16.073476,108.207721,paper,71
2025-01-30 06:00:00,28,16.062903,108.218438,organic,65
2025-01-30 06:00:00,29,16.053285,108.243371,metal,74
2025-01-30 06:00:00,30,16.063499,108.229964,organic,83
2025-01-30 06:00:00,31,16.066972,108.218299,plastic,82
2025-01-30 06:00:00,32,16.070944,108.231319,metal,65
2025-01-30 06:00:00,33,16.076459,108.233761,paper,74
2025-01-30 06:00:00,34,16.072907,108.246755,plastic,71
2025-01-30 06:00:00,35,16.045375,108.22192,metal,77
2025-01-30 06:00:00,36,16.060902,108.22837,paper,65
2025-01-30 06:00:00,37,16.07822,108.209445,organic,66
2025-01-30 06:00:00,38,16.047819,108.246602,metal,66
2025-01-30 06:00:00,39,16.078971,108.204843,paper,80
2025-01-30 06:00:00,40,16.056528,108.249324,plastic,81
2025-01-30 06:00:00,41,16.047893,108.202008,plastic,70
2025-01-30 06:00:00,42,16.077701,108.249977,metal,64
2025-01-30 06:00:00,43,16.051199,108.201983,paper,68
2025-01-30 06:00:00,44,16.068533,108.233936,metal,68
2025-01-30 06:00:00,45,16.045424,108.204301,metal,80
2025-01-30 06:00:00,46,16.054592,108.243394,paper,66
2025-01-30 06:00:00,47,16.063694,108.20329,organic,76
2025-01-30 06:00:00,48,16.077311,108.241461,plastic,75
2025-01-30 06:00:00,49,16.062219,108.22665,paper,77
2025-01-30 12:00:00,0,16.049349,108.232447,paper,74
2025-01-30 12:00:00,1,16.051655,108.24612,paper,70
2025-01-30 12:00:00,2,16.07394,108.200535,plastic,69
2025-01-30 12:00:00,3,16.075408,108.210351,plastic,86
2025-01-30 12:00:00,4,16.052504,108.231602,metal,72
2025-01-30 12:00:00,5,16.060616,108.222433,organic,78
2025-01-30 12:00:00,6,16.051045,108.230157,organic,74
2025-01-30 12:00:00,7,16.061203,108.245478,paper,70
2025-01-30 12:00:00,8,16.060947,108.242048,organic,79
2025-01-30 12:00:00,9,16.076918,108.240417,metal,68
2025-01-30 12:00:00,10,16.050022,108.229231,paper,71
2025-01-30 12:00:00,11,16.072936,108.228415,plastic,87
2025-01-30 12:00:00,12,16.075616,108.243493,organic,68
2025-01-30 12:00:00,13,16.060528,108.241418,paper,74
2025-01-30 12:00:00,14,16.048051,108.222369,organic,68
2025-01-30 12:00:00,15,16.078301,108.209883,plastic,76
2025-01-30 12:00:00,16,16.073661,108.207305,metal,84
2025-01-30 12:00:00,17,16.061932,108.205372,organic,79
2025-01-30 12:00:00,18,16.049558,108.232641,metal,81
2025-01-30 12:00:00,19,16.040552,108.234367,metal,83
2025-01-30 12:00:00,20,16.040558,108.202618,metal,83
2025-01-30 12:00:00,21,16.040312,108.21319,metal,70
2025-01-30 12:00:00,22,16.053302,108.206434,plastic,77
2025-01-30 12:00:00,23,16.066687,108.24606,metal,82
2025-01-30 12:00:00,24,16.075745,108.212543,metal,81
2025-01-30 12:00:00,25,16.069915,108.229101,organic,81
2025-01-30 12:00:00,26,16.054459,108.233217,plastic,81
2025-01-30 12:00:00,27,16.073476,108.207721,paper,69
2025-01-30 12:00:00,28,16.062903,108.218438,organic,87
2025-01-30 12:00:00,29,16.053285,108.243371,metal,87
2025-01-30 12:00:00,30,16.063499,108.229964,organic,73
2025-01-30 12:00:00,31,16.066972,108.218299,plastic,84
2025-01-30 12:00:00,32,16.070944,108.231319,metal,83
2025-01-30 12:00:00,33,16.076459,108.233761,paper,81
2025-01-30 12:00:00,34,16.072907,108.246755,plastic,72
2025-01-30 12:00:00,35,16.045375,108.22192,metal,86
2025-01-30 12:00:00,36,16.060902,108.22837,paper,77
2025-01-30 12:00:00,37,16.07822,108.209445,organic,69
2025-01-30 12:00:00,38,16.047819,108.246602,metal,85
2025-01-30 12:00:00,39,16.078971,108.204843,paper,76
2025-01-30 12:00:00,40,16.056528,108.249324,plastic,76
2025-01-30 12:00:00,41,16.047893,108.202008,plastic,77
2025-01-30 12:00:00,42,16.077701,108.249977,metal,73
2025-01-30 12:00:00,43,16.051199,108.201983,paper,81
2025-01-30 12:00:00,44,16.068533,108.233936,metal,70
2025-01-30 12:00:00,45,16.045424,108.204301,metal,83
2025-01-30 12:00:00,46,16.054592,108.243394,paper,73
2025-01-30 12:00:00,47,16.063694,108.20329,organic,81
2025-01-30 12:00:00,48,16.077311,108.241461,plastic,86
2025-01-30 12:00:00,49,16.062219,108.22665,paper,73
2025-01-30 18:00:00,0,16.049349,108.232447,paper,87
2025-01-30 18:00:00,1,16.051655,108.24612,paper,90
2025-01-30 18:00:00,2,16.07394,108.200535,plastic,92
2025-01-30 18:00:00,3,16.075408,108.210351,plastic,77
2025-01-30 18:00:00,4,16.052504,108.231602,metal,78
2025-01-30 18:00:00,5,16.060616,108.222433,organic,82
2025-01-30 18:00:00,6,16.051045,108.230157,organic,91
2025-01-30 18:00:00,7,16.061203,108.245478,paper,92
2025-01-30 18:00:00,8,16.060947,108.242048,organic,76
2025-01-30 18:00:00,9,16.076918,108.240417,metal,89
2025-01-30 18:00:00,10,16.050022,108.229231,paper,80
2025-01-30 18:00:00,11,16.072936,108.228415,plastic,90
2025-01-30 18:00:00,12,16.075616,108.243493,organic,92
2025-01-30 18:00:00,13,16.060528,108.241418,paper,83
2025-01-30 18:00:00,14,16.048051,108.222369,organic,80
2025-01-30 18:00:00,15,16.078301,108.209883,plastic,74
2025-01-30 18:00:00,16,16.073661,108.207305,metal,76
2025-01-30 18:00:00,17,16.061932,108.205372,organic,77
2025-01-30 18:00:00,18,16.049558,108.232641,metal,85
2025-01-30 18:00:00,19,16.040552,108.234367,metal,75
2025-01-30 18:00:00,20,16.040558,108.202618,metal,90
2025-01-30 18:00:00,21,16.040312,108.21319,metal,88
2025-01-30 18:00:00,22,16.053302,108.206434,plastic,91
2025-01-30 18:00:00,23,16.066687,108.24606,metal,75
2025-01-30 18:00:00,24,16.075745,108.212543,metal,84
2025-01-30 18:00:00,25,16.069915,108.229101,organic,89
2025-01-30 18:00:00,26,16.054459,108.233217,plastic,84
2025-01-30 18:00:00,27,16.073476,108.207721,paper,81
2025-01-30 18:00:00,28,16.062903,108.218438,organic,85
2025-01-30 18:00:00,29,16.053285,108.243371,metal,84
2025-01-30 18:00:00,30,16.063499,108.229964,organic,92
2025-01-30 18:00:00,31,16.066972,108.218299,plastic,88
2025-01-30 18:00:00,32,16.070944,108.231319,metal,73
2025-01-30 18:00:00,33,16.076459,108.233761,paper,84
2025-01-30 18:00:00,34,16.072907,108.246755,plastic,79
2025-01-30 18:00:00,35,16.045375,108.22192,metal,81
2025-01-30 18:00:00,36,16.060902,108.22837,paper,77
2025-01-30 18:00:00,37,16.07822,108.209445,organic,85
2025-01-30 18:00:00,38,16.047819,108.246602,metal,82
2025-01-30 18:00:00,39,16.078971,108.204843,paper,93
2025-01-30 18:00:00,40,16.056528,108.249324,plastic,79
2025-01-30 18:00:00,41,16.047893,108.202008,plastic,85
2025-01-30 18:00:00,42,16.077701,108.249977,metal,82
2025-01-30 18:00:00,43,16.051199,108.201983,paper,86
2025-01-30 18:00:00,44,16.068533,108.233936,metal,77
2025-01-30 18:00:00,45,16.045424,108.204301,metal,77
2025-01-30 18:00:00,46,16.054592,108.243394,paper,87
2025-01-30 18:00:00,47,16.063694,108.20329,organic,87
2025-01-30 18:00:00,48,16.077311,108.241461,plastic,89
2025-01-30 18:00:00,49,16.062219,108.22665,paper,82
